Rank,2025-05-06 After Poules,2025-05-06 After DEs,2025-05-13 After Poules,2025-05-13 After DEs,2025-05-20 After Poules,2025-05-20 After DEs,2025-05-27 After Poules,2025-05-27 After DEs,2025-06-03 After Poules,2025-06-03 After DEs,2025-06-10 After Poules,2025-06-10 After DEs,2025-06-17 After Poules,2025-06-17 After DEs,2025-06-24 After Poules,2025-06-24 After DEs,2025-07-01 After Poules,2025-07-01 After DEs,2025-07-08 After Poules,2025-07-08 After DEs,2025-07-15 After Poules,2025-07-15 After DEs,2025-09-01 After Poules,2025-09-01 After DEs,2025-09-09 After Poules,2025-09-09 After DEs,2025-09-16 After Poules,2025-09-16 After DEs,2025-09-23 After Poules,2025-09-23 After DEs,2025-09-30 After Poules,2025-09-30 After DEs,2025-10-07 After Poules,2025-10-07 After DEs,2025-10-14 After Poules,2025-10-14 After DEs,2025-10-21 After Poules,2025-10-21 After DEs,2025-10-28 After Poules,2025-10-28 After DEs,2025-11-04 After Poules,2025-11-04 After DEs,2025-11-10 After Poules,2025-11-10 After DEs,2025-11-18 After Poules,2025-11-18 After DEs,2025-11-25 After Poules,2025-11-25 After DEs,2025-12-02 After Poules,2025-12-02 After DEs,2025-12-09 After Poules,2025-12-09 After DEs,2025-12-16 After Poules,2025-12-16 After DEs,2026-01-06 After Poules,2026-01-06 After DEs,2026-01-13 After Poules,2026-01-13 After DEs,2026-01-20 After Poules,2026-01-20 After DEs,2026-01-27 After Poules,2026-01-27 After DEs,2026-02-03 After Poules,2026-02-03 After DEs,2026-02-10 After Poules,2026-02-10 After DEs,2026-02-17 After Poules,2026-02-17 After DEs,2026-02-24 After Poules,2026-02-24 After DEs,2026-03-03 After Poules,2026-03-03 After DEs,2026-03-10 After Poules,2026-03-10 After DEs,2026-03-17 After Poules,2026-03-17 After DEs,2026-03-24 After Poules,2026-03-24 After DEs,2026-04-14 After Poules,2026-04-14 After DEs,2026-04-21 After Poules,2026-04-21 After DEs,2026-04-28 After Poules,2026-04-28 After DEs,2026-05-05 After Poules,2026-05-05 After DEs
1,Darran (1874.2),Eric L (2106.9) (+257.2),Eric L (2028.6) (-78.3),Greg (2138.6) (+167.4),Greg (2108.7) (-29.8),Rudi (2127.5) (+276.6),Rudi (2127.5),Rudi (2127.5),Rudi (2085.4) (-42.0),Alejo (2085.1) (+170.1),Rudi (2061.4),Greg (2118.6) (+155.1),Greg (2082.9) (-35.7),Greg (2209.5) (+126.6),Greg (2166.2) (-43.3),Greg (2235.7) (+69.5),Greg (2191.2) (-44.4),Greg (2258.4) (+67.2),Greg (2205.7) (-52.7),Greg (2270.7) (+64.9),Greg (2220.2) (-50.5),Greg (2174.3) (-45.9),Greg (2142.2) (-32.1),Greg (2210.2) (+68.0),Greg (2140.2) (-70.0),Alex A (2112.7),Greg (2092.9) (-5.7),Greg (2181.8) (+88.9),Greg (2154.5) (-27.3),Greg (2127.9) (-26.6),Alejo (2099.1) (+3.3),Garen (2149.9) (+200.9),Garen (2147.1) (-2.8),Garen (2255.8) (+108.8),Garen (2255.8),Garen (2255.8),Garen (2255.8),Garen (2255.8),Garen (2255.8),Garen (2255.8),Garen (2255.8),Garen (2255.8),Garen (2255.8),Garen (2255.8),Garen (2202.7) (-53.1),Fassel (2112.4),Roeland (2106.3),Greg (2152.1) (+152.0),Greg (2119.6) (-32.5),Greg (2223.1) (+103.5),Greg (2183.0) (-40.1),Greg (2277.1) (+94.1),Greg (2277.1),Greg (2277.1),Greg (2273.3) (-3.8),Greg (2335.9) (+62.6),Greg (2272.6) (-63.2),Greg (2229.5) (-43.1),Greg (2202.8) (-26.7),Greg (2180.6) (-22.2),Sameer (2172.5),Sameer (2172.5),Sameer (2172.5),Sameer (2172.5),Sameer (2172.5),Eric L (2227.2) (+127.2),Eric L (2188.0) (-39.2),Sameer (2172.5),Sameer (2172.5),Sameer (2172.5),Willie (2162.0),Willie (2162.0),Willie (2156.3) (-5.7),Alex Y (2191.3) (+130.0),Alex Y (2191.3),Alex Y (2191.3),Alex Y (2191.3),Alex Y (2191.3),Alex Y (2145.1) (-46.2),Greg (2219.3) (+115.8),Greg (2186.3) (-33.0),Greg (2297.1) (+110.8),Greg (2257.2) (-39.9),Greg (2346.5) (+89.3),Greg (2316.4) (-30.1),Greg (2390.0) (+73.7)
2,Shevy (1872.9),Greg (1920.8) (+52.6),Greg (1971.1) (+50.4),Truuvy (1950.2) (+43.7),Eric L (1897.6) (+20.2),Greg (2071.2) (-37.6),Greg (2066.9) (-4.3),Greg (2051.5) (-15.4),Greg (2039.8) (-11.7),Rudi (2061.4) (-24.0),Alejo (2057.3) (-27.9),Rudi (2061.4),Rudi (2061.4),Rudi (2061.4),Rudi (2061.4),Rudi (2061.4),Rudi (2061.4),Rudi (2061.4),Rudi (2061.4),Rudi (2061.4),Rudi (2061.4),Alex A (2112.7) (+159.1),Alex A (2112.7),Alex A (2112.7),Alex A (2112.7),Greg (2098.6) (-41.6),Sameer (2086.3),Sameer (2086.3),Sameer (2086.3),Alejo (2095.8) (+168.4),Sameer (2096.1) (+9.7),Greg (2089.4) (-3.4),Sameer (2067.1),Sameer (2067.1),Sameer (2067.1),Charlie (2090.9) (+177.5),Charlie (2086.7) (-4.2),Willie (2104.9) (+192.9),Willie (2094.9) (-10.0),Fassel (2082.6) (+241.7),Fassel (2092.4) (+9.8),Greg (2159.2) (+172.2),Greg (2159.2),Greg (2159.2),Fassel (2112.4),Roeland (2106.3) (+157.0),Fassel (2053.3) (-59.0),Roeland (2106.3),Roeland (2106.3),Roeland (2106.3),Roeland (2077.6) (-28.7),Garen (2047.3),Garen (2047.3),Willie (2159.5) (+167.2),Willie (2054.1) (-105.4),Willie (2108.0) (+53.9),Willie (2060.1) (-48.0),Sameer (2172.5) (+246.8),Sameer (2172.5),Sameer (2172.5),Greg (2167.4) (-13.2),Willie (2166.7),Greg (2149.1),Greg (2149.1),Greg (2155.7) (+6.6),Sameer (2172.5),Sameer (2172.5),Eric L (2159.5) (-28.5),Eric L (2159.5),Willie (2162.0) (+133.1),Eric L (2159.5),Eric L (2159.5),Eric L (2118.9) (-40.7),Willie (2156.3),Willie (2156.3),Willie (2156.3),Greg (2140.0) (-4.6),Fassel (2137.8) (+138.0),Fassel (2129.8) (-8.0),Fassel (2116.2) (-13.6),Fassel (2116.2),Fassel (2116.2),Eric L (2088.6) (-8.6),Eric L (2087.3) (-1.3),Willie (2064.7) (-15.3),Tom T (2097.1) (+52.8)
3,Greg (1868.1),Tom (1910.2) (+65.2),Truuvy (1906.5) (+69.3),Vadym (1892.0) (+75.4),Vadym (1892.0),Shevy (1912.4) (+98.2),Alejo (1918.4) (+8.1),Truuvy (2034.8) (+176.8),Truuvy (2017.1) (-17.7),Truuvy (2030.1) (+13.0),Truuvy (2030.1),Truuvy (2030.1),Truuvy (1987.5) (-42.6),Alejo (2018.0) (+36.8),Alejo (2002.5) (-15.5),Vincent (1999.6) (+37.6),Vincent (1999.6),Vincent (1999.6),Vincent (1999.6),Vincent (1999.6),Vincent (1999.6),Rudi (2061.4),Rudi (2048.5) (-12.9),Rudi (2048.5),Rudi (2036.6) (-11.9),Sameer (2086.3) (+185.6),Rudi (2025.7) (-10.9),Rudi (2025.7),Rudi (2015.7) (-10.1),Sameer (2086.3),Greg (2092.8) (-35.1),Sameer (2067.1) (-28.9),Alejo (2064.2),Alejo (2064.2),Alejo (2064.2),Sameer (2067.1),Sameer (2067.1),Sameer (2067.1),Sameer (2067.1),Sameer (2067.1),Sameer (2067.1),Fassel (2075.0) (-17.3),Fassel (2070.1) (-5.0),Fassel (2112.4) (+42.3),Greg (2090.4) (-68.8),Sameer (2053.8),Garen (2047.3),Fassel (2066.5) (+13.2),Garen (2047.3),Garen (2047.3),Garen (2047.3),Roeland (2046.1) (-31.5),Roeland (2046.1),Garen (2047.3),Garen (2047.3),Garen (2047.3),Garen (2047.3),Garen (2047.3),Roeland (2046.1),Willie (2166.7) (+175.8),Willie (2166.7),Charlie (2159.4) (+137.2),Charlie (2145.1) (-14.3),Willie (2123.8) (-5.0),Eric L (2100.0) (-23.8),Greg (2153.8) (-1.8),Greg (2153.8),Greg (2153.8),Greg (2153.8),Eric L (2159.5),Sameer (2150.7) (-21.8),Sameer (2150.7),Alejo (2102.5) (-6.6),Eric L (2118.9),Eric L (2118.9),Greg (2144.6) (+85.4),Alejo (2086.3),Greg (2119.0) (-21.0),Greg (2103.5) (-15.5),Eric L (2073.8),Eric L (2088.8) (+15.0),Eric L (2097.3) (+8.4),Fassel (2082.4) (-33.7),Willie (2080.0) (+95.4),Eric L (2051.5) (-35.8),Fassel (2094.6) (+72.7)
4,Steph (1855.7),Pierre (1881.8) (+81.4),Pierre (1881.8),Pierre (1881.8),Pierre (1890.1) (+8.3),Alejo (1910.2) (+68.7),Shevy (1912.4),Clemens (1949.5) (+46.6),Clemens (1949.5),Greg (2024.4) (-15.4),Greg (1963.5) (-60.9),Alejo (2013.2) (-44.1),Alejo (1981.2) (-32.0),Truuvy (1943.4) (-44.2),Vincent (1961.9) (+18.6),Alejo (1989.8) (-12.7),Alejo (1946.1) (-43.7),Sammy (1954.8) (+49.0),Truuvy (1943.4),Charlie (1957.5) (+74.4),Charlie (1957.5),Vincent (1999.6),Vincent (1977.7) (-21.8),Vivian (1960.4) (+58.0),Charlie (1957.5),Rudi (2036.6),Alex A (2025.1) (-87.6),Sammy (2002.3) (+79.2),Sammy (2002.3),Rudi (2015.7),Rudi (2006.4) (-9.3),Alejo (2064.2) (-34.9),Greg (2037.7) (-51.7),Greg (2037.4) (-0.4),Greg (2036.2) (-1.2),Alejo (2064.2),Alejo (2064.2),Alejo (2064.2),Alejo (2064.2),Alejo (2064.2),Alejo (2037.6) (-26.6),Sameer (2067.1),Sameer (2067.1),Sameer (2067.1),Sameer (2053.8) (-13.4),Garen (2047.3) (-155.4),Sameer (2036.1) (-17.7),Garen (2047.3),Fassel (2022.7) (-43.8),Eric L (2031.4) (+54.1),Eric L (2031.4),Eric L (2031.4),Eric L (2025.3) (-6.1),Roeland (2046.1),Roeland (2046.1),Roeland (2046.1),Roeland (2046.1),Roeland (2046.1),Charlie (2042.7) (+22.3),Sammy (2066.6) (+70.3),Sammy (2066.6),Greg (2149.1) (-18.3),Willie (2128.8) (-37.8),Eric L (2123.8) (+140.5),Willie (2067.8) (-56.0),Sammy (2081.0) (+31.6),Willie (2071.2),Alejo (2131.5) (+195.5),Alejo (2119.2) (-12.3),Greg (2153.8),Alejo (2109.1),Alex Y (2118.3) (+141.9),Sameer (2100.7) (-50.0),Alejo (2114.4) (+11.9),Alejo (2089.4) (-25.0),Eric L (2118.9),Eric L (2073.6) (-45.3),Alejo (2086.3),Eric L (2073.8),Alex Y (2072.5) (-72.6),Sammy (2039.7) (-12.1),Alex Y (2059.3) (+49.8),Sammy (2028.5) (-11.2),Tom T (2054.2) (+38.0),Tom T (2044.3) (-10.0),Willie (2041.7) (-23.1)
5,Charlie (1855.4),Sammy (1877.4) (+95.9),Tom (1879.2) (-30.9),Sammy (1877.4),Alex Y (1886.2) (+85.3),Eric L (1897.6),Vadym (1910.8) (+18.8),Alejo (1912.7) (-5.7),Alejo (1915.1) (+2.3),Clemens (1949.5),Clemens (1949.5),Clemens (1949.5),Clemens (1955.9) (+6.4),Vincent (1943.4) (+62.8),Truuvy (1943.4),Truuvy (1943.4),Truuvy (1943.4),Truuvy (1943.4),Alex A (1936.4),Truuvy (1943.4),Alex A (1953.6) (+17.2),Charlie (1957.5),Charlie (1957.5),Charlie (1957.5),Vivian (1951.5) (-8.9),Vivian (1984.1) (+32.6),Eric L (1989.6) (+33.9),Alex A (1990.7) (-34.4),Alex A (1990.7),Sammy (2002.3),Sammy (2002.3),Rudi (2006.4),Rudi (1997.9) (-8.5),Sammy (2036.7) (+63.1),Alex A (1990.7),Alex A (1990.7),Rudi (1982.9) (-7.2),Rudi (1982.9),Charlie (1987.4) (+5.8),Willie (2011.1) (-83.8),Charlie (2006.1) (+4.1),Alejo (2058.9) (+21.3),Alejo (2035.5) (-23.4),Alejo (2025.8) (-9.7),Alejo (1982.2) (-43.6),Greg (2019.4) (-71.0),Greg (2000.1) (-19.3),Sammy (2010.2) (+49.3),Sammy (2010.2),Sammy (2010.2),Sammy (2010.2),Tom T (2020.7) (+92.8),Sammy (2010.2),Fassel (2032.5) (+29.4),Fassel (2025.0) (-7.5),Sammy (2010.2),Eric L (2028.5) (+24.6),Charlie (2020.4) (+45.5),Garen (2035.5) (-11.8),Roeland (2046.1),Roeland (2046.1),Sammy (2066.6),Sammy (2066.6),Charlie (2077.1) (-68.0),Sammy (2049.4) (-17.2),Willie (2071.2) (+3.4),Sammy (2048.3) (-32.7),Willie (2071.2),Sammy (2051.9),Alejo (2109.1) (-10.1),Greg (2108.4) (-45.5),Alejo (2109.1),Greg (2073.1) (-17.0),Greg (2066.3) (-6.9),Greg (2059.3) (-7.0),Alejo (2086.3) (-3.1),Willie (2061.7) (-94.6),Eric L (2073.8) (+0.2),Alejo (2068.0) (-18.4),Sammy (2051.9),Charlie (2030.5) (+32.8),Sammy (2039.7),Alex Y (2022.2) (-37.1),Sammy (2028.5),Alex Y (2023.0),Alex Y (2023.0)
6,Eric L (1849.7),Shevy (1872.9),Sammy (1877.4),Eric L (1877.4) (-151.2),Sammy (1877.4),Vadym (1892.0),Clemens (1902.8) (+53.5),Shevy (1912.4),Shevy (1912.4),Shevy (1912.4),Eric L (1928.3) (+36.0),Alex A (1936.4) (+68.1),Alex A (1936.4),Alex A (1936.4),Alex A (1936.4),Alex A (1936.4),Alex A (1936.4),Alex A (1936.4),Sammy (1932.9) (-21.9),Alex A (1936.4),Truuvy (1943.4),Truuvy (1943.4),Eric L (1949.7) (+72.1),Vincent (1946.2) (-31.5),Vincent (1946.6) (+0.3),Charlie (1957.5),Charlie (1980.8) (+23.2),Alejo (1981.5) (+45.1),Charlie (1962.3) (+18.1),Alex A (1990.7),Alex A (1990.7),Sammy (2002.3),Alex A (1990.7),Rudi (1997.9),Rudi (1990.1) (-7.8),Rudi (1990.1),Greg (1982.8) (+10.6),Charlie (1981.5) (-105.1),Roeland (1980.4),Charlie (2002.1) (+14.7),Greg (1987.0) (+28.6),Roeland (1980.4),Roeland (1984.7) (+4.2),Roeland (1981.1) (-3.6),Sammy (1978.8),Sammy (1978.8),Eric L (1998.2) (+38.1),Eric L (1980.6) (-17.6),Eric L (1977.3) (-3.3),Fassel (2005.0) (-17.8),Alejo (1975.5),Fassel (2014.7) (+43.8),Fassel (2003.1) (-11.6),Sammy (2010.2),Sammy (2010.2),Eric L (2003.9) (+3.4),Sammy (2010.2),Sammy (2010.2),Eric L (2009.0),Garen (2035.5),Garen (2024.7) (-10.8),Roeland (2046.1),Roeland (2046.1),Sammy (2066.6),Charlie (2043.9) (-33.2),Roeland (2034.4),Charlie (2030.4) (+25.2),Sammy (2051.9) (+3.6),Willie (2028.9) (-42.4),Sammy (2051.9),Sammy (2051.9),Greg (2090.1) (-18.3),Alex Y (2061.3) (-57.0),Sammy (2051.9),Sammy (2051.9),Sammy (2051.9),Sammy (2051.9),Sammy (2051.9),Sammy (2051.9),Vivian (2033.4) (+71.3),Oleg (2021.7),Oleg (2021.7),Tom T (2016.2) (+66.0),Alex Y (2023.0) (+0.8),Fassel (2021.8) (+5.2),Sammy (2018.2)
7,Tom (1844.9),Darran (1867.0) (-7.3),Alejo (1870.5) (+61.8),Darran (1867.0),Darran (1867.0),Pierre (1885.3) (-4.7),Eric L (1892.3) (-5.3),Eric L (1892.3),Eric L (1892.3),Eric L (1892.3),Shevy (1912.4),Shevy (1912.4),Shevy (1921.4) (+8.9),Alex Y (1926.1) (+38.8),Alex Y (1926.1),Alex Y (1926.1),Alex Y (1926.1),Alex Y (1926.1),Alex Y (1930.2) (+4.2),Vivian (1927.0) (+38.9),Vivian (1927.0),Vivian (1927.0),Truuvy (1943.4),Truuvy (1943.4),Truuvy (1943.4),Eric L (1955.6) (+22.4),Vivian (1953.0) (-31.1),Vivian (1948.2) (-4.7),Eric L (1950.9) (+42.1),Vincent (1958.3) (+32.5),Vincent (1954.8) (-3.6),Alex A (1990.7),Sammy (1973.7) (-28.6),Alex A (1990.7),Sammy (1973.0) (-63.7),Sammy (1978.8) (+5.8),Sammy (1978.8),Roeland (1980.4) (+53.6),Eric L (1979.7),Roeland (1980.4),Roeland (1980.4),Charlie (1979.4) (-26.7),Charlie (1983.0) (+3.6),Sammy (1978.8),Charlie (1961.1) (+25.4),Eric L (1960.0),Sammy (1960.9) (-17.9),Tom (1975.1) (+59.4),Tom T (1976.0) (+70.5),Alejo (1975.5) (+50.4),Tom (1975.1),Sammy (2010.2),Willie (1992.3) (-11.9),Eric L (1980.2) (-45.1),Eric L (2000.5) (+20.3),Tom (1975.1),Tom (1975.1),Eric L (2009.0) (-19.5),Fassel (2003.9) (-0.1),Charlie (2015.5) (-27.2),Charlie (2022.2) (+6.7),Garen (2024.7),Garen (2014.7) (-10.0),Roeland (2046.1),Roeland (2034.4) (-11.7),Fassel (2009.6) (-11.9),Roeland (2023.6) (-10.8),Roeland (2023.6),Roeland (2013.7) (-9.9),Roeland (2013.7),Fassel (2009.6),Sammy (2051.9),Sammy (2051.9),Sameer (2032.4) (-68.3),Sameer (2032.4),Sameer (2032.4),Sameer (2032.4),Sameer (2032.4),Oleg (2021.7),Oleg (2021.7),Vivian (2017.6) (-15.8),Willie (2003.7) (+24.9),Sameer (1998.7),Fassel (2016.6) (-65.8),Sammy (2018.2) (-10.3),Sameer (1998.7)
8,Truuvy (1828.0),Truuvy (1837.2) (+9.3),Darran (1867.0),Vincent (1847.6) (+51.2),Truuvy (1853.9) (-96.3),Tom (1880.9) (+67.0),Pierre (1885.3),Pierre (1885.3),Pierre (1885.3),Pierre (1885.3),Pierre (1885.3),Vivian (1895.5) (+41.0),John H (1892.2),Shevy (1921.4),Shevy (1921.4),Shevy (1921.4),Shevy (1921.4),Shevy (1921.4),Shevy (1921.4),Sammy (1926.8) (-6.1),Sammy (1926.8),Sammy (1926.8),Sammy (1926.8),Sammy (1926.8),Alejo (1937.3) (+18.7),Truuvy (1943.4),Truuvy (1939.9) (-3.5),Charlie (1944.2) (-36.5),Truuvy (1936.7) (-3.2),Eric L (1950.9),Eric L (1950.9),Roeland (1964.6) (+76.5),Roeland (1964.6),Roeland (1964.6),Roeland (1964.6),Greg (1972.2) (-63.9),Alex A (1965.1) (-25.6),Eric L (1979.7) (+31.8),Sammy (1978.8),Eric L (1979.7),Willie (1980.0) (-31.1),Sammy (1978.8),Sammy (1978.8),Rudi (1964.5),Eric L (1960.0),Rudi (1959.4),Rudi (1954.6) (-4.7),Rudi (1954.6),Tom (1975.1),Tom (1975.1),Fassel (1970.9) (-34.1),Willie (2004.1) (+57.8),Alejo (1975.5),Alex A (1977.2) (+44.0),Alex A (1992.0) (+14.8),Vivian (1974.5) (+63.9),Charlie (1974.8) (+19.1),Willie (2006.1) (-54.0),Sammy (1996.3) (-13.9),Fassel (2014.5) (+10.6),Fassel (2014.5),Fassel (2014.5),Fassel (2014.5),Garen (2014.7),Fassel (2021.5) (+7.0),David Roig (2006.5) (+80.6),Fassel (2009.6),Fassel (2009.6),Fassel (2009.6),Fassel (2009.6),David Roig (2006.5),Fassel (2009.6),Fassel (2009.6),Oleg (2021.9) (+99.9),Oleg (2021.9),Oleg (2021.9),Oleg (2021.7) (-0.2),Oleg (2021.7),David Roig (1998.0) (-8.5),Willie (1998.5) (+21.3),Sameer (2009.7) (+31.5),Sameer (1998.7) (-11.0),Alejo (1989.1),Sameer (1998.7),Sameer (1998.7),Charlie (1982.3)
9,Alejo (1823.2),Roeland (1830.8) (+29.0),Shevy (1845.5) (-27.5),Alejo (1846.5) (-24.0),Rudi (1850.9),Sammy (1877.4),Sammy (1877.4),Sammy (1877.4),Vadym (1880.3) (+14.3),Sammy (1877.4),Sammy (1877.4),John H (1892.2) (+79.7),Vivian (1891.4) (-4.0),Clemens (1911.5) (-44.4),Clemens (1911.5),Clemens (1911.5),Clemens (1911.5),Vivian (1919.2) (+36.9),Will P (1913.2),Shevy (1921.4),Shevy (1921.4),Shevy (1921.4),Shevy (1921.4),Shevy (1921.4),Eric L (1933.2) (+26.0),Sammy (1926.8),Alejo (1936.4) (+15.7),Truuvy (1939.9),Vivian (1932.0) (-16.2),Charlie (1940.9) (-21.4),Garen (1949.0) (+31.7),Eric L (1950.9),Charlie (1960.1) (+19.2),Truuvy (1931.1),Truuvy (1928.6) (-2.5),Roeland (1964.6),Eric L (1947.9) (+27.5),Sammy (1978.8),Rudi (1976.2) (-6.6),Sammy (1978.8),Sammy (1978.8),Rudi (1970.1),Rudi (1964.5) (-5.6),Eric L (1960.0),Rudi (1959.4) (-5.2),Alex A (1949.1),Charlie (1952.5) (+40.8),Sameer (1950.3) (-85.8),Sameer (1950.3),Sameer (1950.3),Sameer (1950.3),Alejo (1975.5),Tom (1975.1),Alejo (1975.5),Alejo (1976.2) (+0.7),Vincent (1974.1),Vincent (1974.1),Fassel (2004.0) (+39.7),Willie (1990.8) (-15.2),Eric L (2009.0),Eric L (1987.8) (-21.2),Tom T (1971.2) (+28.1),Eric L (1983.3) (+60.8),Fassel (2014.5),Garen (2005.5) (-9.2),Garen (2005.5),David Roig (2006.5),David Roig (2006.5),David Roig (2006.5),David Roig (2006.5),Roeland (2004.6) (-9.1),David Roig (2006.5),David Roig (2006.5),Fassel (2009.6),Fassel (2009.6),Fassel (2009.6),David Roig (2006.5),Willie (2017.3) (-44.4),Charlie (1997.7),David Roig (1998.0),Alex Y (2009.5) (-63.0),David Roig (1990.2),Willie (1984.7) (-19.1),Alejo (1989.1),Darran (1982.9) (+45.0),David Roig (1976.3)
10,Vadym (1817.0),Alejo (1808.6) (-14.5),Roeland (1830.8),Giles (1832.3) (+26.0),Vincent (1847.6),Darran (1867.0),Darran (1867.0),Darran (1867.0),Sammy (1877.4),Darran (1867.0),Alex A (1868.2),Pierre (1885.3),Alex Y (1887.3) (+42.2),John H (1892.2),John H (1892.2),John H (1892.2),Sammy (1905.7) (+28.3),Will P (1913.2) (+85.3),Clemens (1911.5),Alejo (1914.8) (+39.6),Alejo (1914.8),Alejo (1914.8),Clemens (1911.5),Alejo (1918.6) (+9.4),Sammy (1926.8),Alejo (1920.6) (-16.6),Sammy (1923.1) (-3.7),Vincent (1936.0) (+38.1),Alejo (1927.5) (-54.0),Truuvy (1936.7),Charlie (1940.9),Charlie (1940.9),Eric L (1946.0) (-4.9),Eric L (1920.4) (-25.6),Tom (1926.7) (+17.9),Truuvy (1928.6),Roeland (1926.8) (-37.8),Alex A (1946.9) (-18.3),Greg (1949.7) (+10.0),Rudi (1976.2),Rudi (1970.1) (-6.1),Eric L (1960.0),Eric L (1960.0),Alex A (1949.1),Roeland (1949.2) (-31.8),Vivian (1945.8) (+74.2),Alex A (1949.1),Alex A (1949.1),Rudi (1950.2) (-4.4),Rudi (1950.2),Alex A (1949.1),Tom (1975.1),Tom T (1961.0) (-59.7),Tom (1975.1),Tom (1975.1),Fassel (1961.1) (-63.9),Fassel (1964.3) (+3.1),Tom (1975.1),Vincent (1975.7) (+1.5),Tom (1975.1),Tom (1969.1) (-6.0),Tom (1969.1),Tom T (1966.3) (-4.8),Tom T (1972.3) (+6.0),Tom T (1972.3),Charlie (2005.2) (-38.7),Garen (1997.1) (-8.4),Charlie (1997.7) (-32.7),Charlie (1997.7),Charlie (1997.7),Charlie (1997.7),Roeland (2004.6),Charlie (1997.7),David Roig (2006.5),David Roig (2006.5),David Roig (2006.5),Fassel (1999.8) (-9.9),David Roig (2006.5),Darran (1989.5),Charlie (1997.7),David Roig (1990.2) (-7.8),Alejo (1989.1),David Roig (1983.0) (-7.2),David Roig (1983.0),Charlie (1982.3),Darran (1971.3) (-11.6)
11,Vincent (1804.1),Vivian (1801.8) (+12.1),Vadym (1816.6) (+49.8),Roeland (1830.8),Vivian (1844.7) (+43.0),Alex Y (1855.7) (-30.5),Truuvy (1858.0) (+13.2),Vadym (1866.0) (-44.8),Darran (1867.0),Vadym (1861.2) (-19.1),Darran (1867.0),Sammy (1877.4),Pierre (1885.3),Pierre (1885.3),Eric L (1891.0) (+21.2),Pierre (1885.3),Charlie (1896.5) (+33.4),Clemens (1911.5),John H (1892.2),Will P (1913.2),Clemens (1911.5),Clemens (1911.5),Alejo (1909.2) (-5.6),Clemens (1911.5),Clemens (1911.5),Garen (1917.4) (+59.2),Garen (1917.4),Garen (1917.4),Vincent (1925.8) (-10.2),Garen (1917.4),Truuvy (1933.8) (-2.9),Vincent (1935.4) (-19.4),Truuvy (1931.1) (-2.7),Willie (1913.3) (-12.1),Eric L (1920.4),Tom (1926.7),Tom (1926.7),Greg (1939.7) (-43.1),Alex A (1946.9),Greg (1958.4) (+8.7),Eric L (1960.0) (-19.6),Alex A (1949.1) (+45.3),Alex A (1949.1),Charlie (1935.7) (-47.3),Alex A (1949.1),Alejo (1935.4) (-46.8),Vadym (1931.7),Adrian L (1935.1) (+92.3),Alex A (1949.1),Alex A (1949.1),Willie (1946.3) (+28.6),Sameer (1950.3),Vincent (1956.5) (+23.0),Vincent (1974.1) (+17.7),Vincent (1974.1),Alex A (1959.1) (-32.9),Alejo (1961.9) (+30.5),Vincent (1974.1),Tom (1975.1),Alejo (1967.3) (+38.0),Alejo (1962.1) (-5.1),Alex A (1959.1),Tom (1963.6) (-5.5),Tom (1963.6),Alex A (1959.1),Tom T (1972.3),Tom T (1972.3),Garen (1997.1),Garen (1989.3) (-7.8),Alex Y (1993.4) (+29.3),Garen (1982.2) (-7.1),Charlie (1997.7),Roeland (1996.3) (-8.4),Charlie (1997.7),Charlie (1997.7),Charlie (1997.7),Charlie (1997.7),Charlie (1997.7),Willie (1977.2) (-40.1),Darran (1989.5),Alejo (1989.1),Vivian (1985.7) (-31.9),Charlie (1982.3),Charlie (1982.3),David Roig (1976.3) (-6.6),Vincent (1966.4) (+62.0)
12,Roeland (1801.8),Alex Y (1800.9) (+22.6),Steph (1810.5) (+27.0),Eugene (1824.3) (+88.7),Alejo (1841.5) (-5.0),Clemens (1849.3) (+22.2),Alex Y (1855.7),Alex Y (1855.7),Vincent (1847.6),Will P (1850.6) (+19.5),Max T (1863.2),Max T (1872.1) (+8.9),Vincent (1880.6) (+59.5),Sammy (1877.4),Pierre (1885.3),Eric L (1877.6) (-13.4),John H (1892.2),John H (1892.2),Vadym (1890.6) (+15.5),Clemens (1911.5),Will P (1895.1) (-18.0),Alex Y (1893.9),Vivian (1902.4) (-24.6),Eric L (1907.2) (-42.5),Shevy (1909.7) (-11.7),Clemens (1911.5),Clemens (1910.5) (-0.9),Clemens (1910.5),Garen (1917.4),Clemens (1909.7),Clemens (1908.9) (-0.8),Truuvy (1933.8),Vincent (1925.6) (-9.8),Tom (1908.8) (+98.7),Charlie (1913.4) (+35.5),Eric L (1920.4),Truuvy (1926.3) (-2.3),Tom (1926.7),Tom (1926.7),Alex A (1946.9),Vadym (1931.7),Vadym (1931.7),Vadym (1931.7),Vadym (1931.7),Vadym (1931.7),Vadym (1931.7),Alejo (1919.3) (-16.1),Vadym (1931.7),Vadym (1931.7),Vadym (1931.7),Rudi (1946.2) (-4.0),Alex A (1949.1),Charlie (1956.3) (+33.8),Charlie (1955.7) (-0.5),Charlie (1955.7),Charlie (1955.7),Alex A (1959.1),Alex A (1959.1),Alex A (1959.1),Alex A (1959.1),Alex A (1959.1),Nikolas A (1958.6) (+86.3),Alex A (1959.1),Alex A (1959.1),Nikolas A (1958.6),Alex A (1959.1),Alex A (1959.1),Tom T (1972.3),Tom T (1972.3),Garen (1989.3),Alex Y (1976.4) (-17.0),Garen (1982.2),Darran (1981.3) (+25.7),Roeland (1996.3),Roeland (1988.6) (-7.7),Roeland (1988.6),Vadym (1986.5),Darran (1989.5) (+49.7),Roeland (1975.0) (-6.5),Alejo (1989.1) (-78.8),Willie (1978.8) (-19.6),Charlie (1982.3) (-48.2),Oleg (1974.3) (-47.5),Vivian (1966.8) (-0.5),Roeland (1958.4) (-5.1),Roeland (1958.4)
13,Pierre (1800.4),Anna A (1790.2),Giles (1806.3),Steph (1815.8) (+5.3),Roeland (1830.8),Vincent (1847.6),Vincent (1847.6),Vincent (1847.6),Amaury (1841.0),Vincent (1847.6),Vadym (1858.7) (-2.5),Eric L (1869.9) (-58.4),Sammy (1877.4),Vivian (1876.2) (-15.2),Sammy (1877.4),Sammy (1877.4),Pierre (1885.3),Pierre (1885.3),Vivian (1888.1) (-31.1),Alex Y (1893.9) (-36.3),Alex Y (1893.9),John H (1893.4) (+6.4),Alex Y (1893.9),Alex Y (1893.9),Sameer (1900.7),Alex Y (1893.9),Vincent (1898.0) (+25.0),Eric L (1908.9) (-80.7),Clemens (1909.7) (-0.8),Willie (1896.0) (+39.1),Willie (1896.0),Clemens (1908.9),Willie (1925.4) (+29.4),Clemens (1908.2),Clemens (1907.5) (-0.7),Willie (1916.6) (+32.3),Vincent (1914.9) (+8.7),Truuvy (1926.3),Truuvy (1924.2) (-2.1),Vadym (1931.7) (+34.7),Truuvy (1922.3) (-1.9),Truuvy (1922.3),Truuvy (1920.5) (-1.8),Truuvy (1920.5),Truuvy (1918.8) (-1.6),Truuvy (1918.8),Vivian (1918.5) (-27.3),Willie (1917.7),Alejo (1925.2) (+14.6),Alex Y (1919.5) (+59.8),Vadym (1943.5) (+11.8),Rudi (1946.2),Sameer (1950.3),Sameer (1950.3),Sameer (1950.3),Sameer (1950.3),Vivian (1940.3) (-34.2),Vivian (1946.1) (+5.8),Vivian (1944.7) (-1.4),Vincent (1938.2) (-37.4),Vincent (1951.3) (+13.0),Vincent (1942.4) (-8.9),Nikolas A (1958.6),Nikolas A (1958.6),Tom (1958.5) (-5.1),Nikolas A (1958.6),Nikolas A (1958.6),Alex Y (1960.2) (+40.1),Alex Y (1964.1) (+3.9),Tom T (1972.3),Tom T (1972.3),Tom T (1972.3),Garen (1975.6) (-6.6),Garen (1975.6),Vadym (1972.3) (+3.3),Vadym (1986.5) (+14.2),Roeland (1981.5) (-7.1),Vadym (1986.5),Sameer (1970.5) (-61.9),Sameer (1978.2) (+7.7),Lukas N (1971.0),Lukas N (1971.0),Vivian (1967.3) (-18.4),Roeland (1963.5),Alejo (1946.8) (-42.3),Alejo (1950.1) (+3.3)
14,Anna A (1790.2),Joshua (1789.2) (+7.0),Vivian (1801.8),Shevy (1802.4) (-43.1),Clemens (1827.2),Truuvy (1844.8) (-9.1),Lukas N (1834.8),Amaury (1841.0) (+54.6),Tom (1833.2),Vivian (1842.4) (+17.7),Vivian (1854.5) (+12.2),Darran (1867.0),Max T (1872.1),Max T (1872.1),Vivian (1876.2),Vivian (1876.2),Vivian (1882.3) (+6.1),Eric L (1877.6),Pierre (1885.3),John H (1892.2),John H (1887.0) (-5.3),Vadym (1886.8),John H (1893.4),John H (1893.4),Alex Y (1893.9),John H (1893.4),Alex Y (1893.9),Alex Y (1893.9),Alex Y (1893.9),Alex Y (1893.9),Alex Y (1893.9),Willie (1896.0),Clemens (1908.2) (-0.7),Vincent (1906.2) (-19.3),Vincent (1906.2),Clemens (1907.5),Willie (1912.0) (-4.6),Clemens (1906.9),Clemens (1906.4) (-0.6),Tom (1926.7),Clemens (1905.9) (-0.5),Clemens (1905.9),Tom T (1905.5),Willie (1917.7) (+22.5),Willie (1917.7),Willie (1917.7),Willie (1917.7),Truuvy (1917.3),Vincent (1918.3) (+24.0),Willie (1917.7),Vivian (1938.9) (+23.9),Vincent (1933.4) (+27.4),Rudi (1942.5) (-3.7),Rudi (1942.5),Rudi (1939.1) (-3.4),Rudi (1939.1),Alex Y (1937.8),Alex Y (1937.8),Rudi (1933.1) (-2.9),Rudi (1933.1),Tom T (1943.1) (+14.4),Rudi (1930.5),Rudi (1928.0) (-2.4),Vincent (1936.2) (+10.5),Vincent (1948.5) (+12.3),Tom (1958.5),Tom (1953.8) (-4.7),Alex A (1959.1),Nikolas A (1958.6),Nikolas A (1958.6),Nikolas A (1958.6),Nikolas A (1958.6),Tom T (1959.4) (-13.0),Vadym (1969.1) (+86.8),Garen (1969.6) (-6.0),Garen (1969.6),Garen (1964.0) (-5.6),Roeland (1981.5),Vivian (1962.0) (-16.1),Roeland (1975.0),Roeland (1969.0) (-6.0),Roeland (1969.0),Roeland (1963.5) (-5.5),Garen (1949.8),Garen (1945.8) (-4.0),Eric L (1947.0) (-104.5)
15,Vivian (1789.7),Steph (1783.5) (-72.2),Alex Y (1800.9),Vivian (1801.8),Charlie (1825.5) (+43.2),Roeland (1830.8),Tom (1833.2) (-47.7),Tom (1833.2),Will P (1831.1) (+87.9),Alex Y (1841.5) (+11.8),Vincent (1852.7) (+5.1),Will P (1850.6),Eric L (1869.9),Eric L (1869.9),Max T (1872.1),Max T (1872.1),Vadym (1879.2) (+9.6),Alejo (1875.6) (-70.5),Charlie (1883.1) (+44.7),Vadym (1886.8) (-3.8),Vadym (1886.8),Pierre (1885.3),Pierre (1885.3),Vadym (1892.9) (+13.5),John H (1893.4),Vadym (1892.9),John H (1893.4),John H (1893.4),John H (1893.4),John H (1893.4),John H (1893.4),Alex Y (1893.9),Alex Y (1893.9),Alex Y (1893.9),Alex Y (1893.9),Vincent (1906.2),Clemens (1906.9) (-0.6),Tom T (1905.5),Tom T (1905.5),Truuvy (1924.2),Tom T (1905.5),Willie (1905.6) (-74.4),Clemens (1905.4) (-0.5),Tom (1914.3) (+82.8),Tom (1914.3),Tom (1914.3),Truuvy (1917.3) (-1.5),Alejo (1910.6) (-8.7),Willie (1917.7),Truuvy (1915.9),Charlie (1937.0) (+48.6),Charlie (1922.4) (-14.6),Alex A (1933.2) (-15.8),Alex Y (1919.5),Alex Y (1927.7) (+8.2),Alex Y (1937.8) (+10.1),Rudi (1936.0) (-3.1),Rudi (1936.0),Alejo (1929.2) (+33.6),Tom T (1928.7),Rudi (1930.5) (-2.6),Eric L (1922.5) (-65.3),Vincent (1925.7) (-16.7),Anna A (1930.6) (+119.2),David Roig (1925.9),Rudi (1925.8),Alejo (1936.0) (+39.4),Nikolas A (1958.6),Darran (1955.6),Darran (1955.6),Darran (1955.6),Darran (1955.6),Nikolas A (1958.6),Nikolas A (1958.6),Nikolas A (1953.9) (-4.7),Nikolas A (1953.9),Nikolas A (1949.6) (-4.3),Vivian (1978.2) (+61.8),Vadym (1959.0) (-27.5),Lukas N (1971.0) (+129.3),Darran (1962.4) (-27.1),Garen (1954.2),Garen (1949.8) (-4.3),Nikolas A (1938.6),Vivian (1936.2) (-30.6),Garen (1945.8)
16,Joshua (1782.2),Vadym (1766.8) (-50.2),Vincent (1796.5) (+88.7),Alex Y (1800.9),Eugene (1824.3),Eugene (1824.3),Roeland (1830.8),Roeland (1830.8),Roeland (1830.8),Amaury (1841.0),Will P (1850.6),Alex Y (1845.1) (+10.3),Darran (1867.0),Vadym (1869.6) (+4.1),Vadym (1869.6),Vadym (1869.6),Eric L (1877.6),Vadym (1875.1) (-4.1),Eric L (1877.6),Pierre (1885.3),Pierre (1885.3),Eric L (1877.6),Vadym (1879.5) (-7.3),Pierre (1885.3),Vadym (1892.9),Pierre (1885.3),Vadym (1892.9),Vadym (1892.9),Vadym (1892.9),Vadym (1892.9),Vadym (1892.7) (-0.2),John H (1893.4),John H (1893.4),John H (1893.4),John H (1893.4),Tom T (1905.5) (+80.6),Tom T (1905.5),Alex Y (1893.9),Vadym (1897.0) (+19.2),Clemens (1906.4),Alex A (1903.7) (-43.1),Tom T (1905.5),Willie (1895.2) (-10.4),Tom T (1905.5),Tom T (1905.5),Charlie (1911.8) (-49.3),Tom (1915.7) (+1.4),Tom T (1905.5),Truuvy (1915.9) (-1.4),Vivian (1915.1) (+54.8),Tom T (1927.9) (+34.9),Alex Y (1919.5),Alex Y (1919.5),Truuvy (1913.5),Truuvy (1912.4) (-1.1),Alejo (1931.4) (-44.8),Tom T (1928.7),Tom T (1928.7),Tom T (1928.7),Truuvy (1910.5),Truuvy (1909.7) (-0.8),Alejo (1921.7) (-40.4),Vivian (1925.5) (+26.5),Rudi (1928.0),Rudi (1925.8) (-2.2),Darran (1913.2) (+9.2),Darran (1934.8) (+21.7),Darran (1955.6) (+20.8),Alex A (1954.3) (-4.7),Alex A (1954.3),Alex A (1950.0) (-4.3),Alex A (1950.0),Vivian (1954.4) (+26.6),Alex A (1946.0),Vivian (1944.8),Vivian (1944.8),Pierre (1939.8) (+54.5),Garen (1964.0),Garen (1958.9) (-5.1),Garen (1958.9),Garen (1954.2) (-4.7),Tom T (1950.2),Nikolas A (1938.6) (-3.4),Darran (1937.9),Nikolas A (1935.5) (-3.1),Vadym (1941.8) (+53.2)
17,Sammy (1781.5),Charlie (1762.0) (-93.5),Anna A (1790.2),Etienne (1792.0) (+27.6),Shevy (1814.2) (+11.8),Vivian (1818.6) (-26.1),Charlie (1830.7) (+66.6),Eugene (1824.3),Alex Y (1829.7) (-26.0),Tom (1833.2),Amaury (1841.0),Amaury (1841.0),Vadym (1865.5) (+28.2),Darran (1867.0),Darran (1867.0),Darran (1867.0),Roeland (1877.0) (+46.2),Max T (1872.1),Alejo (1875.2) (-0.4),Eric L (1877.6),Eric L (1877.6),Max T (1872.1),Max T (1872.1),Karsten (1884.1) (+51.2),Pierre (1885.3),Karsten (1884.1),Pierre (1885.3),Pierre (1885.3),Pierre (1885.3),Vivian (1891.4) (-40.6),Roeland (1888.1) (+19.5),Darran (1888.0),Darran (1888.0),Darran (1888.0),Darran (1888.0),Alex Y (1893.9),Alex Y (1893.9),John H (1893.4),Alex Y (1893.9),Tom T (1905.5),Alex Y (1893.9),Alex Y (1893.9),Alex Y (1893.9),Clemens (1905.4),Clemens (1905.0) (-0.4),Tom T (1905.5),Tom T (1905.5),Clemens (1904.6),Clemens (1904.2) (-0.4),Clemens (1904.2),Alex Y (1919.5),Vivian (1916.2) (-22.7),Truuvy (1913.5) (-1.2),Tom T (1907.7) (-53.3),Vivian (1910.6) (+25.0),Tom T (1928.7) (+18.7),Sameer (1925.6) (-24.7),John H (1917.0) (+36.3),Truuvy (1910.5) (-0.9),Darran (1906.1),Vivian (1909.3) (+19.4),Truuvy (1909.7),Truuvy (1908.9) (-0.8),Truuvy (1908.9),Anna A (1915.5) (-15.1),Truuvy (1908.2),Rudi (1923.7) (-2.1),Tom (1953.8),Tom (1949.5) (-4.3),Tom (1949.5),Tom (1945.6) (-4.0),Tom (1945.6),Alex A (1946.0) (-4.0),Vivian (1944.8) (-9.6),Alex A (1942.3) (-3.7),Alex A (1942.3),Darran (1939.8) (+12.9),Nikolas A (1949.6),Nikolas A (1945.6) (-4.0),Tom T (1950.2) (+13.0),Tom T (1950.2),Nikolas A (1942.0),Darran (1937.9),Tom (1927.6),Anna Z (1926.3) (+5.1),Nikolas A (1935.5)
18,Richard B (1778.9),Richard B (1752.4) (-26.5),Charlie (1790.2) (+28.2),Tom (1790.8) (-88.4),Tom (1813.9) (+23.1),Lance (1811.0) (+34.2),Eugene (1824.3),Vivian (1818.6),Vivian (1824.6) (+6.1),Roeland (1830.8),Alex Y (1834.8) (-6.8),Vadym (1837.3) (-21.4),Amaury (1856.0) (+15.0),Amaury (1860.9) (+4.8),Amaury (1860.9),Charlie (1863.2) (+65.4),Max T (1872.1),Roeland (1868.7) (-8.4),Max T (1872.1),Max T (1872.1),Max T (1872.1),Roeland (1868.7),Roeland (1868.7),Max T (1872.1),Karsten (1884.1),Vincent (1872.9) (-73.6),Karsten (1884.1),Karsten (1884.1),Karsten (1884.1),Darran (1888.0) (+36.8),Darran (1888.0),Pierre (1885.3),Pierre (1885.3),Pierre (1885.3),Pierre (1885.3),John H (1893.4),John H (1893.4),Darran (1888.0),John H (1893.4),Alex Y (1893.9),John H (1893.4),John H (1893.4),John H (1893.4),Alex Y (1893.9),Alex Y (1893.9),Clemens (1905.0),Clemens (1904.6) (-0.4),Lukas N (1897.7) (+10.3),Adrian L (1897.2) (-37.9),Vincent (1898.2) (-20.1),Truuvy (1914.7) (-1.3),Truuvy (1914.7),Clemens (1903.6) (-0.3),Darran (1906.1) (+46.1),Vadym (1910.1) (+7.7),Truuvy (1912.4),Truuvy (1911.4) (-1.0),Truuvy (1911.4),Alex Y (1909.4) (-28.4),Clemens (1902.8),Darran (1906.1),Darran (1906.1),Darran (1906.1),Darran (1906.1),Vivian (1910.9) (+20.2),Vincent (1905.6) (-42.8),Alex Y (1920.0) (+22.0),Rudi (1923.7),Rudi (1921.8) (-1.9),Rudi (1921.8),Rudi (1920.1) (-1.7),Vivian (1927.8) (+49.9),Tom (1941.9) (-3.6),Tom (1941.9),Tom (1938.6) (-3.4),Tom (1938.6),Alex A (1938.9) (-3.4),Alex A (1938.9),Tom T (1937.2) (+86.5),Nikolas A (1945.6),Nikolas A (1942.0) (-3.6),Darran (1937.9) (-24.5),Tom (1927.6) (-2.4),Ali (1925.7) (+29.2),Ali (1925.7),Ali (1925.7)
19,Alex Y (1778.3),Will P (1743.2) (+1.7),Joshua (1786.4) (-2.8),Richard B (1790.5) (+20.5),Giles (1810.9) (-21.4),Amaury (1805.2) (-3.9),Vivian (1818.6),Lance (1811.0),Eugene (1824.3),Eugene (1824.3),Tom (1833.4) (+0.2),Roeland (1830.8),Roeland (1830.8),Steph (1850.2) (+58.6),Steph (1839.0) (-11.2),Amaury (1860.9),Darran (1867.0),Darran (1867.0),Roeland (1868.7),Roeland (1868.7),Roeland (1868.7),Darran (1867.0),Darran (1867.0),Roeland (1868.7),Max T (1872.1),Max T (1872.1),Max T (1872.1),Max T (1872.1),Max T (1872.1),Pierre (1885.3),Pierre (1885.3),Karsten (1884.1),Karsten (1884.1),Karsten (1884.1),Willie (1884.4) (-29.0),Darran (1888.0),Darran (1888.0),Pierre (1885.3),Darran (1888.0),John H (1893.4),Darran (1888.0),Darran (1888.0),Darran (1888.0),John H (1893.4),John H (1893.4),Alex Y (1893.9),Vincent (1901.1) (+44.1),Vincent (1894.3) (-6.8),John H (1893.4),John H (1893.4),Vincent (1906.0) (+7.7),Clemens (1903.9),Vadym (1902.4),Clemens (1903.6),Tom T (1910.0) (+2.4),Darran (1906.1),Darran (1906.1),Darran (1906.1),Darran (1906.1),Vadym (1900.4),Clemens (1902.6) (-0.2),Clemens (1902.6),Alejo (1906.0) (-15.8),Clemens (1902.3),Truuvy (1908.2) (-0.7),Clemens (1902.2),Truuvy (1907.5) (-0.7),Oleg (1919.5) (+23.5),Vincent (1913.9),Vincent (1913.9),Truuvy (1906.4) (-0.6),Rudi (1920.1),Vincent (1937.1) (+63.5),Darran (1926.9) (-54.4),Darran (1926.9),Darran (1926.9),Tom (1935.5) (-3.1),Tom (1935.5),Alex A (1935.8) (-3.1),Alex A (1935.8),Alex A (1932.9) (-2.9),Alex A (1932.9),Anna Z (1924.8) (-0.9),Anna Z (1921.2) (-3.6),Tom (1925.4) (-2.2),Tom (1925.4)
20,Alberto (1769.7),Pablo (1727.3) (-32.4),Jonathan (1777.8),Anna A (1790.2),Amaury (1809.1),Etienne (1792.0),Lance (1811.0),Lukas N (1797.8) (-36.9),Lukas N (1797.8),John H (1808.4) (+12.8),Roeland (1830.8),Eugene (1824.3),Will P (1827.1) (-23.5),Roeland (1830.8),Roeland (1830.8),Roeland (1830.8),Amaury (1860.9),Amaury (1860.9),Darran (1867.0),Darran (1867.0),Darran (1867.0),Will P (1861.3) (-33.8),Amaury (1860.9),Darran (1867.0),Roeland (1868.7),Roeland (1868.7),Roeland (1868.7),Roeland (1868.7),Roeland (1868.7),Karsten (1884.1),Karsten (1884.1),Vadym (1877.8) (-14.9),Vadym (1877.8),Charlie (1877.9) (-82.2),Karsten (1884.1),Pierre (1885.3),Pierre (1885.3),Karsten (1884.1),Pierre (1885.3),Darran (1888.0),Tom (1887.4) (-39.4),Pierre (1885.3),Pierre (1885.3),Darran (1888.0),Darran (1888.0),John H (1893.4),John H (1893.4),John H (1893.4),Darran (1888.0),Tom T (1892.9) (-83.1),Clemens (1903.9) (-0.3),Vadym (1902.4) (-41.0),Vivian (1898.4) (-17.9),Vadym (1902.4),Darran (1906.1),Clemens (1903.3),Clemens (1903.0) (-0.3),Clemens (1903.0),Clemens (1902.8) (-0.2),Vivian (1889.8) (-54.9),Vadym (1900.4),Vadym (1900.4),Clemens (1902.3) (-0.2),Vadym (1900.4),Darran (1903.9) (-2.2),Vadym (1900.4),Clemens (1902.0) (-0.2),Vincent (1913.9) (+15.5),Truuvy (1906.9) (-0.6),Truuvy (1906.9),Clemens (1901.7) (-0.1),Oleg (1908.5) (+63.4),Oleg (1922.0) (+13.5),Rudi (1918.5),Rudi (1917.0) (-1.5),Rudi (1917.0),Vincent (1926.6) (+13.9),Vincent (1918.9) (-7.7),Tom (1932.6) (-2.8),Tom (1932.6),Tom (1930.0) (-2.6),Tom (1930.0),Alex A (1924.1) (-8.9),James S (1919.5),James S (1919.5),James S (1919.5)
21,Pablo (1759.7),Chrissy (1721.0),Marg (1771.0),Charlie (1782.3) (-7.8),Luka (1793.4),Richard B (1790.5),Etienne (1792.0),Etienne (1792.0),John H (1795.6),Lukas N (1797.8),Eugene (1824.3),Vincent (1821.1) (-31.7),Eugene (1824.3),Eugene (1824.3),Eugene (1809.6) (-14.6),Steph (1828.8) (-10.2),Will P (1827.9) (+27.7),Charlie (1838.4) (-58.1),Amaury (1860.9),Amaury (1860.9),Amaury (1860.9),Amaury (1860.9),Will P (1855.6) (-5.7),Amaury (1860.9),Darran (1867.0),Darran (1867.0),Darran (1867.0),Darran (1867.0),Amaury (1860.9),Max T (1872.1),Vivian (1878.6) (-12.8),Max T (1872.1),Max T (1872.1),Vadym (1877.8),Vadym (1877.8),Karsten (1884.1),Karsten (1884.1),Vincent (1883.0) (-31.9),Karsten (1884.1),Pierre (1885.3),Pierre (1885.3),Karsten (1884.1),Karsten (1884.1),Pierre (1885.3),Pierre (1885.3),Darran (1888.0),Darran (1888.0),Darran (1888.0),Charlie (1886.0) (+21.9),Charlie (1888.4) (+2.5),Darran (1888.0),Darran (1888.0),Pierre (1885.3),Vivian (1885.7) (-12.7),Clemens (1903.3) (-0.3),Vadym (1900.4) (-9.7),Vadym (1900.4),Vadym (1900.4),Vadym (1900.4),Richard B (1885.7) (+30.2),Pierre (1885.3),Vivian (1899.0) (-10.3),Vadym (1900.4),Alejo (1896.6) (-9.4),Clemens (1902.2) (-0.2),Alex Y (1898.1) (+49.8),Vadym (1900.4),Truuvy (1907.5),Clemens (1901.8) (-0.2),Clemens (1901.8),Vincent (1898.8) (-15.1),Truuvy (1906.4),Rudi (1918.5) (-1.6),Vincent (1912.7) (-24.4),Vincent (1912.7),Vincent (1912.7),Vivian (1916.4) (-28.4),Rudi (1915.6),Rudi (1914.4) (-1.3),Vadym (1926.7) (-32.3),Rudi (1913.2) (-1.2),Anna Z (1925.7) (+13.6),James S (1919.5),Rudi (1912.2),Rudi (1911.2) (-1.0),Anna Z (1915.9) (-10.4)
22,Lucas (1745.4),Eugene (1714.7) (-19.9),Richard B (1770.0) (+17.6),Martin H (1774.4) (+15.7),Steph (1793.2) (-22.5),Anna A (1790.2),Richard B (1790.5),Richard B (1790.5),Etienne (1792.0),Etienne (1792.0),John H (1812.5) (+4.1),Etienne (1792.0),Willie (1816.5),Enrik (1803.5) (+28.7),Enrik (1803.5),Eugene (1818.6) (+9.0),Steph (1819.7) (-9.2),Steph (1806.2) (-13.4),Colin R (1822.9) (+19.1),Colin R (1845.5) (+22.6),Colin R (1825.6) (-19.9),Tom (1848.6) (+52.8),Tom (1848.6),Tom (1848.6),Amaury (1860.9),Amaury (1860.9),Amaury (1860.9),Amaury (1860.9),Tom (1857.1) (+8.6),Roeland (1868.7),Max T (1872.1),Amaury (1860.9),Amaury (1860.9),Max T (1872.1),Max T (1872.1),Vadym (1877.8),Vadym (1877.8),Vadym (1877.8),Max T (1872.1),Karsten (1884.1),Karsten (1884.1),Max T (1872.1),Max T (1872.1),Karsten (1884.1),Karsten (1884.1),Pierre (1885.3),Lukas N (1887.3) (+26.6),Pierre (1885.3),Pierre (1885.3),Darran (1888.0),Pierre (1885.3),Pierre (1885.3),Karsten (1884.1),Pierre (1885.3),Pierre (1885.3),Pierre (1885.3),Pierre (1885.3),Alejo (1895.6) (-66.3),Pierre (1885.3),Pierre (1885.3),Karsten (1884.1),Pierre (1885.3),Alex Y (1893.2) (+20.6),Vivian (1890.7) (-34.8),Vadym (1900.4),Alejo (1896.6),Vincent (1898.4) (-7.3),Clemens (1902.0),Vadym (1899.6) (-0.7),Anna Z (1887.0) (+26.3),Anna Z (1887.0),Clemens (1901.7),Anna Z (1906.1) (+19.1),Truuvy (1905.9),Truuvy (1905.4) (-0.5),Truuvy (1905.4),Rudi (1915.6) (-1.4),Truuvy (1905.0),Truuvy (1904.6) (-0.4),James S (1925.1) (+21.8),Anna Z (1912.1) (-5.9),Anna A (1921.2) (+66.6),Lukas N (1914.5) (-56.5),Alex A (1910.4) (-13.7),Alex A (1910.4),Rudi (1911.2)
23,Will P (1741.5),Alberto (1711.8) (-57.8),Etienne (1764.4),Marg (1771.0),Etienne (1792.0),Martin H (1774.4),Anna A (1790.2),Anna A (1790.2),Richard B (1790.5),Richard B (1790.5),Etienne (1792.0),Richard B (1790.5),Etienne (1792.0),Will P (1800.2) (-26.9),Will P (1800.2),Enrik (1803.5),Enrik (1795.9) (-7.6),Colin R (1803.8) (+35.0),Steph (1821.4) (+15.2),Steph (1821.4),Alonzo (1796.5),Alonzo (1796.5),Karsten (1832.9),Will P (1816.6) (-38.9),Garen (1858.2),Tom (1848.6),Tom (1848.6),Tom (1848.6),Willie (1856.9) (+86.3),Amaury (1860.9),Amaury (1860.9),Shevy (1848.2),Shevy (1859.0) (+10.8),Amaury (1860.9),Jonathan (1869.9) (+39.3),Max T (1872.1),Max T (1872.1),Richard B (1876.4) (+71.7),Vincent (1861.3) (-21.7),Max T (1872.1),Max T (1872.1),Vivian (1863.0) (-8.6),Vivian (1869.2) (+6.3),Max T (1872.1),Max T (1872.1),Karsten (1884.1),Pierre (1885.3),Vivian (1885.1) (-33.4),Karsten (1884.1),Pierre (1885.3),Karsten (1884.1),Karsten (1884.1),Max T (1872.1),Karsten (1884.1),Karsten (1884.1),Karsten (1884.1),Karsten (1884.1),Pierre (1885.3),John H (1884.6) (-32.4),Karsten (1884.1),Alex Y (1881.3) (+5.5),Karsten (1884.1),Pierre (1885.3),Pierre (1885.3),Alejo (1896.6),Pierre (1885.3),Oleg (1895.9) (+24.3),Vadym (1900.4),Oleg (1896.8) (-22.6),Vadym (1886.8) (-12.9),Vadym (1886.8),Anna Z (1887.0),Truuvy (1905.9) (-0.5),Clemens (1901.5),Clemens (1901.4) (-0.1),Clemens (1901.4),Truuvy (1905.0) (-0.4),Clemens (1901.3),James S (1903.2) (+26.2),Anna Z (1918.0) (+51.5),Vadym (1905.9) (-20.8),James S (1919.5) (+42.9),Rudi (1912.2) (-1.1),Truuvy (1903.9),Anna A (1906.7) (+11.7),Alex A (1910.4)
24,Eugene (1734.6),Vincent (1707.8) (-96.3),Martin H (1758.7),Colin R (1757.6) (+17.1),Richard B (1790.5),Charlie (1764.1) (-61.4),Amaury (1786.4) (-18.9),Joshua (1783.0) (+39.3),Anna A (1790.2),Anna A (1790.2),Richard B (1790.5),Anna A (1790.2),Steph (1791.6) (+30.7),Etienne (1792.0),Charlie (1797.8) (+52.0),Will P (1800.2),Anna A (1790.2),Alonzo (1796.5) (+28.2),Steffi (1798.7),Alonzo (1796.5),Tom (1795.8) (+74.8),Enrik (1794.6),Alonzo (1796.5),Alonzo (1796.5),Tom (1848.6),Shevy (1848.2) (-61.4),Shevy (1848.2),Shevy (1848.2),Darran (1851.2) (-15.8),Shevy (1848.2),Shevy (1848.2),Vivian (1831.7) (-46.8),Vivian (1831.7),Shevy (1845.0) (-14.1),Amaury (1860.9),Vivian (1864.9) (+19.0),Vivian (1866.3) (+1.4),Max T (1872.1),Amaury (1860.9),Amaury (1860.9),Vivian (1871.6) (+11.9),Amaury (1860.9),Amaury (1860.9),Amaury (1860.9),Vivian (1871.7) (+15.6),Max T (1872.1),Karsten (1884.1),Karsten (1884.1),Richard B (1875.2) (+6.8),Karsten (1884.1),Max T (1872.1),Max T (1872.1),Amaury (1860.9),Max T (1872.1),Max T (1872.1),Max T (1872.1),John H (1880.7) (+37.6),Karsten (1884.1),Karsten (1884.1),Alex Y (1875.8) (-33.6),Nikolas A (1872.3),Alex Y (1872.5) (-8.8),Karsten (1884.1),Karsten (1884.1),Pierre (1885.3),Karsten (1884.1),Pierre (1885.3),Pierre (1885.3),Pierre (1885.3),Pierre (1885.3),Pierre (1885.3),Vadym (1886.8),Clemens (1901.5) (-0.1),Pierre (1885.3),Pierre (1885.3),Pierre (1885.3),Clemens (1901.3) (-0.1),Pierre (1897.7) (-42.1),Clemens (1901.2) (-0.1),Rudi (1914.4),Truuvy (1904.2) (-0.4),Rudi (1913.2),Truuvy (1903.9) (-0.3),Clemens (1901.2),Vincent (1904.4) (+15.8),Anna A (1906.7)
25,Colin R (1732.0),Colin R (1687.2) (-44.9),Enrik (1745.8),Joshua (1754.7) (-31.7),Anna A (1790.2),Colin R (1761.6) (-19.0),Martin H (1774.4),Charlie (1781.3) (-49.4),Joshua (1783.0),Joshua (1783.0),Anna A (1790.2),Joshua (1783.0),Anna A (1790.2),Anna A (1790.2),Anna A (1790.2),Lukas N (1794.5) (+15.3),Joshua (1783.0),Enrik (1794.6) (-1.2),Alonzo (1796.5),Enrik (1794.6),Enrik (1794.6),Anna A (1790.2),Lukas N (1792.3) (+6.4),Anna A (1790.2),Will P (1816.6),Will P (1816.6),Will P (1816.6),Will P (1816.6),Shevy (1848.2),Colin R (1811.2),Colin R (1811.2),Richard B (1825.0) (+38.0),Anna A (1817.6) (+27.4),Lukas N (1841.4) (+57.2),Lukas N (1852.5) (+11.0),Amaury (1860.9),Amaury (1860.9),Amaury (1860.9),Vivian (1859.7),Vivian (1859.7),Amaury (1860.9),Vincent (1857.0) (-0.7),Vincent (1857.0),Vincent (1857.0),Anna A (1861.9) (+53.1),Amaury (1860.9),Max T (1872.1),Max T (1872.1),Max T (1872.1),Max T (1872.1),John H (1869.7) (-23.7),Anna Z (1865.8),Darran (1860.1) (-27.9),Amaury (1860.9),John H (1866.3) (+29.6),Amaury (1860.9),Max T (1872.1),Max T (1872.1),Max T (1872.1),Max T (1872.1),Max T (1872.1),Max T (1872.1),Max T (1872.1),Anna Z (1878.5) (+68.6),Karsten (1884.1),Vivian (1884.0) (-26.9),Karsten (1884.1),Karsten (1884.1),Karsten (1884.1),Karsten (1884.1),Karsten (1884.1),Pierre (1885.3),Pierre (1885.3),Karsten (1884.1),Karsten (1884.1),Karsten (1884.1),James S (1884.5) (+0.7),Karsten (1884.1),Pierre (1897.7),Truuvy (1904.6),Clemens (1901.2),Truuvy (1904.2),Clemens (1901.2),Pierre (1897.7),Truuvy (1903.6) (-0.3),Truuvy (1903.6)
26,Chrissy (1721.0),Lucas (1679.9) (-65.4),Will P (1743.2),Will P (1743.2),Colin R (1780.6) (+23.0),Steph (1760.9) (-32.3),Steph (1760.9),Martin H (1774.4),Charlie (1781.3),Charlie (1781.3),Joshua (1783.0),Lukas N (1780.9),Tom (1785.8) (+22.3),Joshua (1783.0),Etienne (1787.4) (-4.6),Anna A (1790.2),Etienne (1779.7),Anna A (1790.2),Enrik (1794.6),Anna A (1790.2),Anna A (1790.2),Steph (1789.3),Anna A (1790.2),Steph (1789.3),Alonzo (1796.5),Alonzo (1796.5),Lukas N (1801.1) (+11.9),Colin R (1811.2) (+16.3),Colin R (1811.2),Richard B (1798.4) (+29.2),Aisling (1794.1),Colin R (1811.2),Colin R (1812.7) (+1.5),Vivian (1831.7),Vivian (1845.9) (+14.2),Lukas N (1849.3) (-3.2),Shevy (1845.0),Vivian (1859.7) (-6.6),Alessandro (1855.7),Adrian (1846.2) (+55.3),Vincent (1857.7) (+15.9),Adrian (1846.2),Adrian (1846.2),Vivian (1856.0) (-13.2),Amaury (1860.9),Lukas N (1860.8) (+66.7),Alex Y (1867.3) (-26.6),Richard B (1868.4) (+13.4),Tom S (1863.6),Amaury (1860.9),Anna Z (1865.8) (+14.3),Amaury (1860.9),Will W (1856.8) (+36.3),Patrick (1855.4),Amaury (1860.9),Patrick (1855.4),Amaury (1860.9),Amaury (1860.9),Amaury (1860.9),Steph (1869.9) (+25.5),Steph (1869.9),Steph (1869.9),Steph (1867.6) (-2.2),Max T (1872.1),Anna Z (1878.5),Anna Z (1878.5),Anna Z (1878.6) (+0.2),Max T (1872.1),Max T (1872.1),Vivian (1881.5) (+43.6),Vivian (1877.9) (-3.6),Karsten (1884.1),Karsten (1884.1),Ed B (1880.6) (+83.0),Ed B (1880.6),James S (1883.7) (+21.5),Karsten (1884.1),James S (1877.1) (-7.4),Karsten (1884.1),Clemens (1901.2),Pierre (1897.7),Clemens (1901.2),Pierre (1897.7),Oleg (1897.0) (-77.2),Clemens (1901.2),Clemens (1901.2)
27,,,Colin R (1740.5) (+53.4),Enrik (1736.6) (-9.1),Lance (1776.8),Luka (1757.5) (-35.9),Luka (1757.5),Steph (1760.9),Colin R (1767.5) (+17.7),Jonathan (1765.0),Lukas N (1780.9) (-16.9),Jonathan (1765.0),Joshua (1783.0),Willie (1770.7) (-45.8),Megan (1785.0),Joshua (1783.0),Eugene (1779.0) (-39.6),Joshua (1783.0),Anna A (1790.2),Lukas N (1785.9) (+13.8),Steph (1789.3) (-32.2),Lukas N (1785.9),Steph (1789.3),Enrik (1787.3) (+0.2),Anna A (1790.2),Anna A (1790.2),Alonzo (1796.5),Alonzo (1796.5),Alonzo (1805.5) (+9.0),Aisling (1794.1) (-8.7),Anna A (1790.2),Aisling (1794.1),Tom (1810.1) (+35.5),Jonathan (1830.6) (+64.5),Shevy (1845.0),Shevy (1845.0),Lukas N (1826.7) (-22.6),Shevy (1845.0),Shevy (1845.0),Shevy (1845.0),Shevy (1852.4) (+7.4),Alessandro (1837.6),Patrick (1842.0),Patrick (1855.4) (+13.4),Richard B (1858.7) (+29.8),Vincent (1857.0),Amaury (1860.9),Alex Y (1867.8) (+0.5),Amaury (1860.9),Richard B (1860.3) (-14.9),Richard B (1861.4) (+1.1),Patrick (1855.4),Patrick (1855.4),Steph (1855.3),Patrick (1855.4),Will P (1850.1) (+16.5),Patrick (1855.4),Patrick (1855.4),Richard B (1855.5) (+20.7),John H (1863.8) (-20.8),Richard B (1867.4) (-18.3),John H (1863.8),John H (1863.8),John H (1863.8),Max T (1872.1),Max T (1872.1),Max T (1872.1),John H (1863.8),John H (1863.8),Oleg (1880.7) (-16.1),Max T (1872.1),Vincent (1873.6) (-25.1),Vadym (1882.3) (-4.5),Max T (1872.1),Max T (1872.1),Ed B (1880.6),Tom T (1879.6) (+12.0),Max T (1872.1),Vincent (1880.2) (-38.7),Pierre (1897.7),Vincent (1892.5) (+10.2),Pierre (1897.7),Ali (1896.5),Anna A (1895.0),Pierre (1897.7),Pierre (1897.7)
28,,,Eugene (1735.6) (+20.9),Pablo (1727.3),Martin H (1774.4),Joshua (1754.7),Enrik (1747.7),Luka (1757.5),Jonathan (1765.0) (+43.4),Steph (1760.9),Charlie (1780.4) (-0.9),Tom (1763.4) (-70.0),Enrik (1774.8) (+27.1),Tom (1766.6) (-19.2),Joshua (1783.0),Etienne (1779.7) (-7.7),Willie (1770.7),Etienne (1779.7),Richard B (1787.6) (+30.8),Joshua (1783.0),Lukas N (1785.9),Joshua (1783.0),Enrik (1787.1) (-7.5),Joshua (1783.0),Enrik (1787.3),Lukas N (1789.2) (+24.5),Colin R (1794.9) (+23.7),Eugene (1790.4) (+21.7),Aisling (1802.8),Eugene (1790.4),Eugene (1788.0) (-2.3),Anna A (1790.2),Richard B (1803.0) (-22.0),Anna A (1817.6),Tom T (1824.8),Anna A (1817.6),Mark M (1814.3),Fassel (1833.3) (+20.0),Fassel (1840.9) (+7.7),Vincent (1841.8) (-19.5),Adrian (1846.2),Martin H (1832.1) (+47.9),Alessandro (1837.6),Adrian (1846.2),Vincent (1857.0),Patrick (1855.4),Patrick (1855.4),Charlie (1864.1) (-88.5),Vivian (1860.2) (-24.9),Patrick (1855.4),Amaury (1860.9),Steph (1855.3),Steph (1855.3),Adrian L (1840.7),Steph (1852.5) (-2.8),Steph (1844.7) (-7.8),Steph (1853.7) (+9.1),Steph (1852.5) (-1.2),Patrick (1855.4),Amaury (1860.9),John H (1863.8),Amaury (1860.9),Amaury (1860.9),Amaury (1860.9),John H (1863.8),Oleg (1871.6) (+46.0),John H (1863.8),Amaury (1860.9),Amaury (1860.9),Max T (1872.1),John H (1863.8),Max T (1872.1),Max T (1872.1),Tom T (1867.6) (-91.8),Tom T (1867.6),Max T (1872.1),Max T (1872.1),Ed B (1867.3) (+16.2),Max T (1872.1),Karsten (1884.1),Karsten (1884.1),Vadym (1885.1) (-20.8),Anna A (1895.0) (-26.2),Colin R (1891.1) (+58.6),Oleg (1897.0),Vivian (1897.2) (-39.0)
29,,,Pablo (1727.3),Jonathan (1721.6) (-56.2),Flavia (1754.7),Enrik (1747.7) (+0.1),Giles (1745.4),Colin R (1749.8) (+11.2),Giulia (1764.2),Luka (1757.5),Maiya (1766.8),Steph (1760.9),Richard B (1773.9) (-16.7),Jonathan (1765.0),Lukas N (1779.2) (+55.8),Willie (1770.7),Colin R (1768.8) (+31.6),Willie (1770.7),Patrick L (1785.0),Etienne (1779.7),Joshua (1783.0),Etienne (1779.7),Joshua (1783.0),Etienne (1779.7),Joshua (1783.0),Enrik (1787.3),Anna A (1790.2),Anna A (1790.2),Will P (1794.5) (-22.2),Anna A (1790.2),Enrik (1787.3),Enrik (1787.3),Enrik (1787.3),Richard B (1789.2) (-13.8),Anna A (1817.6),Mark M (1814.3),Fassel (1813.3),Mark M (1814.3),Richard B (1825.7) (-50.7),Alessandro (1837.6) (-18.1),Jonathan (1842.2) (+35.2),Tom (1816.5) (-70.9),Martin H (1832.1),Alessandro (1837.6),Patrick (1855.4),Steph (1853.4) (+79.7),Richard B (1855.0) (+7.6),Amaury (1860.9),Alex Y (1859.7) (-8.0),Steph (1855.3) (+6.0),Patrick (1855.4),Adrian L (1840.7) (+10.6),Adrian L (1840.7),Alessandro (1837.6),Adrian L (1840.7),John H (1843.1) (-23.2),Will P (1850.1),Will P (1850.1),Will P (1850.1),Patrick (1855.4),Amaury (1860.9),Patrick (1855.4),Patrick (1855.4),Patrick (1855.4),Amaury (1860.9),John H (1863.8),Amaury (1860.9),Anna Z (1859.3) (-19.4),Anna Z (1860.6) (+1.3),John H (1863.8),Amaury (1860.9),John H (1863.8),John H (1863.8),Anna Z (1865.0) (-41.1),Anna Z (1865.0),Tom T (1867.6),Anna Z (1865.0),Jamie S (1866.2),Ed B (1867.3),Vincent (1882.3) (+2.1),James S (1876.5) (-48.5),Karsten (1884.1),Vadym (1885.1),Vincent (1888.6) (+22.6),Colin R (1891.1),Oleg (1897.0)
30,,,Chrissy (1721.0),Chrissy (1721.0),Joshua (1754.7),Giles (1745.4) (-65.5),Joshua (1743.7) (-11.0),Enrik (1747.7),Steph (1760.9),Enrik (1747.7),Jonathan (1765.0),Luka (1757.5),Perth (1769.6),Richard B (1762.7) (-11.2),Richard B (1778.6) (+15.9),Tom (1766.6),Alonzo (1768.3),Lukas N (1768.1) (+5.6),Joshua (1783.0),Steffi (1779.0) (-19.6),Etienne (1779.7),Steffi (1779.0),Etienne (1779.7),Steffi (1779.0),Steffi (1779.0),Joshua (1783.0),Enrik (1787.3),Enrik (1787.3),Eugene (1790.4),Enrik (1787.3),Richard B (1787.0) (-11.4),Joshua (1783.0),Lukas N (1784.2) (+51.4),Enrik (1787.3),Mark M (1814.3),Jonathan (1807.1) (-62.8),Anna A (1808.7) (-8.8),Anna A (1808.7),Mark M (1814.3),Mark M (1814.3),Alessandro (1837.6),Mark M (1814.3),Tom (1831.5) (+15.1),Martin H (1832.1),Jonathan (1842.2) (+50.7),Richard B (1847.5) (-11.2),Steph (1853.4),Patrick (1855.4),Patrick (1855.4),Adrian L (1852.5) (-44.7),Steph (1855.3),Alessandro (1837.6),Alessandro (1837.6),Anna A (1836.9),Alessandro (1837.6),Adrian L (1840.7),Adrian L (1840.7),Adrian L (1840.7),Anna A (1845.4) (+8.5),Will P (1850.1),Patrick (1855.4),Will P (1850.1),Will P (1850.1),Will P (1850.1),Patrick (1855.4),Amaury (1860.9),Patrick (1855.4),Patrick (1855.4),Patrick (1855.4),Amaury (1860.9),Patrick (1855.4),Amaury (1860.9),Amaury (1860.9),Steph (1864.8) (+22.8),John H (1863.8),Anna Z (1865.0),John H (1863.8),Anna Z (1865.0),Anna Z (1866.5) (+1.5),Max T (1872.1),Max T (1872.1),Max T (1872.1),Karsten (1884.1),Vadym (1885.1),Vadym (1888.6) (+3.5),Colin R (1891.1)
31,,,Alberto (1711.8),Alberto (1711.8),Enrik (1747.5) (+10.9),Will P (1743.2),Will P (1743.2),Giles (1745.4),Luka (1757.5),Giles (1745.4),Steph (1760.9),Enrik (1747.7),Jonathan (1765.0),Luka (1757.5),Willie (1770.7),Jonathan (1765.0),Tom (1766.6),Tom (1766.6),Etienne (1779.7),Willie (1770.7),Steffi (1779.0),Willie (1770.7),Steffi (1779.0),Lukas N (1776.4) (-15.9),Steph (1775.4) (-13.8),Steffi (1779.0),Joshua (1783.0),Joshua (1783.0),Anna A (1790.2),Joshua (1783.0),Joshua (1783.0),Will P (1780.9),Joshua (1783.0),Joshua (1783.0),Julia T (1802.0),Julia T (1795.8) (-6.2),Jonathan (1807.1),Jonathan (1807.1),Anna A (1808.7),Anna A (1808.7),Mark M (1814.3),Will P (1811.4) (+47.7),Will P (1817.7) (+6.4),Richard B (1828.9) (+37.0),Alessandro (1837.6),Alessandro (1837.6),Adrian L (1842.8),Steph (1853.4),Anna A (1849.9) (+53.4),Anna Z (1851.4) (+46.1),Lukas N (1847.2) (+14.1),John H (1836.7) (-33.0),Anna A (1836.9) (+45.9),John H (1836.7),Anna A (1836.9),Alessandro (1837.6),Alessandro (1837.6),Alessandro (1837.6),Steph (1844.4) (-8.1),Alessandro (1837.6),Will P (1850.1),Alessandro (1837.6),Alessandro (1837.6),Alex Y (1838.0) (-55.1),Will P (1850.1),Patrick (1855.4),Richard B (1854.6) (+31.9),Vivian (1852.3) (+3.5),Lukas N (1839.5) (+4.6),Patrick (1855.4),Oleg (1845.2) (-35.6),Patrick (1855.4),Patrick (1855.4),John H (1863.8),James S (1862.2) (+5.5),John H (1863.8),Amaury (1860.9),John H (1863.8),Jamie S (1866.2),Ed B (1867.3),Ed B (1867.3),Vincent (1869.6) (-22.9),John H (1873.1) (+9.3),Karsten (1884.1),Karsten (1884.1),Max V (1886.0) (+23.6)
32,,,Andy R (1707.7),Andy R (1692.1) (-15.5),Will P (1743.2),Pablo (1725.4) (-14.3),Alberto (1740.2) (+28.4),Will P (1743.2),Lance (1754.5) (-56.4),Colin R (1744.4) (-23.1),Luka (1757.5),Charlie (1745.8) (-34.6),Marinko (1764.4),Charlie (1745.8),Tom (1766.6),Luka (1757.5),Jonathan (1765.0),Jonathan (1765.0),Lukas N (1772.2) (+4.1),Jonathan (1765.0),Eugene (1778.0) (+41.8),Giles (1765.4) (+18.0),Willie (1770.7),Willie (1770.7),Willie (1770.7),Steph (1775.4),Steffi (1779.0),Lukas N (1779.2) (-22.0),Enrik (1787.3),Will P (1780.9) (-13.6),Will P (1780.9),Steffi (1779.0),Steffi (1779.0),Steffi (1779.0),Fergus (1791.2),Pablo (1795.7) (+36.6),Richard B (1804.7) (+15.6),Lukas N (1802.9) (-23.8),Jonathan (1807.1),Jonathan (1807.1),Anna A (1808.7),Anna A (1808.7),Mark M (1814.3),Mark M (1814.3),Martin H (1832.1),Martin H (1832.1),Anna A (1837.7) (+38.6),Will P (1843.7) (+21.0),Steph (1849.3) (-4.1),Will P (1843.7),Alessandro (1837.6),Martin H (1832.1),John H (1836.7),Martin H (1832.1),Will P (1833.6) (+13.2),Anna A (1836.9),Anna A (1836.9),Anna A (1836.9),Alessandro (1837.6),Martin H (1832.1),Lukas N (1842.4) (+23.9),Lukas N (1836.8) (-5.6),Lukas N (1836.8),Alessandro (1837.6),Alex Y (1848.2) (+10.2),Will P (1850.1),Vivian (1848.8) (-35.2),Alessandro (1837.6),Vivian (1837.9) (-14.4),Lukas N (1840.7) (+1.2),Lukas N (1840.7),Steph (1841.8) (+31.2),James S (1851.4) (+24.6),Amaury (1860.9),Amaury (1860.9),Amaury (1860.9),Patrick (1855.4),Amaury (1860.9),John H (1863.8),Jamie S (1866.2),Jamie S (1866.2),Ed B (1867.3),Max T (1872.1),Max T (1872.1),Max T (1872.1),Karsten (1884.1)
33,,,Lucas (1702.0) (+22.1),Lucas (1689.9) (-12.1),Pablo (1739.8) (+12.5),Marg (1724.8),Colin R (1738.6) (-22.9),Jonathan (1721.6),Enrik (1747.7),Giulia (1736.3) (-27.8),Enrik (1747.7),Giles (1745.4),Luka (1757.5),Giles (1745.4),Jonathan (1765.0),Richard B (1756.8) (-21.8),Lukas N (1762.4) (-32.1),Luka (1757.5),Willie (1770.7),Luka (1757.5),Willie (1770.7),Jonathan (1765.0),Giles (1765.4),Giles (1765.4),Giles (1765.4),Colin R (1771.2) (+13.4),Jonathan (1776.2) (+11.2),Steffi (1779.0),Joshua (1783.0),Steffi (1779.0),Steffi (1779.0),Steph (1775.4),Miriam (1775.5),Miriam (1775.5),Richard B (1789.2),Richard B (1789.2),Julia T (1795.8),Julia T (1795.8),Lukas N (1802.9),Lukas N (1802.9),Lukas N (1802.9),Lukas N (1802.9),Bowen (1812.0),Anna A (1808.7),Mark M (1814.3),Will P (1823.5) (+47.9),Alessandro (1837.6),Alessandro (1837.6),Will P (1843.7),Alessandro (1837.6),Martin H (1832.1),Colin R (1827.5) (+3.6),Martin H (1832.1),Colin R (1827.5),Martin H (1832.1),Martin H (1832.1),Martin H (1832.1),Richard B (1834.8) (+4.5),Martin H (1832.1),Aisling (1832.0),Alessandro (1837.6),Richard B (1835.3) (-32.1),Richard B (1835.3),Lukas N (1836.8),Alessandro (1837.6),Alessandro (1837.6),Lukas N (1839.3) (+2.5),Lukas N (1834.9) (-4.5),Alessandro (1837.6),Alessandro (1837.6),Aisling (1840.3) (+8.3),Lukas N (1840.7),Steph (1842.0) (+0.2),James S (1856.7) (+5.3),Steph (1857.7) (-7.1),Patrick (1855.4),Ed B (1851.1) (-29.5),Patrick (1855.4),Amaury (1860.9),John H (1863.8),John H (1863.8),Jamie S (1866.2),Ed B (1867.3),Max V (1871.7) (+64.3),Ed B (1867.3),Max T (1872.1)
34,,,Nat (1701.4),Nat (1641.8) (-59.6),Marg (1724.8) (-46.1),Jonathan (1721.6),Lucas H (1722.6),Alberto (1712.4) (-27.7),Giles (1745.4),Martin H (1715.6) (-28.3),Giles (1745.4),Colin R (1737.2) (+16.4),Charlie (1745.8),Colin R (1737.2),Luka (1757.5),Giles (1745.4),Luka (1757.5),Richard B (1756.8),Tom (1768.0) (+1.4),Patrick L (1748.8) (-36.2),Jonathan (1765.0),Colin R (1763.6) (-62.1),Jonathan (1765.0),Jonathan (1765.0),Jonathan (1765.0),Willie (1770.7),Steph (1775.4),Steph (1775.4),Steffi (1779.0),Steph (1775.4),Steph (1775.4),Tom (1774.7) (+5.2),Etienne (1767.1),Etienne (1767.1),Enrik (1787.3),Enrik (1787.3),Pablo (1795.7),Pablo (1795.7),Julia T (1795.8),Julia T (1795.8),Dan (1798.5),Richard B (1800.2) (+24.4),Anna A (1808.7),Julia T (1795.8),Adrian (1808.6) (-37.6),Colin R (1819.6) (+29.5),Martin H (1832.1),Martin H (1832.1),Alessandro (1837.6),Lukas N (1833.1) (+1.7),Adrian L (1830.1) (-22.4),Julia T (1822.7),Colin R (1827.5),Julia T (1822.7),Colin R (1827.5),Colin R (1827.5),Richard B (1830.3) (+7.7),Martin H (1832.1),Aisling (1832.0),Julia T (1822.7),Martin H (1832.1),Martin H (1832.1),Martin H (1832.1),Richard B (1835.3),Lukas N (1836.8),Lukas N (1836.8),Alessandro (1837.6),Martin H (1832.1),Martin H (1832.1),Martin H (1832.1),James S (1837.9),Alessandro (1837.6),Alessandro (1837.6),Patrick (1855.4),Patrick (1855.4),Steph (1838.9) (-18.8),Adam S (1850.1) (+30.3),Tom T (1850.7) (-28.9),Patrick (1855.4),Amaury (1860.9),Amaury (1860.9),John H (1863.8),Jamie S (1866.2),Ed B (1867.3),Jamie S (1866.2),Ed B (1867.3)
35,,,,,Jonathan (1721.6),Alberto (1711.8),Jonathan (1721.6),Marg (1698.1),Martin H (1744.0) (-30.5),Alberto (1712.4),Giulia (1736.3),Giulia (1736.3),Giles (1745.4),Giulia (1736.3),Giles (1745.4),Colin R (1737.2),Richard B (1756.8),Giles (1745.4),Jonathan (1765.0),Giles (1745.4),Patrick L (1762.6) (+13.8),Patrick L (1762.6),Colin R (1763.6),Colin R (1763.6),Lukas N (1764.7) (-11.7),Etienne (1767.1) (+5.9),Willie (1770.7),Willie (1770.7),Steph (1775.4),Alonzo (1773.8) (-31.7),Rakan (1774.3),Alonzo (1773.8),Jonathan (1766.1) (+42.8),Patrick L (1762.6),Caden (1783.7),Joshua (1783.0),Enrik (1787.3),Enrik (1787.3),Pablo (1795.7),Pablo (1795.7),Julia T (1795.8),Julia T (1795.8),Aisling (1801.4) (+53.6),Pablo (1795.7),Shevy (1796.0) (+19.4),Mark M (1814.3),Adam S (1827.2),Adam S (1827.2),Martin H (1832.1),Martin H (1832.1),Colin R (1823.9) (+4.4),Richard B (1822.6) (-38.8),Julia T (1822.7),Richard B (1822.6),Julia T (1822.7),Julia T (1822.7),Julia T (1822.7),Aisling (1832.0) (+39.4),Adrian L (1828.3) (-12.4),Colin R (1822.5) (+14.0),Aisling (1832.0),Aisling (1832.0),Aisling (1832.0),Martin H (1832.1),Martin H (1832.1),Martin H (1832.1),Anna A (1835.2) (+22.1),Aisling (1832.0),Aisling (1832.0),Aisling (1832.0),Alessandro (1837.6),Martin H (1832.1),Martin H (1832.1),Alessandro (1837.6),Alessandro (1837.6),Alessandro (1837.6),Steph (1838.9),Steph (1838.9),Anna A (1844.4) (+15.8),Patrick (1855.4),Patrick (1855.4),Amaury (1860.9),Vincent (1866.0) (-3.6),Jamie S (1866.2),Max V (1862.4) (-9.3),Jamie S (1866.2)
36,,,,,Alberto (1711.8),Flavia (1683.2) (-71.5),Pablo (1721.3) (-4.1),Lucas H (1694.1) (-28.6),Pablo (1716.7) (+44.6),Pablo (1700.7) (-16.0),Colin R (1720.8) (-23.6),Maiya (1730.4) (-36.4),Lukas N (1744.9) (-36.0),Maiya (1730.4),Colin R (1737.2),Giulia (1736.3),Giles (1745.4),Giulia (1736.3),Luka (1757.5),Giulia (1736.3),Luka (1757.5),Eugene (1759.2) (-18.8),Patrick L (1762.6),Patrick L (1762.6),Patrick L (1762.6),Giles (1765.4),Eugene (1768.7) (+9.5),Etienne (1767.1),Richard B (1769.1) (+60.0),Tom (1768.9) (-88.3),Alonzo (1773.8),Etienne (1767.1),Will P (1764.8) (-16.1),Martin H (1761.9),Joshua (1783.0),Steffi (1779.0),Steph (1784.2) (+43.0),Joshua (1783.0),Adrian (1790.9),Enrik (1787.3),Pablo (1795.7),Pablo (1795.7),Julia T (1795.8),Jonathan (1791.6),Julia T (1795.8),Adrian (1809.2) (+0.7),Will P (1822.7) (-0.9),Colin R (1819.6),Lukas N (1831.4) (-66.3),Colin R (1819.6),Julia T (1822.7) (+27.0),Lukas N (1821.8) (-25.5),Richard B (1822.6),Adam S (1822.1),Richard B (1822.6),Richard B (1822.6),Adam S (1822.1),Julia T (1822.7),Julia T (1822.7),Adam S (1822.1),Julia T (1822.7),Colin R (1831.7) (+34.9),Colin R (1831.7),Aisling (1832.0),Aisling (1832.0),Aisling (1832.0),Martin H (1832.1),Adam S (1822.1),Adam S (1822.1),Adam S (1822.1),Colin R (1837.1) (+18.3),James S (1826.7) (-11.2),Adam S (1819.8) (-2.3),Martin H (1832.1),Martin H (1832.1),Martin H (1832.1),Alessandro (1837.6),Alessandro (1837.6),Benjamin (1841.8),Alessandro (1837.6),Anna A (1854.6) (+29.4),Patrick (1855.4),Amaury (1860.9),Amaury (1860.9),Amaury (1860.9),Amaury (1860.9)
37,,,,,Lucas (1707.6) (+17.7),Andy R (1680.6) (+6.4),Marg (1698.1) (-26.8),Andy R (1680.6),Alberto (1712.4),Marg (1698.4),Martin H (1715.6),Pablo (1729.9) (+44.6),Colin R (1737.2),Lukas N (1723.4) (-21.5),Giulia (1736.3),Maiya (1730.4),Pablo (1744.0) (+40.1),Eugene (1736.1) (-42.8),Giles (1745.4),Eugene (1736.1),Giles (1747.5) (+2.1),Luka (1757.5),Eugene (1759.2),Eugene (1759.2),Etienne (1761.2) (-18.5),Jonathan (1765.0),Etienne (1767.1),Giles (1765.4),Etienne (1767.1),Etienne (1767.1),Tom (1769.4) (+0.6),Patrick L (1762.6),Patrick L (1762.6),Alonzo (1758.2) (+14.1),Steffi (1779.0),Miriam (1775.5),Joshua (1783.0),Rakan (1779.8) (+94.7),Enrik (1787.3),Joshua (1783.0),Enrik (1787.3),Jonathan (1791.6) (-50.7),Pablo (1795.7),Enrik (1787.3),Pablo (1795.7),Anna A (1799.1) (-62.8),Colin R (1819.6),Mark M (1814.3),Colin R (1819.6),Mark M (1814.3),Will P (1821.8) (-21.9),Will W (1820.5) (+75.4),Adam S (1822.1) (+15.1),Will P (1820.4),Adam S (1822.1),Adam S (1822.1),Lukas N (1815.4) (+25.5),Adam S (1822.1),Adam S (1822.1),Miriam (1819.0) (+59.8),Adam S (1822.1),Julia T (1822.7),Adam S (1822.1),Colin R (1831.7),Colin R (1831.7),Colin R (1831.7),Aisling (1832.0),Miriam (1819.0),Miriam (1819.0),Miriam (1819.0),Martin H (1832.1),Adam S (1822.1),Miriam (1819.0),Adam S (1819.8),Anna A (1829.7) (+24.6),Anna A (1828.6) (-1.1),Martin H (1832.1),Martin H (1832.1),Lukas N (1841.7) (+54.9),Benjamin (1832.4) (-9.4),Alessandro (1837.6),Richard B (1848.2) (+33.1),Patrick (1855.4),John H (1857.0) (-16.1),John H (1857.0),John H (1857.0)
38,,,,,Andy R (1674.2) (-18.0),Chrissy (1670.5),Andy R (1680.6),Pablo (1672.1) (-49.2),Marg (1698.4) (+0.3),Lance (1696.4) (-58.2),Alberto (1712.4),Martin H (1715.6),Giulia (1736.3),Martin H (1717.4) (+25.1),Maiya (1730.4),Martin H (1717.4),Giulia (1736.3),Maiya (1730.4),Giulia (1736.3),Richard B (1733.9) (-53.7),Giulia (1736.3),Giulia (1736.3),Luka (1757.5),Luka (1757.5),Eugene (1759.2),Patrick L (1762.6),Giles (1765.4),Patrick L (1762.6),Giles (1766.5) (+1.1),Patrick L (1762.6),Etienne (1767.1),Martin H (1761.9),Martin H (1761.9),Luka (1757.5),Alonzo (1777.6) (+19.3),Etienne (1774.5) (+0.5),Colin R (1780.9) (+35.3),Steffi (1779.0),Joshua (1783.0),Rakan (1779.8),Martin H (1784.2) (+22.2),Enrik (1787.3),Richard B (1791.9) (-8.3),Joshua (1783.0),Lukas N (1794.1) (+28.2),Julia T (1795.8),Mark M (1814.3),Adrian (1809.2),Mark M (1814.3),Tom S (1810.7) (-52.9),Mark M (1814.3),Will P (1820.4) (-1.4),Will P (1820.4),Mark M (1814.3),Mark M (1814.3),Mark M (1814.3),Mark M (1814.3),Lukas N (1818.5) (+3.1),Lukas N (1818.5),Lukas N (1818.5),Miriam (1819.0),Adam S (1822.1),Miriam (1819.0),Adam S (1822.1),Oleg (1825.6),Richard B (1822.7) (+10.0),Adam S (1822.1),Colin R (1816.0) (-5.0),Mark M (1814.3),Colin R (1818.8) (+24.6),Adam S (1822.1),Miriam (1819.0),Mark M (1814.3),Miriam (1819.0),Adam S (1819.8),Adam S (1819.8),Anna A (1828.6),Anna A (1828.6),Alessandro (1837.6),Martin H (1832.1),Benjamin (1832.4),Alessandro (1837.6),Richard B (1848.2),Lukas N (1855.6) (-58.9),Lukas N (1855.6),Lukas N (1855.6)
39,,,,,Chrissy (1670.5) (-50.5),Lucas (1662.7) (-45.0),Flavia (1674.5) (-8.7),Chrissy (1670.5),Lucas H (1694.1),Lucas H (1694.1),Marg (1708.0) (+9.6),Alberto (1712.4),Maiya (1730.4),Marg (1716.1),Martin H (1717.4),Megan (1714.7) (-70.2),Maiya (1730.4),Martin H (1717.4),Eugene (1736.1),Tom (1721.0) (-47.0),Richard B (1733.9),Richard B (1733.9),Giulia (1736.3),Giulia (1736.3),Colin R (1757.8) (-5.8),Eugene (1759.2),Patrick L (1762.6),Luka (1757.5),Patrick L (1762.6),Martin H (1761.9) (+23.3),Patrick L (1762.6),Luka (1757.5),Steph (1761.9) (-13.5),Pablo (1748.0),Miriam (1775.5),Patrick L (1762.6),Steffi (1779.0),Etienne (1774.5),Rakan (1779.8),Steffi (1779.0),Joshua (1783.0),Joshua (1783.0),Jonathan (1791.6),Rakan (1779.8),Colin R (1790.0) (+13.4),Pablo (1795.7),Adrian (1809.2),Nicholas (1805.8) (-0.9),Adrian (1809.2),Adrian (1809.2),Tom S (1810.7),Mark M (1814.3),Mark M (1814.3),Will W (1813.5) (-43.2),Will W (1813.5),Will W (1813.5),Will W (1813.5),Mark M (1814.3),Mark M (1814.3),Mark M (1814.3),Mark M (1814.3),Miriam (1819.0),Mark M (1814.3),Miriam (1819.0),Adam S (1822.1),Adam S (1822.1),Colin R (1821.0) (-10.8),Mark M (1814.3),Will W (1813.5),Mark M (1814.3),Miriam (1819.0),Mark M (1814.3),Will W (1813.5),Mark M (1814.3),Miriam (1819.0),Miriam (1819.0),Miriam (1819.0),Adam S (1819.3) (-30.8),Steph (1835.4) (-3.5),Steph (1831.6) (-3.8),Martin H (1832.1),Benjamin (1832.4),Alessandro (1837.6),Patrick (1855.4),Patrick (1855.4),Patrick (1855.4)
40,,,,,Nat (1628.7) (-13.2),Nat (1581.7) (-46.9),Chrissy (1670.5),Lucas (1662.7),Andy R (1680.6),Andy R (1680.6),Chrissy (1701.4) (+30.9),Chrissy (1701.4),Marg (1716.1) (+47.0),Alberto (1712.4),Alberto (1712.4),Alberto (1712.4),Martin H (1717.4),Megan (1714.7),Martin H (1717.4),Martin H (1717.4),Martin H (1717.4),Martin H (1717.4),Richard B (1733.9),Richard B (1733.9),Luka (1757.5),Luka (1757.5),Luka (1757.5),Giulia (1736.3),Luka (1757.5),Luka (1757.5),Martin H (1761.9),Pablo (1748.0) (+3.1),Luka (1757.5),Colin R (1745.6) (-67.1),Etienne (1774.0) (+6.8),Martin H (1761.9),Etienne (1774.5),Miriam (1772.3),Steph (1779.5) (+40.9),Etienne (1774.5),Rakan (1779.8),Rakan (1779.8),Enrik (1787.3),Steffi (1779.0),Enrik (1787.3),Jonathan (1787.5) (-54.7),Nicholas (1806.7),Nick (1797.6),Adam S (1807.0) (-20.2),Adam S (1807.0),Adrian (1809.2),Tom S (1810.7),Tom S (1810.7),Tom S (1810.7),Tom S (1810.7),Tom S (1810.7),Tom S (1810.7),Will W (1813.5),Will W (1813.5),Will W (1813.5),Will W (1813.5),Mark M (1814.3),Caden (1813.6) (+9.3),Mark M (1814.3),Miriam (1819.0),Miriam (1819.0),Miriam (1819.0),Will W (1813.5),Richard B (1811.6) (+7.4),Will W (1813.5),Mark M (1814.3),Will W (1813.5),Adrian (1809.2),Will W (1813.5),Mark M (1814.3),Mark M (1814.3),Max V (1814.8) (+79.3),Miriam (1819.0),Martin H (1832.1),Anna A (1825.2) (-19.3),Steph (1831.6),Martin H (1832.1),Steph (1834.2) (+2.6),Richard B (1848.2),Richard B (1850.7) (+2.5),Steph (1848.8) (-1.2)
41,,,,,,,Lucas (1662.7),Flavia (1623.6) (-50.9),Chrissy (1670.5),Chrissy (1670.5),Lance (1696.4),Lance (1696.4),Alberto (1712.4),Pablo (1703.9) (-7.7),Marg (1704.2) (-11.9),Marg (1704.2),Megan (1714.7),Alberto (1712.4),Megan (1714.7),Megan (1714.7),Megan (1714.7),Megan (1714.7),Martin H (1717.4),Martin H (1717.4),Richard B (1743.2) (+9.4),Giulia (1736.3),Giulia (1736.3),Jonathan (1718.4) (-57.8),Lukas N (1743.9) (-35.2),Giles (1740.5) (-26.0),Luka (1757.5),Eugene (1741.1) (-46.9),Eugene (1755.2) (+14.1),Steph (1741.3) (-20.7),Patrick L (1762.6),Luka (1757.5),Miriam (1772.3) (-3.2),Alix S (1763.5),Steffi (1779.0),Steph (1772.5) (-7.0),Steffi (1779.0),Steffi (1779.0),Lukas N (1783.9) (-19.0),Colin R (1776.7),Rakan (1779.8),Enrik (1787.3),Nick (1797.6),Anna A (1796.6) (-41.2),Nicholas (1805.8),Nicholas (1805.8),Adam S (1807.0),Adrian (1809.2),Adrian (1809.2),Adrian (1809.2),Adrian (1809.2),Adrian (1809.2),Adrian (1809.2),Tom S (1810.7),Anna Z (1809.3) (+0.9),Adrian (1809.2),Adrian (1809.2),Will W (1813.5),Will W (1813.5),Will W (1813.5),Mark M (1814.3),Mark M (1814.3),Mark M (1814.3),Adrian (1809.2),Adrian (1809.2),Adrian (1809.2),Will W (1813.5),Adrian (1809.2),Nicholas (1805.8),Adrian (1809.2),Will W (1813.5),Will W (1813.5),Mark M (1814.3),Mark M (1814.3),Richard B (1820.2) (+21.7),Adam S (1819.3),Adam S (1819.3),Steph (1831.6),Colin R (1832.5) (+36.1),Alessandro (1837.6),Steph (1850.0) (+19.4),Alessandro (1837.6)
42,,,,,,,Nat (1581.7),Nat (1581.7),Lucas (1662.7),Lucas (1662.7),Lucas H (1694.1),Lucas H (1694.1),Pablo (1711.6) (-18.3),Chrissy (1701.4),Pablo (1703.9),Pablo (1703.9),Alberto (1712.4),Chrissy (1701.4),Alberto (1712.4),Maiya (1714.6) (+18.4),Maiya (1714.6),Maiya (1714.6),Megan (1714.7),Megan (1714.7),Giulia (1736.3),Richard B (1734.9) (-8.3),Martin H (1717.4),Martin H (1717.4),Martin H (1738.7) (+21.2),Giulia (1736.3),Lukas N (1753.4) (+31.6),Giles (1740.5),Pablo (1748.0),Giles (1740.5),Martin H (1761.9),Colin R (1745.6),Alix S (1763.5),Patrick L (1762.6),Etienne (1774.5),Richard B (1766.2) (-59.5),Richard B (1775.7) (+9.5),Colin R (1776.7) (+30.4),Joshua (1783.0),Shevy (1776.6),Steffi (1779.0),Rakan (1779.8),Julia T (1795.8),Julia T (1795.8),Anna Z (1805.4),Nick (1797.6),Nicholas (1805.8),Adam S (1807.0),Anna Z (1808.4) (-57.3),Anna Z (1808.4),Anna Z (1808.4),Anna Z (1808.4),Anna Z (1808.4),Adrian (1809.2),Adrian (1809.2),Nicholas (1805.8),Nicholas (1805.8),Adrian (1809.2),Anna A (1811.4) (+19.7),Caden (1812.3) (-1.3),Will W (1813.5),Will W (1813.5),Will W (1813.5),Nicholas (1805.8),Max V (1808.1),Nicholas (1805.8),Steph (1810.6) (+20.7),Nicholas (1805.8),Anna A (1805.1),Nicholas (1805.8),Adrian (1809.2),Adrian (1809.2),Will W (1813.5),Will W (1813.5),Adam S (1819.3),Miriam (1819.0),Miriam (1819.0),Max V (1822.7) (+72.6),Benjamin (1832.4),Benjamin (1832.4),Alessandro (1837.6),Benjamin (1832.4)
43,,,,,,,,,Flavia (1623.6),Flavia (1623.6),Pablo (1685.2) (-15.4),Andy R (1680.6),Chrissy (1701.4),Lance (1696.4),Chrissy (1701.4),Chrissy (1701.4),Chrissy (1701.4),Pablo (1698.2) (-45.8),Chrissy (1701.4),Alberto (1712.4),Alberto (1712.4),Alberto (1712.4),Maiya (1714.6),Maiya (1714.6),Martin H (1717.4),Martin H (1717.4),Megan (1714.7),Megan (1714.7),Giulia (1736.3),Lukas N (1721.8) (-22.1),Pablo (1744.9) (+46.6),Giulia (1736.3),Alonzo (1744.1) (-29.7),Will P (1739.1) (-25.6),Pablo (1759.1) (+11.1),Steph (1741.3),Patrick L (1762.6),Martin H (1761.9),Alix S (1763.5),Alix S (1763.5),Etienne (1774.5),Shevy (1776.6) (-75.8),Rakan (1779.8),Etienne (1774.5),Will P (1775.7) (+23.6),Steffi (1779.0),Pablo (1795.7),Pablo (1795.7),Nick (1797.6),Julia T (1795.8),Nick (1797.6),Nicholas (1805.8),Nicholas (1805.8),Nicholas (1805.8),Nicholas (1805.8),Nicholas (1805.8),Colin R (1806.4) (-21.2),Anna Z (1808.4),Colin R (1808.6) (+22.1),Adrian L (1801.9) (-26.4),Adrian L (1801.9),Nicholas (1805.8),Anna Z (1809.8) (+24.9),Adrian (1809.2),Richard B (1812.7) (-22.5),Anna A (1813.1) (-102.4),Will P (1812.2) (-37.9),Richard B (1804.2) (-50.4),Nicholas (1805.8),Adrian L (1801.9),Adrian (1809.2),Anna A (1805.1) (+8.5),Adrian L (1801.9),Anna A (1805.1),Nicholas (1805.8),Nicholas (1805.8),Adrian (1809.2),Adrian (1809.2),Miriam (1819.0),Mark M (1814.3),Richard B (1815.1) (+20.2),Adam S (1819.3),Martin H (1832.1),Martin H (1832.1),Benjamin (1832.4),Martin H (1832.1)
44,,,,,,,,,Nat (1581.7),Nat (1581.7),Andy R (1680.6),Marg (1669.1) (-38.9),Lance (1696.4),Marinko (1695.8) (-68.6),Marinko (1695.8),Marinko (1695.8),Marinko (1695.8),Marinko (1695.8),Pablo (1698.2),Chrissy (1701.4),Chrissy (1701.4),Chrissy (1701.4),Alberto (1712.4),Alberto (1712.4),Megan (1714.7),Megan (1714.7),Maiya (1714.6),Maiya (1714.6),Jonathan (1718.4),Jonathan (1718.4),Giles (1740.5),Lukas N (1732.9) (-20.5),Giles (1740.5),Giulia (1736.3),Luka (1757.5),Giles (1740.5),Martin H (1761.9),Luka (1757.5),Patrick L (1762.6),Patrick L (1762.6),Steph (1773.8) (+1.3),Etienne (1774.5),Steffi (1779.0),Miriam (1774.3),Etienne (1774.5),Caden (1779.0) (+56.4),Jonathan (1787.5),Jonathan (1787.5),Julia T (1795.8),Pablo (1795.7),Pablo (1795.7),Nick (1797.6),Nick (1797.6),Nick (1797.6),Nick (1797.6),Nick (1797.6),Nicholas (1805.8),Nicholas (1805.8),Nicholas (1805.8),Nick (1797.6),Nick (1797.6),Caden (1804.3) (+35.9),Adrian (1809.2),Nicholas (1805.8),Adrian (1809.2),Adrian (1809.2),Adrian (1809.2),Adrian L (1801.9),Adrian L (1801.9),Richard B (1800.2) (-11.4),Nicholas (1805.8),Adrian L (1801.9),Richard B (1798.4),Adrian L (1801.9),Adrian L (1801.9),Adrian L (1801.9),Nicholas (1805.8),Nicholas (1805.8),Mark M (1814.3),Will W (1813.5),Mark M (1814.3),Miriam (1819.0),Tom S (1831.1) (+53.5),Steph (1830.6) (-3.5),Martin H (1832.1),Richard B (1826.0) (-24.7)
45,,,,,,,,,,,Lucas (1662.7),Lucas (1662.7),Lucas H (1694.1),Perth (1695.1) (-74.5),Perth (1695.1),Perth (1695.1),Perth (1695.1),Perth (1695.1),Maiya (1696.2) (-34.1),Pablo (1698.2),Pablo (1698.2),Pablo (1698.2),Chrissy (1701.4),Chrissy (1701.4),Maiya (1714.6),Maiya (1714.6),Alberto (1712.4),Alberto (1712.4),Megan (1714.7),Megan (1714.7),Giulia (1736.3),Jonathan (1723.3),Giulia (1736.3),Eugene (1724.6) (-30.7),Colin R (1745.6),Will P (1739.1),Luka (1757.5),Colin R (1752.8) (-28.1),Martin H (1761.9),Martin H (1761.9),Will P (1763.7) (+42.6),Miriam (1774.3) (+47.7),Colin R (1776.7),Duncan (1773.8),Miriam (1774.3),Etienne (1774.5),Enrik (1787.3),Enrik (1787.3),Pablo (1795.7),Anna A (1791.0) (-58.9),Anna A (1791.0),Pablo (1795.7),Pablo (1795.7),Pablo (1795.7),Pablo (1795.7),Caden (1797.3) (+16.7),Nick (1797.6),Nick (1797.6),Tom S (1802.5) (-8.2),Pablo (1795.7),Colin R (1796.8) (-25.7),Adrian L (1801.9),Nicholas (1805.8),Adrian L (1801.9),Nicholas (1805.8),Nicholas (1805.8),Nicholas (1805.8),Nick (1797.6),Nick (1797.6),Nick (1797.6),Adrian L (1801.9),Richard B (1798.4) (+9.3),Ed B (1797.6),Colin R (1801.4) (+15.9),Colin R (1801.4),Colin R (1801.4),Adrian L (1801.9),Adrian L (1801.9),Will W (1813.5),Adrian (1809.2),Will W (1813.5),Mark M (1814.3),Will P (1829.0) (+59.3),Miriam (1819.0),Tom S (1827.1) (+16.7),Miriam (1819.0)
46,,,,,,,,,,,Flavia (1622.1) (-1.5),Flavia (1605.5) (-16.6),Martin H (1692.3) (-23.3),Lucas H (1694.1),Lucas H (1694.1),Lucas H (1694.1),Lucas H (1694.1),Lucas H (1694.1),Marinko (1695.8),Marinko (1695.8),Marinko (1695.8),Marinko (1695.8),Pablo (1698.2),Pablo (1698.2),Alberto (1712.4),Alberto (1712.4),Richard B (1708.6) (-26.3),Richard B (1709.1) (+0.6),Maiya (1714.6),Maiya (1714.6),Jonathan (1723.3) (+4.9),Jana (1721.7),Jana (1721.7),Jana (1721.7),Steph (1741.3),Giulia (1736.3),Will P (1754.5) (+15.3),Giles (1740.5),Luka (1757.5),Luka (1757.5),Alix S (1763.5),Alix S (1763.5),Shevy (1776.6),Bowen (1772.8) (-39.2),Duncan (1773.8),Miriam (1774.3),Rakan (1779.8),Rakan (1779.8),Jonathan (1787.5),Jonathan (1787.5),Jonathan (1787.5),Anna A (1791.0),Miriam (1790.5) (+16.2),Lukas N (1790.0),Lukas N (1790.0),Pablo (1795.7),Pablo (1795.7),Pablo (1795.7),Nick (1797.6),Anna A (1791.7) (-53.7),Pablo (1795.7),Nick (1797.6),Adrian L (1801.9),Maxim (1797.6) (+57.6),Adrian L (1801.9),Adrian L (1801.9),Adrian L (1801.9),Pablo (1795.7),Pablo (1795.7),Pablo (1795.7),Nick (1797.6),Nick (1797.6),Nick (1797.6),Richard B (1798.4),Richard B (1798.4),Richard B (1798.4),Colin R (1801.4),Colin R (1801.4),Adrian (1809.2),Nicholas (1805.8),Adrian (1809.2),Will W (1813.5),Miriam (1819.0),Mark M (1814.3),Miriam (1819.0),Fedor (1817.6) (+36.4)
47,,,,,,,,,,,Nat (1570.2) (-11.5),Nat (1570.2),Andy R (1680.6),Andy R (1680.6),Lance (1667.0) (-29.4),Lance (1677.2) (+10.2),Marg (1689.9) (-14.3),Marg (1689.9),Perth (1695.1),Perth (1695.1),Perth (1695.1),Perth (1695.1),Marinko (1695.8),Marinko (1695.8),Chrissy (1701.4),Chrissy (1701.4),Chrissy (1701.4),Chrissy (1701.4),Alberto (1712.4),Alberto (1712.4),Jana (1721.7),Marinko (1720.1) (+42.6),Aisling (1720.9) (-73.2),Aisling (1720.9),Giles (1740.5),Jenna (1733.6),Giles (1740.5),Steph (1738.6) (-45.6),Feddy (1754.9),Colin R (1752.8),Patrick L (1762.6),Patrick L (1762.6),Etienne (1774.5),Aisling (1771.6) (-29.8),Steph (1773.7) (+8.8),Duncan (1773.8),Steffi (1779.0),Steffi (1779.0),Enrik (1787.3),Enrik (1787.3),Enrik (1787.3),Jonathan (1787.5),Lukas N (1790.0) (-31.8),Jonathan (1787.5),Jonathan (1787.5),Lukas N (1790.0),Aisling (1792.5) (+20.9),Jonathan (1787.5),Pablo (1795.7),Jonathan (1787.5),Anna A (1791.7),Pablo (1795.7),Nick (1797.6),Nick (1797.6),Nick (1797.6),Nick (1797.6),Nick (1797.6),Maxim (1791.4),Colin R (1794.2) (-21.8),Maxim (1791.4),Anna A (1796.6) (+30.0),Pablo (1795.7),Pablo (1795.7),Nick (1797.6),Nick (1797.6),Nick (1797.6),Richard B (1798.4),Richard B (1798.4),Shevy (1808.1) (+31.4),Adrian L (1801.9),Will P (1809.1) (+8.9),Adrian (1809.2),Mark M (1814.3),Will W (1813.5),Will W (1813.5),Will W (1813.5)
48,,,,,,,,,,,,,Lucas (1662.7),Lucas (1662.7),Lucas (1662.7),Lucas (1662.7),Lance (1677.2),Lance (1677.2),Lucas H (1694.1),Lucas H (1694.1),Lucas H (1694.1),Lucas H (1694.1),Perth (1695.1),Perth (1695.1),Pablo (1698.2),Pablo (1698.2),Pablo (1698.2),Pablo (1698.2),Chrissy (1701.4),Chrissy (1701.4),Megan (1714.7),Megan (1714.7),Marinko (1720.1),Marinko (1720.1),Will P (1739.1),Alonzo (1729.2) (-48.3),Giulia (1736.3),Giulia (1736.3),Colin R (1752.8),Aisling (1747.8) (+9.2),Luka (1757.5),Dan (1762.3) (-36.2),Miriam (1774.3),Lukas N (1765.9) (-18.0),Bowen (1772.8),Bowen (1772.8),Caden (1779.0),Caden (1779.0),Rakan (1779.8),Rakan (1779.8),Caden (1780.6) (+1.5),Enrik (1787.3),Jonathan (1787.5),Enrik (1787.3),Enrik (1787.3),Jonathan (1787.5),Shevy (1788.8) (+21.4),Enrik (1787.3),Jonathan (1787.5),Enrik (1787.3),Jonathan (1787.5),Anna A (1791.7),Pablo (1795.7),Pablo (1795.7),Pablo (1795.7),Pablo (1795.7),Pablo (1795.7),Jonathan (1787.5),Steph (1793.9) (+18.0),Steph (1789.9) (-3.9),Pablo (1795.7),Maxim (1791.4),Lukas N (1791.8) (-48.9),Pablo (1795.7),Pablo (1795.7),Pablo (1795.7),Nick (1797.6),Nick (1797.6),Nicholas (1805.8),Colin R (1801.4),Shevy (1808.3) (+75.4),Nicholas (1805.8),Will W (1813.5),Tom S (1810.4) (-20.7),Adrian (1809.2),Adrian (1809.2)
49,,,,,,,,,,,,,Flavia (1605.5),Flavia (1605.5),Andy R (1659.6) (-20.9),Andy R (1623.5) (-36.1),Lucas (1662.7),Lucas (1662.7),Marg (1689.9),Marg (1689.9),Lance (1677.2),Lance (1677.2),Lucas H (1694.1),Lucas H (1694.1),Marinko (1695.8),Marinko (1695.8),Lucas H (1694.1),Lucas H (1694.1),Pablo (1698.2),Pablo (1698.2),Maiya (1714.6),Maiya (1714.6),Megan (1714.7),Megan (1714.7),Giulia (1736.3),Jana (1721.7),Jenna (1733.6),Jenna (1733.6),Miriam (1746.5) (-25.7),Miriam (1746.5),Aisling (1747.8),Luka (1757.5),Alix S (1763.5),Steph (1764.9) (+31.0),Aisling (1771.6),Aisling (1771.6),Etienne (1774.5),Etienne (1774.5),Steffi (1779.0),Steffi (1779.0),Rakan (1779.8),Caden (1784.0) (+3.4),Enrik (1787.3),Caden (1785.4) (+14.4),Caden (1780.6) (-4.8),Enrik (1787.3),Jonathan (1787.5),Colin R (1786.4) (-19.9),Enrik (1787.3),Anna Z (1784.9) (-24.4),Enrik (1787.3),Jonathan (1787.5),Jonathan (1787.5),Jonathan (1787.5),Maxim (1790.2) (-7.5),Maxim (1791.4) (+1.2),Maxim (1791.4),Enrik (1787.3),Maxim (1791.4),Jonathan (1787.5),Maxim (1791.4),Jonathan (1787.5),Maxim (1791.4),Maxim (1791.4),Maxim (1791.4),Maxim (1791.4),Pablo (1795.7),Pablo (1795.7),Adrian L (1801.9),Will P (1800.2) (+35.2),Colin R (1807.3) (+5.9),Shevy (1802.4) (-5.9),Adrian (1809.2),Will P (1809.7) (-19.2),Nicholas (1805.8),Nicholas (1805.8)
50,,,,,,,,,,,,,Nat (1570.2),Nat (1570.2),Flavia (1605.5),Flavia (1605.5),Andy R (1623.5),Andy R (1623.5),Lance (1677.2),Lance (1677.2),Marg (1674.1) (-15.7),Marg (1674.1),Lance (1677.2),Lance (1677.2),Lucas H (1694.1),Lucas H (1694.1),Marinko (1691.1) (-4.8),Marinko (1685.7) (-5.4),Lucas H (1694.1),Lucas H (1694.1),Alberto (1712.4),Alberto (1712.4),Maiya (1714.6),Maiya (1714.6),Jenna (1733.6),Caden (1721.4) (-62.3),Alonzo (1729.2),Will P (1730.8) (-23.7),Will P (1740.9) (+10.1),Giles (1740.5),Colin R (1746.3) (-6.5),Steph (1752.3) (-21.5),Patrick L (1762.6),Alix S (1763.5),Alix S (1763.5),Shevy (1767.4) (-28.6),Miriam (1774.3),Miriam (1774.3),Caden (1779.0),Caden (1779.0),Steffi (1779.0),Rakan (1779.8),Rakan (1779.8),Rakan (1779.8),Rakan (1779.8),Rakan (1779.8),Enrik (1787.3),Rakan (1779.8),Rakan (1779.8),Caden (1781.0) (+51.7),Anna Z (1784.9),Enrik (1787.3),Enrik (1787.3),Enrik (1787.3),Jonathan (1787.5),Jonathan (1787.5),Jonathan (1787.5),Purse (1780.5),Jonathan (1787.5),Enrik (1787.3),Richard B (1789.1) (-11.0),Enrik (1787.3),Jonathan (1787.5),Jonathan (1787.5),Jonathan (1787.5),Jonathan (1787.5),Maxim (1791.4),Maxim (1791.4),Colin R (1801.4),Nick (1797.6),Nicholas (1805.8),Adrian L (1801.9),Max V (1807.4) (-15.3),Adrian (1809.2),Will P (1805.5) (-4.2),Tom S (1804.2) (-23.0)
51,,,,,,,,,,,,,,,Nat (1570.2),Nat (1570.2),Flavia (1605.5),Flavia (1605.5),Lucas (1662.7),Lucas (1662.7),Lucas (1662.7),Lucas (1662.7),Marg (1663.7) (-10.4),Marg (1663.7),Lance (1677.2),Lance (1677.2),Lance (1677.2),Lance (1677.2),Lance (1677.2),Lance (1677.2),Chrissy (1701.4),Rakan (1707.3) (-67.0),Alberto (1712.4),Alberto (1712.4),Jana (1721.7),Aisling (1720.9),Jana (1721.7),Alonzo (1729.2),Giles (1740.5),Giulia (1736.3),Giles (1740.5),Aisling (1747.8),Dan (1762.3),Patrick L (1762.6),Patrick L (1762.6),Alix S (1763.5),Duncan (1773.8),Duncan (1773.8),Etienne (1774.5),Etienne (1774.5),Etienne (1774.5),Steffi (1779.0),Steffi (1779.0),Steffi (1779.0),Steffi (1779.0),Steffi (1779.0),Rakan (1779.8),Steffi (1779.0),Steffi (1779.0),Rakan (1779.8),Rakan (1779.8),Anna Z (1784.9),Julia T (1786.4) (-36.3),Julia T (1786.4),Enrik (1787.3),Enrik (1787.3),Enrik (1787.3),Rakan (1779.8),Enrik (1787.3),Purse (1780.5),Jonathan (1787.5),Aisling (1786.9) (-53.3),Enrik (1787.3),Enrik (1787.3),Enrik (1787.3),Enrik (1787.3),Jonathan (1787.5),Jonathan (1787.5),Nick (1797.6),Pablo (1795.7),Adrian L (1801.9),Vova (1801.9),Nicholas (1805.8),Nicholas (1805.8),Shevy (1802.4),Shevy (1802.4)
52,,,,,,,,,,,,,,,,,Nat (1570.2),Nat (1570.2),Andy R (1632.1) (+8.6),Flavia (1605.5),Flavia (1605.5),Flavia (1605.5),Lucas (1662.7),Lucas (1662.7),Marg (1664.7) (+1.0),Marg (1664.7),Marg (1668.0) (+3.3),Marg (1668.0),Marinko (1672.5) (-13.2),Lucas (1662.7),Lucas H (1694.1),Chrissy (1701.4),Rakan (1707.3),Rakan (1707.3),Aisling (1720.9),Marinko (1720.1),Caden (1721.4),Jana (1721.7),Aisling (1738.6) (+17.7),Feddy (1735.7) (-19.3),Giulia (1736.3),Giles (1740.5),Luka (1757.5),Dan (1762.3),Dan (1762.3),Patrick L (1762.6),Bowen (1772.8),Bowen (1772.8),Miriam (1774.3),Miriam (1774.3),Miriam (1774.3),Etienne (1774.5),Etienne (1774.5),Etienne (1774.5),Etienne (1774.5),Etienne (1774.5),Steffi (1779.0),Etienne (1774.5),Etienne (1774.5),Steffi (1779.0),Steffi (1779.0),Rakan (1779.8),Rakan (1779.8),Rakan (1779.8),Rakan (1779.8),Rakan (1779.8),Purse (1780.5),Steffi (1779.0),Will P (1784.3) (+21.8),Rakan (1779.8),Enrik (1787.3),Colin R (1785.9) (-51.2),Aisling (1786.9),Aisling (1786.9),Aisling (1786.9),Aisling (1786.9),Enrik (1787.3),Enrik (1787.3),Pablo (1795.7),Richard B (1794.9) (-25.3),Vova (1801.9),Nick (1797.6),Shevy (1802.4),Shevy (1802.4),Adrian L (1801.9),Adrian L (1801.9)
53,,,,,,,,,,,,,,,,,,,Flavia (1605.5),Andy R (1598.4) (-33.7),Andy R (1598.4),Andy R (1598.4),Andy R (1612.7) (+14.3),Flavia (1605.5),Perth (1662.7) (-32.4),Lucas (1662.7),Lucas (1662.7),Lucas (1662.7),Lucas (1662.7),Marinko (1659.1) (-13.4),Marinko (1677.4) (+18.3),Lucas H (1694.1),Marg (1707.1) (+55.2),Marg (1707.1),Marinko (1720.1),Eugene (1716.3) (+15.0),Aisling (1720.9),Caden (1721.4),Giulia (1736.3),Jenna (1733.6),Feddy (1735.7),Giulia (1736.3),Giles (1740.5),Luka (1757.5),Luka (1757.5),Dan (1762.3),Aisling (1771.6),Aisling (1771.6),Duncan (1773.8),Duncan (1773.8),Duncan (1773.8),Miriam (1774.3),Duncan (1773.8),Duncan (1773.8),Duncan (1773.8),Duncan (1773.8),Etienne (1774.5),Duncan (1773.8),Duncan (1773.8),Etienne (1774.5),Etienne (1774.5),Steffi (1779.0),Steffi (1779.0),Steffi (1779.0),Steffi (1779.0),Steffi (1779.0),Rakan (1779.8),Steph (1775.9),Purse (1780.5),Steffi (1779.0),Purse (1780.5),Max (1784.4) (+15.4),Colin R (1785.5) (-0.4),Lukas N (1786.8) (-5.0),Lukas N (1786.8),Lukas N (1786.8),Aisling (1786.9),Aisling (1786.9),Maxim (1791.4),Maxim (1791.4),Nick (1797.6),Colin R (1796.4) (-10.9),Adrian L (1801.9),Adrian L (1801.9),Vova (1801.9),Vova (1801.9)
54,,,,,,,,,,,,,,,,,,,Nat (1570.2),Nat (1570.2),Nat (1570.2),Nat (1570.2),Flavia (1605.5),Andy R (1593.7) (-19.0),Lucas (1662.7),Perth (1638.7) (-24.0),Perth (1638.7),Perth (1638.7),Marg (1651.9) (-16.1),Marg (1651.9),Lance (1677.2),Lance (1677.2),Chrissy (1701.4),Chrissy (1701.4),Megan (1714.7),Megan (1714.7),Marinko (1720.1),Aisling (1720.9),Jenna (1733.6),Alonzo (1729.2),Jenna (1733.6),Feddy (1735.7),Alex (1739.9),Will P (1752.1) (-65.6),Giles (1740.5),Luka (1757.5),Shevy (1767.4),Shevy (1767.4),Bowen (1772.8),Bowen (1772.8),Bowen (1772.8),Duncan (1773.8),Bowen (1772.8),Bowen (1772.8),Bowen (1772.8),Bowen (1772.8),Duncan (1773.8),Bowen (1772.8),Bowen (1772.8),Duncan (1773.8),Duncan (1773.8),Etienne (1774.5),Etienne (1774.5),Steph (1775.9) (-91.7),Caden (1777.1) (-35.2),Steph (1775.9),Steffi (1779.0),Etienne (1774.5),Rakan (1779.8),Duncan (1773.8),Rakan (1779.8),Purse (1780.5),Max (1784.4),Max (1784.4),Max (1784.4),Max (1784.4),Lukas N (1786.8),Lukas N (1786.8),Fedor (1791.3),Jonathan (1787.5),Pablo (1795.7),Pablo (1795.7),Vova (1801.9),Vova (1801.9),Adam S (1799.3),Adam S (1799.3)
55,,,,,,,,,,,,,,,,,,,,,,,Nat (1570.2),Nat (1570.2),Flavia (1605.5),Flavia (1605.5),Flavia (1605.5),Flavia (1605.5),Perth (1638.7),Perth (1638.7),Lucas (1662.7),Lucas (1662.7),Lucas H (1694.1),Lucas H (1694.1),Maiya (1714.6),Maiya (1714.6),Eugene (1716.3),Marinko (1720.1),Alonzo (1729.2),Jana (1721.7),Miriam (1726.6) (-20.0),Jenna (1733.6),Giulia (1736.3),Giles (1740.5),Alex (1738.5),Eugene (1748.2) (+47.5),Patrick L (1762.6),Patrick L (1762.6),Aisling (1771.6),Aisling (1771.6),Aisling (1771.6),Bowen (1772.8),Aisling (1771.6),Aisling (1771.6),Aisling (1771.6),Aisling (1771.6),Bowen (1772.8),Miriam (1771.2),Jack B (1769.7),Bowen (1772.8),Bowen (1772.8),Duncan (1773.8),Duncan (1773.8),Etienne (1774.5),Steph (1775.9),Etienne (1774.5),Nicholas P (1777.3),Duncan (1773.8),Steffi (1779.0),Bowen (1772.8),Steffi (1779.0),Rakan (1779.8),Purse (1780.5),Purse (1780.5),Purse (1780.5),Purse (1780.5),Max (1784.4),Max (1784.4),Jonathan (1787.5),Enrik (1787.3),Maxim (1791.4),Maxim (1791.4),Adam S (1799.3) (-20.0),Adam S (1799.3),Nick (1797.6),Nick (1797.6)
56,,,,,,,,,,,,,,,,,,,,,,,,,Andy R (1593.7),Andy R (1593.7),Andy R (1593.7),Andy R (1593.7),Flavia (1605.5),Flavia (1605.5),Marg (1651.9),Marg (1651.9),Lance (1677.2),Lance (1677.2),Alberto (1712.4),Alberto (1712.4),Megan (1714.7),Eugene (1716.3),Jana (1721.7),Will P (1721.1) (-19.8),Alonzo (1725.4) (-3.8),Jana (1721.7),Feddy (1735.7),Alex (1738.5) (-1.4),Joshua (1737.0) (-46.0),Giles (1740.5),Dan (1762.3),Dan (1762.3),Shevy (1767.4),Shevy (1767.4),Shevy (1767.4),Aisling (1771.6),Caden (1770.9) (-13.1),Miriam (1771.2) (-19.3),Miriam (1771.2),Miriam (1771.2),Miriam (1771.2),Patrick L (1762.6),Patrick L (1762.6),Patrick L (1762.6),Caden (1768.4) (-12.5),Bowen (1772.8),Bowen (1772.8),Duncan (1773.8),Etienne (1774.5),Duncan (1773.8),Steph (1775.9),Bowen (1772.8),Etienne (1778.6) (+4.1),Anna A (1766.6),Will P (1778.7) (+20.8),Steffi (1779.0),Rakan (1779.8),Rakan (1779.8),Rakan (1779.8),Rakan (1779.8),Idris (1780.6),Idris (1780.6),Enrik (1787.3),Aisling (1786.9),Jonathan (1787.5),Jonathan (1787.5),Nick (1797.6),Nick (1797.6),Pablo (1795.7),Pablo (1795.7)
57,,,,,,,,,,,,,,,,,,,,,,,,,Nat (1570.2),Nat (1570.2),Nat (1553.7) (-16.5),Nat (1529.3) (-24.4),Andy R (1593.7),Andy R (1593.7),Perth (1638.7),Perth (1638.7),Lucas (1662.7),Lucas (1662.7),Marg (1712.2) (+5.2),Marg (1712.2),Maiya (1714.6),Megan (1714.7),Marinko (1720.1),Marinko (1720.1),Jana (1721.7),Marinko (1720.1),Steph (1733.9) (-18.4),Giulia (1736.3),Matilda (1736.7),Alex (1738.5),Luka (1757.5),Luka (1757.5),Patrick L (1762.6),Patrick L (1762.6),Patrick L (1762.6),Shevy (1767.4),Shevy (1767.4),Shevy (1767.4),Shevy (1767.4),Shevy (1767.4),Patrick L (1762.6),Dan (1762.3),Dan (1762.3),Dan (1762.3),Patrick L (1762.6),Patrick L (1762.6),Patrick L (1762.6),Bowen (1772.8),Duncan (1773.8),Bowen (1772.8),Etienne (1774.5),Patrick L (1762.6),Duncan (1773.8),Patrick L (1762.6),Shevy (1776.7) (+35.4),Shevy (1776.7),Steffi (1779.0),Steffi (1779.0),Steffi (1779.0),Steffi (1779.0),Purse (1780.5),Purse (1780.5),Aisling (1786.9),Max (1784.4),Enrik (1787.3),Enrik (1787.3),Pablo (1795.7),Pablo (1795.7),Maxim (1791.4),Maxim (1791.4)
58,,,,,,,,,,,,,,,,,,,,,,,,,,,,,Nat (1529.3),Nat (1529.3),Flavia (1605.5),Flavia (1605.5),Perth (1638.7),Perth (1638.7),Rakan (1707.3),Fergus (1711.1) (-80.1),Alberto (1712.4),Maiya (1714.6),Caden (1716.9) (-4.5),Eugene (1716.3),Marinko (1720.1),Megan (1714.7),Jenna (1733.6),Feddy (1735.7),Giulia (1736.3),Giulia (1736.3),Rowena (1745.5),Eugene (1745.1) (+2.2),Dan (1762.3),Dan (1762.3),Dan (1762.3),Patrick L (1762.6),Patrick L (1762.6),Patrick L (1762.6),Patrick L (1762.6),Patrick L (1762.6),Dan (1762.3),Luka (1757.5),Miriam (1759.1) (-12.0),Luka (1757.5),Dan (1762.3),Dan (1762.3),Dan (1762.3),Patrick L (1762.6),Bowen (1772.8),Patrick L (1762.6),Duncan (1773.8),Will P (1762.5) (-49.7),Bowen (1772.8),Dan (1762.3),Duncan (1773.8),Duncan (1773.8),Shevy (1776.7),Shevy (1776.7),Shevy (1776.7),Shevy (1776.7),Rakan (1779.8),Rakan (1779.8),Max (1784.4),Idris (1780.6),Aisling (1786.9),Aisling (1786.9),Maxim (1791.4),Maxim (1791.4),Mark M (1788.9) (-25.4),Will P (1791.1) (-14.4)
59,,,,,,,,,,,,,,,,,,,,,,,,,,,,,,,Andy R (1593.7),Andy R (1593.7),Flavia (1605.5),Flavia (1605.5),Chrissy (1701.4),Rakan (1707.3),Marg (1705.4) (-6.8),Alberto (1712.4),Eugene (1716.3),Megan (1714.7),Megan (1714.7),Maiya (1714.6),Jana (1721.7),Jenna (1733.6),Feddy (1735.7),Feddy (1735.7),Eugene (1742.9) (-5.2),Giles (1740.5),Luka (1757.5),Luka (1757.5),Luka (1757.5),Dan (1762.3),Dan (1762.3),Dan (1762.3),Dan (1762.3),Dan (1762.3),Caden (1761.9) (-35.4),Alex (1738.5),Luka (1757.5),Tom S (1741.3) (-61.2),Luka (1757.5),Luka (1757.5),Luka (1757.5),Dan (1762.3),Julia T (1763.2) (-23.1),Dan (1762.3),Bowen (1772.8),Dan (1762.3),Anna A (1766.6) (+22.2),Will P (1757.9) (-26.4),Bowen (1772.8),Bowen (1772.8),Duncan (1773.8),Duncan (1773.8),Duncan (1773.8),Duncan (1773.8),Steffi (1779.0),Steffi (1779.0),Idris (1780.6),Purse (1780.5),Vladimir (1784.7),Max (1784.4),Jonathan (1787.5),Jonathan (1787.5),Jonathan (1787.5),Mark M (1788.9)
60,,,,,,,,,,,,,,,,,,,,,,,,,,,,,,,Nat (1529.3),Nat (1529.3),Andy R (1593.7),Andy R (1593.7),Eugene (1701.2) (-23.3),Chrissy (1701.4),Chrissy (1701.4),Marg (1705.4),Megan (1714.7),Maiya (1714.6),Maiya (1714.6),Alberto (1712.4),Marinko (1720.1),Jana (1721.7),Jenna (1733.6),Jenna (1733.6),Giles (1740.5),Alex (1738.5),Eugene (1745.1),Eugene (1745.1),Will W (1745.1),Luka (1757.5),Luka (1757.5),Luka (1757.5),Luka (1757.5),Luka (1757.5),Luka (1757.5),Giulia (1736.3),Alex (1738.5),Alex (1738.5),Tom S (1741.3),Tom S (1741.3),Tom S (1741.3),Luka (1757.5),Patrick L (1762.6),Caden (1760.4) (-16.7),Max (1770.2),Caden (1760.4),Patrick L (1762.6),Luka (1757.5),Max (1769.1) (+23.1),Patrick L (1762.6),Bowen (1772.8),Bowen (1772.8),Bowen (1772.8),Bowen (1772.8),Shevy (1776.7),Shevy (1776.7),Purse (1780.5),Rakan (1779.8),Max (1784.4),Idris (1780.6),Enrik (1787.3),Enrik (1787.3),Enrik (1787.3),Jonathan (1787.5)
61,,,,,,,,,,,,,,,,,,,,,,,,,,,,,,,,,Nat (1513.7) (-15.6),Nat (1513.7),Lucas H (1694.1),Lucas H (1694.1),Lucas H (1694.1),Chrissy (1701.4),Maiya (1714.6),Alberto (1712.4),Alberto (1712.4),Eugene (1704.0) (+15.6),Megan (1714.7),Marinko (1720.1),Caden (1722.6) (+35.0),Jana (1721.7),Alex (1738.5),Giulia (1736.3),Giles (1740.5),Giles (1740.5),Giles (1740.5),Giles (1740.5),Giles (1739.9) (-0.6),Alex (1738.5),Alex (1738.5),Alex (1738.5),Alex (1738.5),Feddy (1735.7),Marg (1736.7) (+39.9),Marg (1736.7),Alex (1738.5),Alex (1738.5),Maxim (1740.0),Tom S (1741.3),Dan (1762.3),Luka (1757.5),Shevy (1763.1) (+42.0),Luka (1757.5),Dan (1762.3),Etienne (1756.3) (-22.2),Angelica (1768.3),Dan (1762.3),Patrick L (1762.6),Patrick L (1762.6),Patrick L (1762.6),Patrick L (1762.6),Duncan (1773.8),Duncan (1773.8),Rakan (1779.8),Steffi (1779.0),Kirill (1781.4) (+34.3),Purse (1780.5),Aisling (1786.9),Aisling (1786.9),Aisling (1786.9),Enrik (1787.3)
62,,,,,,,,,,,,,,,,,,,,,,,,,,,,,,,,,,,Lance (1677.2),Lance (1677.2),Rakan (1685.2) (-22.2),Lucas H (1694.1),Alberto (1712.4),Chrissy (1701.4),Marg (1702.4) (+3.1),Marg (1702.4),Maiya (1714.6),Megan (1714.7),Jana (1721.7),Marinko (1720.1),Giulia (1736.3),Feddy (1735.7),Alex (1738.5),Alex (1738.5),Alex (1738.5),Alex (1738.5),Alex (1738.5),Giulia (1736.3),Giulia (1736.3),Giulia (1736.3),Giulia (1736.3),Jenna (1733.6),Giulia (1736.3),Giulia (1736.3),Giulia (1736.3),Giulia (1736.3),Alex (1738.5),Alex (1738.5),Luka (1757.5),Marg (1747.6),Patrick L (1762.6),Max (1746.0) (-24.2),Luka (1757.5),Caden (1753.1) (-3.5),Patrick L (1762.6),Luka (1757.5),Dan (1762.3),Dan (1762.3),Dan (1762.3),Dan (1762.3),Bowen (1772.8),Bowen (1772.8),Steffi (1779.0),Duncan (1773.8),Idris (1780.6),Rakan (1779.8),Max (1784.4),Max (1784.4),Max (1784.4),Aisling (1786.9)
63,,,,,,,,,,,,,,,,,,,,,,,,,,,,,,,,,,,Lucas (1662.7),Lucas (1662.7),Lance (1677.2),Lance (1677.2),Chrissy (1701.4),Marg (1699.3),Chrissy (1701.4),Chrissy (1701.4),Alberto (1712.4),Maiya (1714.6),Marinko (1720.1),Marg (1719.6),Feddy (1735.7),Jenna (1733.6),Giulia (1736.3),Giulia (1736.3),Giulia (1736.3),Giulia (1736.3),Giulia (1736.3),Feddy (1735.7),Feddy (1735.7),Feddy (1735.7),Feddy (1735.7),Caden (1733.0) (-29.0),Feddy (1735.7),Feddy (1735.7),Feddy (1735.7),Feddy (1735.7),Giulia (1736.3),Giulia (1736.3),Marg (1747.6) (+18.9),Tom S (1741.3),Dan (1762.3),Anna A (1744.4) (-90.8),Caden (1756.6) (-3.8),Max (1746.0),Dan (1762.3),Etienne (1756.3),Luka (1757.5),Luka (1757.5),Luka (1757.5),Luka (1757.5),Caden (1771.4) (+34.3),Max V (1771.5) (-43.3),Duncan (1773.8),Bowen (1772.8),Purse (1780.5),Steffi (1779.0),Idris (1780.6),Idris (1780.6),Fedor (1781.2) (+14.8),Max (1784.4)
64,,,,,,,,,,,,,,,,,,,,,,,,,,,,,,,,,,,Perth (1638.7),Perth (1638.7),Fergus (1676.3) (-34.8),Lucas (1662.7),Marg (1699.3) (-6.1),Lucas H (1694.1),Caden (1701.2) (+29.4),Lucas H (1694.1),Eugene (1704.0),Alberto (1712.4),Marg (1719.6) (+17.3),Megan (1714.7),Jenna (1733.6),Jana (1721.7),Feddy (1735.7),Feddy (1735.7),Feddy (1735.7),Feddy (1735.7),Feddy (1735.7),Jenna (1733.6),Jenna (1733.6),Jenna (1733.6),Jenna (1733.6),Chrissy (1727.3),Jenna (1733.6),Jenna (1733.6),Jenna (1733.6),Jenna (1733.6),Feddy (1735.7),Feddy (1735.7),Tom S (1741.3),Alex (1738.5),Caden (1760.4),Tom S (1741.3),Max (1746.0),Tom S (1741.3),Luka (1757.5),Will P (1748.0) (-30.7),Etienne (1756.3),Etienne (1756.3),Etienne (1756.3),Etienne (1756.3),Patrick L (1762.6),Patrick L (1762.6),Bowen (1772.8),Max V (1771.5),Rakan (1779.8),Tom S (1777.6) (+8.3),Purse (1780.5),Purse (1780.5),Idris (1780.6),Idris (1780.6)
65,,,,,,,,,,,,,,,,,,,,,,,,,,,,,,,,,,,Flavia (1605.5),Flavia (1605.5),Lucas (1662.7),Perth (1638.7),Lucas H (1694.1),Lance (1677.2),Lucas H (1694.1),Alonzo (1691.3) (-34.1),Marg (1702.4),Eugene (1704.0),Megan (1714.7),Maiya (1714.6),Jana (1721.7),Marinko (1720.1),Jenna (1733.6),Jenna (1733.6),Jenna (1733.6),Jenna (1733.6),Jenna (1733.6),Marg (1727.9),Chrissy (1727.3),Chrissy (1727.3),Chrissy (1727.3),Jana (1721.7),Caden (1729.2) (-3.8),Chrissy (1727.3),Chrissy (1727.3),Chrissy (1727.3),Jenna (1733.6),Jenna (1733.6),Alex (1738.5),Giulia (1736.3),Luka (1757.5),Shevy (1741.2) (-21.8),Tom S (1741.3),Shevy (1741.2),Etienne (1756.3),Caden (1747.6) (-4.8),Will P (1748.0),Will P (1748.0),Will P (1748.0),Will P (1748.0),Dan (1762.3),Dan (1762.3),Isra (1772.1),Patrick L (1762.6),Steffi (1779.0),Duncan (1773.8),Rakan (1779.8),Rakan (1779.8),Purse (1780.5),Purse (1780.5)
66,,,,,,,,,,,,,,,,,,,,,,,,,,,,,,,,,,,Andy R (1593.7),Andy R (1593.7),Perth (1638.7),Fergus (1630.0) (-46.3),Lance (1677.2),Caden (1671.9) (-45.1),Eugene (1688.5) (-27.8),Caden (1687.6) (-13.6),Chrissy (1701.4),Marg (1702.4),Maiya (1714.6),Alberto (1712.4),Marinko (1720.1),Megan (1714.7),Matilda (1732.8) (+21.5),Marg (1722.7),Eugene (1724.8) (-20.3),Jana (1721.7),Marg (1727.9) (+13.6),Chrissy (1727.3),Marg (1722.0) (-5.8),Jana (1721.7),Jana (1721.7),Shevy (1721.1) (-67.8),Chrissy (1727.3),Jana (1721.7),Marg (1726.3) (-10.4),Marg (1726.3),Marg (1728.7) (+2.4),Marg (1728.7),Giulia (1736.3),Feddy (1735.7),Tom S (1741.3),Nicholas P (1741.0) (-36.3),Shevy (1741.2),Nicholas P (1741.0),Caden (1752.4) (-0.7),Tom S (1741.3),Kirill (1743.7) (+5.3),Tom S (1741.3),Tom S (1741.3),Tom S (1741.3),Luka (1757.5),Luka (1757.5),Max V (1771.5),Dan (1762.3),Duncan (1773.8),Bowen (1772.8),Steffi (1779.0),Steffi (1779.0),Rakan (1779.8),Rakan (1779.8)
67,,,,,,,,,,,,,,,,,,,,,,,,,,,,,,,,,,,Nat (1513.7),Nat (1513.7),Flavia (1605.5),Flavia (1605.5),Lucas (1662.7),Lucas (1662.7),Lance (1677.2),Lance (1677.2),Lucas H (1694.1),Chrissy (1701.4),Alberto (1712.4),Matilda (1711.3) (-25.4),Alix S (1715.7) (-47.8),Maiya (1714.6),Marg (1722.7) (+9.8),Jana (1721.7),Jana (1721.7),Megan (1714.7),Chrissy (1727.3) (+25.9),Jana (1721.7),Jana (1721.7),Megan (1714.7),Megan (1714.7),Megan (1714.7),Kirill (1722.9),Shevy (1721.1),Jana (1721.7),Jana (1721.7),Chrissy (1727.3),Chrissy (1727.3),Feddy (1735.7),Jenna (1733.6),Alex (1738.5),Alex (1738.5),Nicholas P (1741.0),Alex (1738.5),Tom S (1741.3),Nicholas P (1741.0),Tom S (1741.3),Nicholas P (1741.0),Nicholas P (1741.0),Nicholas P (1741.0),Etienne (1756.3),Etienne (1756.3),Will P (1765.0) (+16.3),Luka (1757.5),Bowen (1772.8),Will P (1769.7) (-39.4),Duncan (1773.8),Duncan (1773.8),Steffi (1779.0),Steffi (1779.0)
68,,,,,,,,,,,,,,,,,,,,,,,,,,,,,,,,,,,,,Andy R (1593.7),Andy R (1593.7),Perth (1638.7),Perth (1638.7),Lucas (1662.7),Lucas (1662.7),Alonzo (1691.3),Lucas H (1694.1),Chrissy (1701.4),Chrissy (1701.4),Megan (1714.7),Marg (1712.9),Jana (1721.7),Megan (1714.7),Megan (1714.7),Maiya (1714.6),Jana (1721.7),Megan (1714.7),Megan (1714.7),Maiya (1714.6),Maiya (1714.6),Maiya (1714.6),Jana (1721.7),Megan (1714.7),Shevy (1721.1),Shevy (1721.1),Jana (1721.7),Jana (1721.7),Jenna (1733.6),Chrissy (1727.3),Marg (1737.6) (-10.0),Marg (1737.6),Alex (1738.5),Marg (1737.6),Nicholas P (1741.0),Alex (1738.5),Nicholas P (1741.0),Alex (1738.5),Alex (1738.5),Alex (1738.5),Kirill (1752.2) (+36.0),Kirill (1754.0) (+1.8),Patrick L (1762.6),Etienne (1756.3),Tom S (1769.3) (+28.0),Patrick L (1762.6),Bowen (1772.8),Bowen (1772.8),Duncan (1773.8),Duncan (1773.8)
69,,,,,,,,,,,,,,,,,,,,,,,,,,,,,,,,,,,,,Nat (1513.7),Nat (1513.7),Fergus (1630.0),Fergus (1630.0),Perth (1638.7),Perth (1638.7),Caden (1687.6),Alonzo (1691.3),Eugene (1700.7) (-3.4),Lucas H (1694.1),Maiya (1714.6),Alberto (1712.4),Megan (1714.7),Maiya (1714.6),Maiya (1714.6),Marg (1714.2),Megan (1714.7),Maiya (1714.6),Maiya (1714.6),Alberto (1712.4),Alberto (1712.4),Alberto (1712.4),Shevy (1721.1),Maiya (1714.6),Matilda (1720.5) (+10.0),Megan (1714.7),Shevy (1721.1),Shevy (1721.1),Chrissy (1727.3),Jana (1721.7),Giulia (1736.3),Giulia (1736.3),Marg (1737.6),Giulia (1736.3),Alex (1738.5),Kirill (1738.4) (+42.7),Alex (1738.5),Caden (1737.1) (+3.8),Caden (1737.1),Caden (1737.1),Will P (1744.1) (-3.9),Caden (1751.5) (-19.8),Dan (1762.3),Kirill (1747.1) (-5.7),Patrick L (1762.6),Dan (1762.3),Patrick L (1762.6),Fedor (1766.4) (+21.1),Bowen (1772.8),Bowen (1772.8)
70,,,,,,,,,,,,,,,,,,,,,,,,,,,,,,,,,,,,,,,Flavia (1605.5),Flavia (1605.5),Fergus (1638.2) (+8.1),Fergus (1637.7) (-0.5),Lance (1677.2),Caden (1687.6),Lucas H (1694.1),Alonzo (1691.3),Marg (1712.9) (-6.8),Matilda (1711.3),Maiya (1714.6),Alberto (1712.4),Marg (1714.2) (-8.5),Alberto (1712.4),Maiya (1714.6),Alberto (1712.4),Alberto (1712.4),Marinko (1704.4),Marinko (1704.4),Matilda (1710.5) (+22.1),Megan (1714.7),Alberto (1712.4),Megan (1714.7),Maiya (1714.6),Megan (1714.7),Megan (1714.7),Jana (1721.7),Shevy (1721.1),Feddy (1735.7),Feddy (1735.7),Giulia (1736.3),Feddy (1735.7),Giulia (1736.3),Giulia (1736.3),Giulia (1736.3),Giulia (1736.3),Giulia (1736.3),Giulia (1736.3),Tom S (1741.3),Will P (1748.7) (+4.6),Caden (1759.0) (+7.5),Tom S (1741.3),Dan (1762.3),Luka (1757.5),Dan (1762.3),Patrick L (1762.6),Patrick L (1762.6),Patrick L (1762.6)
71,,,,,,,,,,,,,,,,,,,,,,,,,,,,,,,,,,,,,,,Andy R (1593.7),Andy R (1593.7),Flavia (1605.5),Flavia (1605.5),Lucas (1662.7),Lance (1677.2),Alonzo (1691.3),Joshua (1689.1) (-47.9),Alberto (1712.4),Alix S (1708.3) (-7.4),Alberto (1712.4),Marinko (1710.1) (-1.2),Alberto (1712.4),Marinko (1704.4) (-7.1),Alberto (1712.4),Marinko (1704.4),Marinko (1704.4),Marg (1702.0) (-20.0),Rowena (1699.2),Marinko (1704.4),Maiya (1714.6),Matilda (1710.5),Maiya (1714.6),Alberto (1712.4),Maiya (1714.6),Maiya (1714.6),Shevy (1721.1),Megan (1714.7),Jenna (1733.6),Jenna (1733.6),Feddy (1735.7),Max V (1735.5) (-72.5),Feddy (1735.7),Feddy (1735.7),Feddy (1735.7),Feddy (1735.7),Feddy (1735.7),Feddy (1735.7),Nicholas P (1741.0),Tom S (1741.3),Luka (1757.5),Nicholas P (1741.0),Luka (1757.5),Etienne (1756.3),Luka (1757.5),Dan (1762.3),Dan (1762.3),Dan (1762.3)
72,,,,,,,,,,,,,,,,,,,,,,,,,,,,,,,,,,,,,,,Nat (1513.7),Nat (1513.7),Andy R (1593.7),Andy R (1593.7),Fergus (1652.0) (+14.3),Lucas (1662.7),Lance (1677.2),Lance (1677.2),Matilda (1711.3),Chrissy (1701.4),Marinko (1711.3) (-8.8),Chrissy (1701.4),Marinko (1711.5) (+1.4),Chrissy (1701.4),Marinko (1704.4),Rowena (1699.2),Rowena (1699.2),Rowena (1699.2),Marg (1696.8) (-5.2),Rowena (1699.2),Alberto (1712.4),Marinko (1704.4),Alberto (1712.4),Marinko (1704.4),Alberto (1712.4),Alberto (1712.4),Megan (1714.7),Maiya (1714.6),Chrissy (1727.3),Perth (1729.8) (+87.2),Jenna (1733.6),Jenna (1733.6),Max V (1735.5),Max V (1735.5),Max V (1735.5),Max V (1735.5),Max V (1735.5),Max V (1735.5),Alex (1738.5),Nicholas P (1741.0),Etienne (1756.3),Alex (1738.5),Etienne (1756.3),Kirill (1746.1) (-35.3),Etienne (1756.3),Luka (1757.5),Luka (1757.5),Luka (1757.5)
73,,,,,,,,,,,,,,,,,,,,,,,,,,,,,,,,,,,,,,,,,Nat (1513.7),Nat (1513.7),Perth (1638.7),Fergus (1660.3) (+8.3),Fergus (1669.3) (+9.0),Fergus (1672.4) (+3.0),Chrissy (1701.4),Rowena (1699.2) (-46.2),Chrissy (1701.4),Rowena (1699.2),Chrissy (1701.4),Rowena (1699.2),Rowena (1699.2),Lucas H (1694.1),Lucas H (1694.1),Lucas H (1694.1),Lucas H (1694.1),Marg (1696.8),Matilda (1710.5),Alix S (1703.1) (+15.9),Marinko (1704.4),Rowena (1699.2),Marinko (1704.4),Marinko (1704.4),Maiya (1714.6),Alberto (1712.4),Jana (1721.7),Chrissy (1727.3),Perth (1729.8),Perth (1729.8),Jenna (1733.6),Jenna (1733.6),Jenna (1733.6),Jenna (1733.6),Jenna (1733.6),Jenna (1733.6),Giulia (1736.3),Alex (1738.5),Kirill (1752.8) (-1.2),Giulia (1736.3),Max V (1750.2) (-21.3),Nicholas P (1741.0),Caden (1752.9) (+18.9),Etienne (1756.3),Etienne (1756.3),Etienne (1756.3)
74,,,,,,,,,,,,,,,,,,,,,,,,,,,,,,,,,,,,,,,,,,,Flavia (1605.5),Perth (1638.7),Lucas (1662.7),Lucas (1662.7),Alonzo (1694.3) (+3.0),Lucas H (1694.1),Rowena (1699.2),Lucas H (1694.1),Rowena (1699.2),Lucas H (1694.1),Eugene (1696.1) (+29.1),Alix S (1688.8),Alix S (1688.8),Alix S (1688.8),Matilda (1688.4) (+29.6),Lucas H (1694.1),Marinko (1704.4),Rowena (1699.2),Rowena (1699.2),Lucas H (1694.1),Rowena (1699.2),Rowena (1699.2),Alberto (1712.4),Marinko (1704.4),Megan (1714.7),Jana (1721.7),Chrissy (1727.3),Chrissy (1727.3),Perth (1729.8),Perth (1729.8),Caden (1733.2) (-14.4),Perth (1729.8),Perth (1729.8),Perth (1729.8),Feddy (1735.7),Giulia (1736.3),Tom S (1741.3),Feddy (1735.7),Nicholas P (1741.0),Alex (1738.5),Fedor (1745.3) (+12.1),Nicholas P (1741.0),Nicholas P (1741.0),Fergus (1742.8) (+13.7)
75,,,,,,,,,,,,,,,,,,,,,,,,,,,,,,,,,,,,,,,,,,,Andy R (1593.7),Flavia (1605.5),Perth (1638.7),Perth (1638.7),Lucas H (1694.1),Lance (1677.2),Lucas H (1694.1),Joshua (1685.3) (-3.6),Joshua (1696.1) (+10.8),Alix S (1688.8),Lucas H (1694.1),Lance (1677.2),Lance (1677.2),Lance (1677.2),Alonzo (1678.4) (+24.0),Fergus (1683.9) (+22.9),Rowena (1699.2),Lucas H (1694.1),Lucas H (1694.1),Jack B (1686.8),Lucas H (1694.1),Lucas H (1694.1),Marinko (1704.4),Rowena (1699.2),Maiya (1714.6),Megan (1714.7),Jana (1721.7),Jana (1721.7),Chrissy (1727.3),Chrissy (1727.3),Perth (1729.8),Marg (1729.0),Marg (1728.6) (-0.4),Marg (1728.6),Jenna (1733.6),Feddy (1735.7),Nicholas P (1741.0),Caden (1733.9) (-25.1),Lysandra (1739.4),Giulia (1736.3),Nicholas P (1741.0),Alex (1738.5),Alex (1738.5),Nicholas P (1741.0)
76,,,,,,,,,,,,,,,,,,,,,,,,,,,,,,,,,,,,,,,,,,,Nat (1513.7),Andy R (1593.7),Flavia (1605.5),Flavia (1605.5),Lance (1677.2),Fergus (1672.4),Fergus (1691.2) (+18.8),Matilda (1682.1) (-50.7),Lucas H (1694.1),Lance (1677.2),Alix S (1688.8),Giles (1671.0) (-68.9),Giles (1671.0),Giles (1671.0),Lance (1677.2),Lance (1677.2),Fergus (1694.4) (+10.5),Jack B (1686.8) (-82.9),Jack B (1686.8),Kirill (1681.7),Jack B (1686.8),Jack B (1686.8),Rowena (1699.2),Joshua (1698.5) (+23.9),Julia T (1712.7) (+26.8),Maiya (1714.6),Megan (1714.7),Megan (1714.7),Jana (1721.7),Jana (1721.7),Marg (1729.0) (+18.6),Chrissy (1727.3),Chrissy (1727.3),Chrissy (1727.3),Chrissy (1727.3),Jenna (1733.6),Alex (1738.5),Jenna (1733.6),Alex (1738.5),Feddy (1735.7),Alex (1738.5),Giulia (1736.3),Giulia (1736.3),Alex (1738.5)
77,,,,,,,,,,,,,,,,,,,,,,,,,,,,,,,,,,,,,,,,,,,,Nat (1513.7),Andy R (1593.7),Andy R (1593.7),Joshua (1676.1) (-13.0),Joshua (1671.8) (-4.3),Joshua (1688.9) (+17.0),Lance (1677.2),Alix S (1688.8) (+47.7),Eugene (1666.9) (-57.9),Lance (1677.2),Eugene (1662.7) (-33.3),Eugene (1662.7),Eugene (1662.7),Giles (1671.0),Giles (1671.0),Lucas H (1694.1),Kirill (1681.7) (-41.2),Kirill (1681.7),Lance (1677.2),Matilda (1683.8) (+16.4),Matilda (1677.8) (-6.0),Lucas H (1694.1),Fergus (1696.8) (+32.4),Alberto (1712.4),Julia T (1712.7),Maiya (1714.6),Maiya (1714.6),Megan (1714.7),Megan (1714.7),Chrissy (1727.3),Jana (1721.7),Jana (1721.7),Jana (1721.7),Perth (1725.1) (-4.7),Chrissy (1727.3),Giulia (1736.3),Fedor (1733.2) (-58.1),Giulia (1736.3),Caden (1733.9),Kirill (1736.6) (-9.5),Feddy (1735.7),Feddy (1735.7),Giulia (1736.3)
78,,,,,,,,,,,,,,,,,,,,,,,,,,,,,,,,,,,,,,,,,,,,,Nat (1513.7),Nat (1513.7),Fergus (1672.4),Lucas (1662.7),Lance (1677.2),Lucas (1662.7),Lance (1677.2),Lucas (1662.7),Lucas (1662.7),Lucas (1662.7),Lucas (1662.7),Lucas (1662.7),Alix S (1668.0) (-20.9),Alix S (1668.0),Alix S (1687.2) (+19.2),Lance (1677.2),Alix S (1680.2) (-23.0),Alix S (1676.4) (-3.8),Kirill (1678.6) (-3.1),Lance (1677.2),Kirill (1688.4) (+30.0),Lucas H (1694.1),Marinko (1704.4),Alberto (1712.4),Julia T (1712.7),Julia T (1712.7),Maiya (1714.6),Maiya (1714.6),Jana (1721.7),Megan (1714.7),Kirill (1720.9) (+12.7),Kirill (1716.2) (-4.6),Jana (1721.7),Jana (1721.7),Feddy (1735.7),Shevy (1732.8) (-75.3),Feddy (1735.7),Jenna (1733.6),Giulia (1736.3),Jenna (1733.6),Jenna (1733.6),Feddy (1735.7)
79,,,,,,,,,,,,,,,,,,,,,,,,,,,,,,,,,,,,,,,,,,,,,,,Lucas (1662.7),Alonzo (1654.3) (-40.0),Alix S (1669.5) (-38.8),Fergus (1656.6) (-34.6),Lucas (1662.7),Matilda (1658.9),Matilda (1658.9),Matilda (1658.9),Matilda (1658.9),Matilda (1658.9),Eugene (1662.7),Eugene (1662.7),Lance (1677.2),Giles (1671.0),Lance (1677.2),Giles (1671.0),Lance (1677.2),Andy R (1671.7) (+12.9),Jack B (1686.8),Jack B (1686.8),Rowena (1699.2),Kirill (1704.9) (+23.2),Alberto (1712.4),Alberto (1712.4),Julia T (1712.7),Julia T (1712.7),Vanessa (1717.7),Maiya (1714.6),Megan (1714.7),Megan (1714.7),Marg (1720.5) (-8.1),Marg (1720.5),Jenna (1733.6),Chrissy (1727.3),Caden (1733.9),Fedor (1733.2),Feddy (1735.7),Fergus (1732.2) (+35.2),Vladimir (1730.4),Jenna (1733.6)
80,,,,,,,,,,,,,,,,,,,,,,,,,,,,,,,,,,,,,,,,,,,,,,,Perth (1638.7),Perth (1638.7),Lucas (1662.7),Alonzo (1654.3),Matilda (1658.9) (-23.3),Fergus (1656.6),Fergus (1656.6),Fergus (1656.6),Fergus (1656.6),Fergus (1656.6),Lucas (1662.7),Lucas (1662.7),Giles (1671.0),Fergus (1668.4) (-25.9),Giles (1671.0),Matilda (1667.4) (-53.1),Giles (1671.0),Giles (1671.0),Matilda (1677.8),Julia T (1685.9) (-77.3),Fergus (1696.8),Marinko (1704.4),Kirill (1704.9),Kirill (1704.9),Alberto (1712.4),Alberto (1712.4),Megan (1714.7),Julia T (1712.7),Maiya (1714.6),Maiya (1714.6),Megan (1714.7),Megan (1714.7),Chrissy (1727.3),Andy R (1724.7) (+16.4),Jenna (1733.6),Vladimir (1730.4) (-54.3),Jenna (1733.6),Vladimir (1730.4),Fergus (1729.1) (-3.1),Vladimir (1730.4)
81,,,,,,,,,,,,,,,,,,,,,,,,,,,,,,,,,,,,,,,,,,,,,,,Flavia (1605.5),Flavia (1605.5),Alonzo (1654.3),Alix S (1641.2) (-28.3),Fergus (1656.6),Joshua (1654.8) (-41.3),Alonzo (1654.3),Alonzo (1654.3),Alonzo (1654.3),Alonzo (1654.3),Fergus (1661.0) (+4.3),Alonzo (1644.4) (-33.9),Eugene (1662.7),Eugene (1662.7),Eugene (1662.7),Eugene (1662.7),Eugene (1668.6) (+5.9),Alix S (1664.9) (+6.0),Lance (1677.2),Matilda (1677.8),Lucas H (1694.1),Rowena (1699.2),Marinko (1704.4),Marinko (1704.4),Marg (1710.5) (-27.1),Marg (1710.5),Maiya (1714.6),Alberto (1712.4),Julia T (1712.7),Julia T (1712.7),Maiya (1714.6),Maiya (1714.6),Jana (1721.7),Jana (1721.7),Fedor (1733.2),Chrissy (1727.3),Vladimir (1730.4),Chrissy (1727.3),Chrissy (1727.3),Chrissy (1727.3)
82,,,,,,,,,,,,,,,,,,,,,,,,,,,,,,,,,,,,,,,,,,,,,,,Andy R (1593.7),Andy R (1593.7),Perth (1638.7),Perth (1638.7),Alonzo (1654.3),Alonzo (1654.3),Perth (1638.7),Perth (1638.7),Perth (1638.7),Perth (1638.7),Perth (1638.7),Perth (1638.7),Lucas (1662.7),Lucas (1662.7),Lucas (1662.7),Lucas (1662.7),Lucas (1662.7),Lucas (1662.7),Joshua (1674.5) (+21.1),Lance (1677.2),Jack B (1686.8),Fergus (1696.8),Rowena (1699.2),Rowena (1699.2),Marinko (1704.4),Marinko (1704.4),Angelica (1713.0) (+19.9),Kirill (1708.2) (-35.5),Alberto (1712.4),Alberto (1712.4),Julia T (1712.7),Julia T (1712.7),Megan (1714.7),Marinko (1714.9) (+12.2),Chrissy (1727.3),Andy R (1724.7),Chrissy (1727.3),Andy R (1724.7),Andy R (1724.7),Andy R (1724.7)
83,,,,,,,,,,,,,,,,,,,,,,,,,,,,,,,,,,,,,,,,,,,,,,,Nat (1513.7),Nat (1513.7),Flavia (1605.5),Flavia (1605.5),Perth (1638.7),Perth (1638.7),Joshua (1632.1) (-22.7),Joshua (1633.3) (+1.2),Joshua (1633.3),Joshua (1633.3),Joshua (1633.3),Joshua (1633.3),Alonzo (1644.4),Andy R (1655.0) (+13.8),Fergus (1659.3) (-9.1),Fergus (1659.3),Alix S (1658.9) (-17.5),Kirill (1658.5) (-20.2),Andy R (1671.7),Kirill (1673.5) (-14.9),Joshua (1684.9) (-13.6),Lucas H (1694.1),Fergus (1696.8),Fergus (1696.8),Rowena (1699.2),Rowena (1699.2),Julia T (1712.7),Marinko (1704.4),Rowena (1699.2),Rowena (1699.2),Alberto (1712.4),Alberto (1712.4),Maiya (1714.6),Megan (1714.7),Andy R (1724.7),Jana (1721.7),Andy R (1724.7),Jana (1721.7),Kirill (1722.6) (+0.9),Jana (1721.7)
84,,,,,,,,,,,,,,,,,,,,,,,,,,,,,,,,,,,,,,,,,,,,,,,,,Andy R (1593.7),Andy R (1593.7),Flavia (1605.5),Flavia (1605.5),Flavia (1605.5),Flavia (1605.5),Flavia (1605.5),Flavia (1605.5),Flavia (1605.5),Flavia (1605.5),Andy R (1641.2) (+47.5),Alonzo (1644.4),Andy R (1655.0),Andy R (1655.0),Andy R (1658.7) (+3.8),Joshua (1653.4) (+14.1),Giles (1671.0),Andy R (1671.7),Kirill (1681.7) (+8.2),Jack B (1686.8),Lucas H (1694.1),Lucas H (1694.1),Kirill (1695.6) (-9.3),Lucas H (1694.1),Alberto (1712.4),Rowena (1699.2),Fergus (1696.1),Fergus (1696.1),Rowena (1699.2),Eugene (1700.2) (+5.2),Marg (1712.9) (-7.7),Maiya (1714.6),Jana (1721.7),Megan (1714.7),Jana (1721.7),Kirill (1721.7) (-15.0),Jana (1721.7),Caden (1715.4)
85,,,,,,,,,,,,,,,,,,,,,,,,,,,,,,,,,,,,,,,,,,,,,,,,,Nat (1513.7),Nat (1513.7),Andy R (1593.7),Andy R (1593.7),Andy R (1593.7),Andy R (1593.7),Andy R (1593.7),Andy R (1593.7),Andy R (1593.7),Andy R (1593.7),Perth (1638.7),Perth (1638.7),Alonzo (1644.4),Alonzo (1644.4),Fergus (1650.9) (-8.4),Alonzo (1644.4),Fergus (1664.4) (+20.7),Giles (1671.0),Matilda (1677.8),Matilda (1677.8),Jack B (1686.8),Jack B (1686.8),Fergus (1695.0) (-1.8),Angelica (1693.2) (-75.1),Marinko (1704.4),Fergus (1696.1) (+14.2),Eugene (1696.0) (+1.3),Marinko (1694.7) (+18.1),Fergus (1696.8) (+0.7),Perth (1699.6) (-25.5),Julia T (1712.7),Marg (1712.9),Marinko (1718.6) (+3.8),Maiya (1714.6),Megan (1714.7),Caden (1715.4) (-37.5),Caden (1715.4),Megan (1714.7)
86,,,,,,,,,,,,,,,,,,,,,,,,,,,,,,,,,,,,,,,,,,,,,,,,,,,Nat (1506.8) (-6.9),Nat (1506.8),Nat (1544.4) (+37.6),Nat (1559.6) (+15.3),Nat (1559.6),Nat (1559.6),Nat (1559.6),Nat (1559.6),Joshua (1633.3),Joshua (1633.3),Perth (1638.7),Perth (1638.7),Alonzo (1644.4),Fergus (1643.7) (-7.2),Lucas (1662.7),Lucas (1662.7),Lance (1677.2),Andy R (1677.3) (+10.3),Eugene (1678.0) (+42.1),Matilda (1677.8),Joshua (1694.8) (+22.1),Jack B (1686.8),Rowena (1699.2),Eugene (1694.7) (+15.0),Lucas H (1694.1),Lucas H (1694.1),Eugene (1695.1) (+27.7),Rowena (1699.2),Alberto (1712.4),Julia T (1712.7),Megan (1714.7),Julia T (1712.7),Maiya (1714.6),Megan (1714.7),Megan (1714.7),Maiya (1714.6)
87,,,,,,,,,,,,,,,,,,,,,,,,,,,,,,,,,,,,,,,,,,,,,,,,,,,,,,,,,,,Flavia (1605.5),Flavia (1605.5),Joshua (1632.3) (-0.9),Joshua (1632.3),Joshua (1639.3) (+7.0),Perth (1638.7),Alonzo (1644.4),Alonzo (1644.4),Giles (1671.0),Lance (1677.2),Matilda (1677.8),Lance (1677.2),Lucas H (1694.1),Fergus (1679.8) (-15.2),Lucas H (1694.1),Lucas H (1694.1),Jack B (1686.8),Jack B (1686.8),Lucas H (1694.1),Lucas H (1694.1),Andy R (1708.3) (+22.0),Alberto (1712.4),Maiya (1714.6),Alberto (1712.4),Julia T (1712.7),Maiya (1714.6),Maiya (1714.6),Julia T (1712.7)
88,,,,,,,,,,,,,,,,,,,,,,,,,,,,,,,,,,,,,,,,,,,,,,,,,,,,,,,,,,,Nat (1559.6),Nat (1559.6),Flavia (1605.5),Flavia (1605.5),Perth (1638.7),Eugene (1624.5) (-44.2),Alix S (1641.2) (-23.6),Perth (1638.7),Andy R (1667.0) (-4.6),Joshua (1672.7) (-12.1),Lance (1677.2),Joshua (1672.7),Jack B (1686.8),Matilda (1677.8),Jack B (1686.8),Jack B (1686.8),Andy R (1686.3),Andy R (1686.3),Jack B (1686.8),Jack B (1686.8),Marinko (1702.7) (+34.7),Eugene (1700.2),Julia T (1712.7),Fergus (1711.5) (+4.1),Alberto (1712.4),Julia T (1712.7),Julia T (1712.7),Alberto (1712.4)
89,,,,,,,,,,,,,,,,,,,,,,,,,,,,,,,,,,,,,,,,,,,,,,,,,,,,,,,,,,,,,Nat (1559.6),Nat (1559.6),Flavia (1605.5),Flavia (1605.5),Perth (1638.7),Eugene (1636.0) (-0.7),Lucas (1662.7),Giles (1671.0),Joshua (1672.7),Giles (1671.0),Matilda (1677.8),Lance (1677.2),Joshua (1682.0) (+7.7),Andy R (1686.3) (+21.9),Vanessa (1679.5),Vanessa (1679.5),Andy R (1686.3),Andy R (1686.3),Eugene (1700.2),Perth (1699.6),Alberto (1712.4),Lysandra (1700.4) (-39.0),Eugene (1701.0) (+0.8),Alberto (1712.4),Alberto (1712.4),Lysandra (1700.4)
90,,,,,,,,,,,,,,,,,,,,,,,,,,,,,,,,,,,,,,,,,,,,,,,,,,,,,,,,,,,,,,,Nat (1559.6),Nat (1559.6),Eugene (1636.6) (+12.2),Alix S (1631.4) (-9.8),Alonzo (1644.4),Lucas (1662.7),Giles (1671.0),Lucas (1662.7),Lance (1677.2),Joshua (1674.2) (-20.5),Fergus (1681.9) (+2.2),Vanessa (1679.5) (-38.2),Lance (1677.2),Lance (1677.2),Marinko (1685.8) (-8.9),Vanessa (1679.5),Perth (1699.6),Rowena (1699.2),Fergus (1707.4) (+31.5),Eugene (1700.2),Lysandra (1700.4),Lysandra (1700.4),Lysandra (1700.4),Perth (1699.6)
91,,,,,,,,,,,,,,,,,,,,,,,,,,,,,,,,,,,,,,,,,,,,,,,,,,,,,,,,,,,,,,,,,Flavia (1605.5),Flavia (1605.5),Perth (1642.5) (+3.8),Alonzo (1644.4),Lucas (1662.7),Alonzo (1644.4),Giles (1671.0),Giles (1671.0),Eugene (1679.7) (+41.9),Matilda (1677.8),Marinko (1676.6) (-27.8),Giles (1671.0),Vanessa (1679.5),Lance (1677.2),Rowena (1699.2),Isra (1698.3) (-73.8),Eugene (1700.2),Perth (1699.6),Perth (1699.6),Perth (1699.6),Perth (1699.6),Rowena (1699.2)
92,,,,,,,,,,,,,,,,,,,,,,,,,,,,,,,,,,,,,,,,,,,,,,,,,,,,,,,,,,,,,,,,,Nat (1559.6),Nat (1559.6),Eugene (1636.0),Eugene (1636.0),Andy R (1661.4) (-15.9),Eugene (1637.8) (-40.2),Lucas (1662.7),Lucas (1662.7),Matilda (1677.8),Lance (1677.2),Giles (1671.0),Angelica (1669.2),Lance (1677.2),Fergus (1675.9) (-20.9),Lucas H (1694.1),Lucas H (1694.1),Perth (1699.6),Rowena (1699.2),Rowena (1699.2),Rowena (1699.2),Rowena (1699.2),Isra (1698.3)
93,,,,,,,,,,,,,,,,,,,,,,,,,,,,,,,,,,,,,,,,,,,,,,,,,,,,,,,,,,,,,,,,,,,Alix S (1631.4),Alix S (1631.4),Alonzo (1644.4),Alix S (1634.1) (+4.2),Alonzo (1644.4),Alonzo (1644.4),Lance (1677.2),Giles (1671.0),Matilda (1670.2) (-7.6),Eugene (1667.3) (-28.6),Giles (1671.0),Giles (1671.0),Jack B (1686.8),Jack B (1686.8),Rowena (1699.2),Isra (1698.3),Isra (1698.3),Isra (1698.3),Isra (1698.3),Marg (1695.6)
94,,,,,,,,,,,,,,,,,,,,,,,,,,,,,,,,,,,,,,,,,,,,,,,,,,,,,,,,,,,,,,,,,,,Flavia (1605.5),Flavia (1605.5),Alix S (1630.0) (-1.5),Andy R (1633.2) (-28.3),Eugene (1637.8),Eugene (1637.8),Giles (1671.0),Angelica (1669.2) (-43.9),Angelica (1669.2),Matilda (1666.7) (-3.5),Angelica (1669.2),Angelica (1669.2),Vanessa (1679.5),Vanessa (1679.5),Isra (1698.3),Marg (1694.8),Fergus (1697.0) (-14.5),Lucas H (1694.1),Marg (1695.6) (+8.1),Lucas H (1694.1)
95,,,,,,,,,,,,,,,,,,,,,,,,,,,,,,,,,,,,,,,,,,,,,,,,,,,,,,,,,,,,,,,,,,,Nat (1559.6),Nat (1559.6),Flavia (1605.5),Flavia (1605.5),Andy R (1633.2),Andy R (1633.2),Andy R (1664.4) (+31.2),Lucas (1662.7),Lucas (1662.7),Lucas (1662.7),Matilda (1666.7),Marinko (1668.0) (-17.8),Lance (1677.2),Lance (1677.2),Marg (1694.8) (-18.1),Lucas H (1694.1),Lucas H (1694.1),Marg (1687.5),Lucas H (1694.1),Kirill (1691.2) (-31.4)
96,,,,,,,,,,,,,,,,,,,,,,,,,,,,,,,,,,,,,,,,,,,,,,,,,,,,,,,,,,,,,,,,,,,,,Nat (1559.6),Nat (1559.6),Alix S (1630.2) (-3.9),Flavia (1605.5),Lucas (1662.7),Joshua (1652.0) (-29.9),Joshua (1652.0),Joshua (1652.0),Lucas (1662.7),Matilda (1666.7),Fergus (1675.9),Fergus (1675.9),Lucas H (1694.1),Jack B (1686.8),Marg (1687.5) (-7.2),Jack B (1686.8),Matilda (1689.7) (+23.0),Jack B (1686.8)
97,,,,,,,,,,,,,,,,,,,,,,,,,,,,,,,,,,,,,,,,,,,,,,,,,,,,,,,,,,,,,,,,,,,,,,,Flavia (1605.5),Alix S (1602.1) (-28.1),Alonzo (1644.4),Alonzo (1644.4),Alonzo (1644.4),Alonzo (1644.4),Joshua (1652.0),Lucas (1662.7),Giles (1671.0),Giles (1671.0),Jack B (1686.8),Marinko (1680.7) (-38.0),Jack B (1686.8),Marinko (1680.7),Jack B (1686.8),Marinko (1680.9) (+9.2)
98,,,,,,,,,,,,,,,,,,,,,,,,,,,,,,,,,,,,,,,,,,,,,,,,,,,,,,,,,,,,,,,,,,,,,,,Nat (1559.6),Nat (1559.6),Alix S (1624.4) (+22.3),Flavia (1605.5),Alix S (1616.7) (+35.5),Flavia (1605.5),Alonzo (1644.4),Joshua (1652.0),Angelica (1669.2),Angelica (1669.2),Vanessa (1679.5),Vanessa (1679.5),Marinko (1680.7),Vanessa (1679.5),Vanessa (1679.5),Vanessa (1679.5)
99,,,,,,,,,,,,,,,,,,,,,,,,,,,,,,,,,,,,,,,,,,,,,,,,,,,,,,,,,,,,,,,,,,,,,,,,,Flavia (1605.5),Alix S (1581.3) (-43.1),Flavia (1605.5),Alix S (1593.1) (-23.6),Flavia (1605.5),Alonzo (1644.4),Matilda (1666.7),Matilda (1666.7),Lance (1677.2),Lance (1677.2),Vanessa (1679.5),Eugene (1677.8) (-23.3),Eugene (1677.8),Eugene (1677.8)
100,,,,,,,,,,,,,,,,,,,,,,,,,,,,,,,,,,,,,,,,,,,,,,,,,,,,,,,,,,,,,,,,,,,,,,,,,Nat (1559.6),Nat (1559.6),Nat (1559.6),Nat (1559.6),Alix S (1593.1),Flavia (1605.5),Lucas (1662.7),Lucas (1662.7),Giles (1671.0),Giles (1671.0),Lance (1677.2),Lance (1677.2),Lance (1677.2),Lance (1677.2)
101,,,,,,,,,,,,,,,,,,,,,,,,,,,,,,,,,,,,,,,,,,,,,,,,,,,,,,,,,,,,,,,,,,,,,,,,,,,,,Nat (1559.6),Alix S (1593.1),Joshua (1651.6) (-0.4),Alonzo (1644.4),Angelica (1669.2),Angelica (1669.2),Giles (1671.0),Giles (1671.0),Marinko (1671.6) (-9.0),Giles (1671.0)
102,,,,,,,,,,,,,,,,,,,,,,,,,,,,,,,,,,,,,,,,,,,,,,,,,,,,,,,,,,,,,,,,,,,,,,,,,,,,,,Nat (1559.6),Alonzo (1644.4),Joshua (1617.6) (-34.0),Matilda (1666.7),Matilda (1666.7),Angelica (1669.2),Angelica (1669.2),Giles (1671.0),Angelica (1669.2)
103,,,,,,,,,,,,,,,,,,,,,,,,,,,,,,,,,,,,,,,,,,,,,,,,,,,,,,,,,,,,,,,,,,,,,,,,,,,,,,,Flavia (1605.5),Flavia (1605.5),Lucas (1662.7),Lucas (1662.7),Matilda (1666.7),Matilda (1666.7),Angelica (1669.2),Lucas (1662.7)
104,,,,,,,,,,,,,,,,,,,,,,,,,,,,,,,,,,,,,,,,,,,,,,,,,,,,,,,,,,,,,,,,,,,,,,,,,,,,,,,Alix S (1593.1),Alix S (1593.1),Alonzo (1644.4),Alonzo (1644.4),Lucas (1662.7),Lucas (1662.7),Lucas (1662.7),Joshua (1655.5)
105,,,,,,,,,,,,,,,,,,,,,,,,,,,,,,,,,,,,,,,,,,,,,,,,,,,,,,,,,,,,,,,,,,,,,,,,,,,,,,,Nat (1546.7) (-12.9),Nat (1585.6) (+38.9),Joshua (1617.6),Joshua (1617.6),Alonzo (1644.4),Alonzo (1644.4),Joshua (1655.5) (+18.1),Alonzo (1644.4)
106,,,,,,,,,,,,,,,,,,,,,,,,,,,,,,,,,,,,,,,,,,,,,,,,,,,,,,,,,,,,,,,,,,,,,,,,,,,,,,,,,Flavia (1605.5),Flavia (1605.5),Joshua (1637.4) (+19.8),Joshua (1637.4),Alonzo (1644.4),Matilda (1644.2) (-45.5)
107,,,,,,,,,,,,,,,,,,,,,,,,,,,,,,,,,,,,,,,,,,,,,,,,,,,,,,,,,,,,,,,,,,,,,,,,,,,,,,,,,Alix S (1596.8) (+3.7),Nat (1585.6),Flavia (1605.5),Flavia (1605.5),Flavia (1605.5),Nat (1614.0) (+26.9)
108,,,,,,,,,,,,,,,,,,,,,,,,,,,,,,,,,,,,,,,,,,,,,,,,,,,,,,,,,,,,,,,,,,,,,,,,,,,,,,,,,Nat (1585.6),Alix S (1566.1) (-30.7),Alix S (1603.2) (+37.1),Nat (1585.6),Alix S (1602.5) (+28.5),Flavia (1605.5)
109,,,,,,,,,,,,,,,,,,,,,,,,,,,,,,,,,,,,,,,,,,,,,,,,,,,,,,,,,,,,,,,,,,,,,,,,,,,,,,,,,,,Nat (1585.6),Alix S (1573.9) (-29.3),Nat (1587.1) (+1.5),Alix S (1564.3) (-38.2)
