Date,Match Type,Result,Winner,Winner Old Rating,Winner New Rating,Winner Change,Loser,Loser Old Rating,Loser New Rating,Loser Change,Expected (Winner),Upset Score
2025-05-06,Poule,(W) Vincent 5-3 Eric L,Vincent,1800,1810.0,10.0,Eric L,1800,1790.0,-10.0,0.5,0.25
2025-05-06,Poule,(W) Tom 5-1 Eugene,Tom,1800,1816.8,16.8,Eugene,1800,1783.2,-16.8,0.5,0.42
2025-05-06,Poule,(W) Alejo 5-4 Will P,Alejo,1800,1806.0,6.0,Will P,1800,1794.0,-6.0,0.5,0.15
2025-05-06,Poule,(W) Pierre 5-4 Charlie,Pierre,1800,1806.0,6.0,Charlie,1800,1794.0,-6.0,0.5,0.15
2025-05-06,Poule,(W) Shevy 5-3 Chrissy,Shevy,1800,1810.0,10.0,Chrissy,1800,1790.0,-10.0,0.5,0.25
2025-05-06,Poule,(W) Alejo 5-3 Colin R,Alejo,1806.0,1815.7,9.7,Colin R,1800,1790.3,-9.7,0.509,0.241
2025-05-06,Poule,(W) Alejo 5-3 Pierre,Alejo,1815.7,1825.1,9.4,Pierre,1806.0,1796.6,-9.4,0.514,0.236
2025-05-06,Poule,(W) Truuvy 5-3 Will P,Truuvy,1800,1809.7,9.7,Will P,1794.0,1784.3,-9.7,0.509,0.241
2025-05-06,Poule,(W) Shevy 5-2 Roeland,Shevy,1810.0,1823.4,13.4,Roeland,1800,1786.6,-13.4,0.514,0.336
2025-05-06,Poule,(W) Truuvy 5-3 Charlie,Truuvy,1809.7,1818.8,9.1,Charlie,1794.0,1784.9,-9.1,0.523,0.227
2025-05-06,Poule,(W) Alex Y 5-3 Richard B,Alex Y,1800,1810.0,10.0,Richard B,1800,1790.0,-10.0,0.5,0.25
2025-05-06,Poule,(W) Vivian 5-2 Joshua,Vivian,1800,1814.0,14.0,Joshua,1800,1786.0,-14.0,0.5,0.35
2025-05-06,Poule,(W) Charlie 5-2 Darran,Charlie,1784.9,1799.8,14.9,Darran,1800,1785.1,-14.9,0.478,0.372
2025-05-06,Poule,(W) Truuvy 5-4 Sammy,Truuvy,1818.8,1823.7,4.9,Sammy,1800,1795.1,-4.9,0.527,0.123
2025-05-06,Poule,(W) Richard B 5-1 Pablo,Richard B,1790.0,1807.4,17.4,Pablo,1800,1782.6,-17.4,0.486,0.434
2025-05-06,Poule,(W) Darran 5-2 Eric L,Darran,1785.1,1799.4,14.3,Eric L,1790.0,1775.7,-14.3,0.493,0.357
2025-05-06,Poule,(W) Joshua 5-4 Pierre,Joshua,1786.0,1792.6,6.6,Pierre,1796.6,1789.9,-6.6,0.485,0.165
2025-05-06,Poule,(W) Truuvy 5-4 Roeland,Truuvy,1823.7,1827.5,3.9,Roeland,1786.6,1782.7,-3.9,0.553,0.097
2025-05-06,Poule,(W) Vadym 5-3 Pablo,Vadym,1800,1809.0,9.0,Pablo,1782.6,1773.6,-9.0,0.525,0.225
2025-05-06,Poule,(W) Steph 5-4 Tom,Steph,1800,1807.0,7.0,Tom,1816.8,1809.8,-7.0,0.476,0.174
2025-05-06,Poule,(W) Eric L 5-0 Vivian,Eric L,1775.7,1797.9,22.2,Vivian,1814.0,1791.8,-22.2,0.445,0.555
2025-05-06,Poule,(W) Vadym 5-0 Eugene,Vadym,1809.0,1827.5,18.5,Eugene,1783.2,1764.7,-18.5,0.537,0.463
2025-05-06,Poule,(W) Shevy 5-2 Eugene,Shevy,1823.4,1834.1,10.7,Eugene,1764.7,1754.0,-10.7,0.584,0.266
2025-05-06,Poule,(W) Anna A 5-3 Alberto,Anna A,1800,1810.0,10.0,Alberto,1800,1790.0,-10.0,0.5,0.25
2025-05-06,Poule,(W) Will P 5-1 Lucas,Will P,1784.3,1802.0,17.7,Lucas,1800,1782.3,-17.7,0.477,0.443
2025-05-06,Poule,(W) Steph 5-3 Chrissy,Steph,1807.0,1816.0,9.0,Chrissy,1790.0,1781.0,-9.0,0.524,0.226
2025-05-06,Poule,(W) Sammy 5-4 Vincent,Sammy,1795.1,1801.9,6.9,Vincent,1810.0,1803.1,-6.9,0.479,0.171
2025-05-06,Poule,(W) Joshua 5-3 Alberto,Joshua,1792.6,1802.5,9.8,Alberto,1790.0,1780.2,-9.8,0.504,0.246
2025-05-06,Poule,(W) Darran 5-1 Vincent,Darran,1799.4,1816.4,17.0,Vincent,1803.1,1786.1,-17.0,0.495,0.425
2025-05-06,Poule,(W) Vadym 5-4 Will P,Vadym,1827.5,1832.1,4.5,Will P,1802.0,1797.5,-4.5,0.537,0.113
2025-05-06,Poule,(W) Richard B 5-3 Eugene,Richard B,1807.4,1814.3,7.0,Eugene,1754.0,1747.1,-7.0,0.576,0.174
2025-05-06,Poule,(W) Tom 5-0 Vivian,Tom,1809.8,1828.8,19.0,Vivian,1791.8,1772.8,-19.0,0.526,0.474
2025-05-06,Poule,(W) Eric L 5-3 Sammy,Eric L,1797.9,1808.1,10.2,Sammy,1801.9,1791.7,-10.2,0.494,0.256
2025-05-06,Poule,(W) Eric L 5-2 Chrissy,Eric L,1808.1,1820.6,12.4,Chrissy,1781.0,1768.5,-12.4,0.539,0.311
2025-05-06,Poule,(W) Eugene 5-3 Colin R,Eugene,1747.1,1759.6,12.5,Colin R,1790.3,1777.9,-12.5,0.438,0.312
2025-05-06,Poule,(W) Alejo 5-2 Alberto,Alejo,1825.1,1836.5,11.4,Alberto,1780.2,1768.7,-11.4,0.564,0.286
2025-05-06,Poule,(W) Alex Y 5-3 Will P,Alex Y,1810.0,1819.3,9.3,Will P,1797.5,1788.2,-9.3,0.518,0.232
2025-05-06,Poule,(W) Alberto 5-3 Charlie,Alberto,1768.7,1780.5,11.8,Charlie,1799.8,1788.0,-11.8,0.455,0.295
2025-05-06,Poule,(W) Tom 5-2 Will P,Tom,1828.8,1840.5,11.7,Will P,1788.2,1776.6,-11.7,0.558,0.292
2025-05-06,Poule,(W) Greg 5-2 Sammy,Greg,1800,1813.5,13.5,Sammy,1791.7,1778.2,-13.5,0.512,0.338
2025-05-06,Poule,(W) Darran 5-2 Tom,Darran,1816.4,1831.8,15.4,Tom,1840.5,1825.1,-15.4,0.465,0.385
2025-05-06,Poule,(W) Vadym 5-2 Richard B,Vadym,1832.1,1845.0,13.0,Richard B,1814.3,1801.3,-13.0,0.525,0.325
2025-05-06,Poule,(W) Pierre 5-4 Greg,Pierre,1789.9,1797.3,7.4,Greg,1813.5,1806.2,-7.4,0.466,0.184
2025-05-06,Poule,(W) Greg 5-3 Will P,Greg,1806.2,1814.5,8.3,Will P,1776.6,1768.3,-8.3,0.543,0.207
2025-05-06,Poule,(W) Alejo 5-3 Richard B,Alejo,1836.5,1844.5,8.0,Richard B,1801.3,1793.4,-8.0,0.55,0.2
2025-05-06,Poule,(W) Truuvy 5-3 Richard B,Truuvy,1827.5,1835.6,8.0,Richard B,1793.4,1785.3,-8.0,0.549,0.201
2025-05-06,Poule,(W) Vincent 5-3 Pablo,Vincent,1786.1,1795.4,9.3,Pablo,1773.6,1764.3,-9.3,0.518,0.232
2025-05-06,Poule,(W) Steph 5-3 Colin R,Steph,1816.0,1823.8,7.8,Colin R,1777.9,1770.1,-7.8,0.555,0.195
2025-05-06,Poule,(W) Charlie 5-1 Joshua,Charlie,1788.0,1805.6,17.6,Joshua,1802.5,1784.8,-17.6,0.479,0.441
2025-05-06,Poule,(W) Tom 5-2 Roeland,Tom,1825.1,1836.7,11.6,Roeland,1782.7,1771.1,-11.6,0.561,0.289
2025-05-06,Poule,(W) Colin R 5-4 Pierre,Colin R,1770.1,1777.6,7.6,Pierre,1797.3,1789.7,-7.6,0.461,0.189
2025-05-06,Poule,(W) Richard B 5-3 Lucas,Richard B,1785.3,1795.2,9.8,Lucas,1782.3,1772.5,-9.8,0.504,0.246
2025-05-06,Poule,(W) Tom 5-3 Pierre,Tom,1836.7,1844.0,7.3,Pierre,1789.7,1782.4,-7.3,0.567,0.183
2025-05-06,Poule,(W) Sammy 5-2 Joshua,Sammy,1778.2,1792.6,14.4,Joshua,1784.8,1770.4,-14.4,0.49,0.36
2025-05-06,Poule,(W) Darran 5-0 Alex Y,Darran,1831.8,1851.1,19.3,Alex Y,1819.3,1800.0,-19.3,0.518,0.482
2025-05-06,Poule,(W) Joshua 5-3 Eugene,Joshua,1770.4,1779.8,9.4,Eugene,1759.6,1750.2,-9.4,0.516,0.234
2025-05-06,Poule,(W) Greg 5-2 Joshua,Greg,1814.5,1826.5,12.0,Joshua,1779.8,1767.8,-12.0,0.55,0.3
2025-05-06,Poule,(W) Pierre 5-3 Truuvy,Pierre,1782.4,1795.5,13.0,Truuvy,1835.6,1822.5,-13.0,0.424,0.326
2025-05-06,Poule,(W) Steph 5-4 Will P,Steph,1823.8,1826.6,2.8,Will P,1768.3,1765.4,-2.8,0.579,0.071
2025-05-06,Poule,(W) Colin R 5-4 Lucas,Colin R,1777.6,1783.3,5.7,Lucas,1772.5,1766.8,-5.7,0.507,0.143
2025-05-06,Poule,(W) Vivian 5-4 Steph,Vivian,1772.8,1781.9,9.1,Steph,1826.6,1817.6,-9.1,0.423,0.227
2025-05-06,Poule,(W) Darran 5-1 Colin R,Darran,1851.1,1864.0,12.9,Colin R,1783.3,1770.4,-12.9,0.596,0.324
2025-05-06,Poule,(W) Darran 5-3 Pierre,Darran,1864.0,1870.1,6.1,Pierre,1795.5,1789.4,-6.1,0.597,0.153
2025-05-06,Poule,(W) Vadym 5-4 Lucas,Vadym,1845.0,1846.6,1.6,Lucas,1766.8,1765.2,-1.6,0.611,0.039
2025-05-06,Poule,(W) Darran 5-3 Pablo,Darran,1870.1,1874.2,4.1,Pablo,1764.3,1760.3,-4.1,0.648,0.102
2025-05-06,Poule,(W) Alejo 5-1 Eugene,Alejo,1844.5,1856.0,11.5,Eugene,1750.2,1738.7,-11.5,0.633,0.287
2025-05-06,Poule,(W) Eugene 5-3 Pierre,Eugene,1738.7,1751.6,12.9,Pierre,1789.4,1776.5,-12.9,0.428,0.322
2025-05-06,Poule,(W) Alex Y 5-4 Alberto,Alex Y,1800.0,1804.9,4.9,Alberto,1780.5,1775.6,-4.9,0.528,0.122
2025-05-06,Poule,(W) Eric L 5-3 Will P,Eric L,1820.6,1827.4,6.9,Will P,1765.4,1758.6,-6.9,0.579,0.171
2025-05-06,Poule,(W) Eugene 5-4 Vincent,Eugene,1751.6,1760.1,8.5,Vincent,1795.4,1786.9,-8.5,0.437,0.213
2025-05-06,Poule,(W) Roeland 5-0 Pablo,Roeland,1771.1,1790.5,19.4,Pablo,1760.3,1740.9,-19.4,0.516,0.484
2025-05-06,Poule,(W) Pablo 5-3 Colin R,Pablo,1740.9,1752.6,11.7,Colin R,1770.4,1758.7,-11.7,0.458,0.292
2025-05-06,Poule,(W) Steph 5-2 Vadym,Steph,1817.6,1833.2,15.7,Vadym,1846.6,1830.9,-15.7,0.458,0.392
2025-05-06,Poule,(W) Roeland 5-2 Alberto,Roeland,1790.5,1803.6,13.1,Alberto,1775.6,1762.5,-13.1,0.521,0.329
2025-05-06,Poule,(W) Greg 5-1 Colin R,Greg,1826.5,1839.4,12.9,Colin R,1758.7,1745.7,-12.9,0.596,0.324
2025-05-06,Poule,(W) Shevy 5-4 Vadym,Shevy,1834.1,1839.9,5.8,Vadym,1830.9,1825.1,-5.8,0.505,0.145
2025-05-06,Poule,(W) Vincent 5-4 Richard B,Vincent,1786.9,1793.4,6.5,Richard B,1795.2,1788.7,-6.5,0.488,0.162
2025-05-06,Poule,(W) Pierre 5-2 Will P,Pierre,1776.5,1789.4,13.0,Will P,1758.6,1745.6,-13.0,0.526,0.324
2025-05-06,Poule,(W) Shevy 5-4 Anna A,Shevy,1839.9,1844.2,4.3,Anna A,1810.0,1805.7,-4.3,0.543,0.107
2025-05-06,Poule,(W) Shevy 5-1 Alejo,Shevy,1844.2,1861.7,17.5,Alejo,1856.0,1838.5,-17.5,0.483,0.437
2025-05-06,Poule,(W) Alberto 5-2 Chrissy,Alberto,1762.5,1776.8,14.3,Chrissy,1768.5,1754.2,-14.3,0.491,0.359
2025-05-06,Poule,(W) Steph 5-4 Pablo,Steph,1833.2,1834.7,1.4,Pablo,1752.6,1751.1,-1.4,0.614,0.036
2025-05-06,Poule,(W) Tom 5-4 Chrissy,Tom,1844.0,1844.9,0.9,Chrissy,1754.2,1753.2,-0.9,0.626,0.024
2025-05-06,Poule,(W) Charlie 5-0 Chrissy,Charlie,1805.6,1822.6,17.0,Chrissy,1753.2,1736.2,-17.0,0.575,0.425
2025-05-06,Poule,(W) Alejo 5-4 Roeland,Alejo,1838.5,1842.5,4.0,Roeland,1803.6,1799.7,-4.0,0.55,0.1
2025-05-06,Poule,(W) Eric L 5-0 Eugene,Eric L,1827.4,1843.6,16.2,Eugene,1760.1,1743.9,-16.2,0.596,0.404
2025-05-06,Poule,(W) Joshua 5-4 Alejo,Joshua,1767.8,1778.0,10.2,Alejo,1842.5,1832.3,-10.2,0.394,0.256
2025-05-06,Poule,(W) Truuvy 5-3 Alex Y,Truuvy,1822.5,1831.5,9.0,Alex Y,1804.9,1795.9,-9.0,0.525,0.225
2025-05-06,Poule,(W) Shevy 5-4 Vivian,Shevy,1861.7,1863.1,1.5,Vivian,1781.9,1780.4,-1.5,0.613,0.037
2025-05-06,Poule,(W) Shevy 5-2 Richard B,Shevy,1863.1,1872.9,9.8,Richard B,1788.7,1778.9,-9.8,0.606,0.244
2025-05-06,Poule,(W) Steph 5-2 Lucas,Steph,1834.7,1844.7,10.1,Lucas,1765.2,1755.1,-10.1,0.599,0.251
2025-05-06,Poule,(W) Charlie 5-2 Eric L,Charlie,1822.6,1837.8,15.2,Eric L,1843.6,1828.4,-15.2,0.47,0.38
2025-05-06,Poule,(W) Greg 5-3 Anna A,Greg,1839.4,1847.5,8.1,Anna A,1805.7,1797.7,-8.1,0.548,0.202
2025-05-06,Poule,(W) Truuvy 5-3 Lucas,Truuvy,1831.5,1837.2,5.7,Lucas,1755.1,1749.5,-5.7,0.608,0.142
2025-05-06,Poule,(W) Greg 5-3 Alejo,Greg,1847.5,1856.6,9.1,Alejo,1832.3,1823.2,-9.1,0.522,0.228
2025-05-06,Poule,(W) Vincent 5-2 Chrissy,Vincent,1793.4,1804.1,10.7,Chrissy,1736.2,1725.5,-10.7,0.581,0.269
2025-05-06,Poule,(W) Charlie 5-0 Alex Y,Charlie,1837.8,1855.4,17.6,Alex Y,1795.9,1778.3,-17.6,0.56,0.44
2025-05-06,Poule,(W) Steph 5-2 Sammy,Steph,1844.7,1855.7,11.0,Sammy,1792.6,1781.5,-11.0,0.575,0.275
2025-05-06,Poule,(W) Pablo 5-4 Chrissy,Pablo,1751.1,1755.7,4.5,Chrissy,1725.5,1721.0,-4.5,0.537,0.113
2025-05-06,Poule,(W) Vivian 5-4 Truuvy,Vivian,1780.4,1789.7,9.2,Truuvy,1837.2,1828.0,-9.2,0.419,0.231
2025-05-06,Poule,(W) Roeland 5-1 Colin R,Roeland,1799.7,1813.4,13.7,Colin R,1745.7,1732.0,-13.7,0.577,0.343
2025-05-06,Poule,(W) Eric L 5-2 Vadym,Eric L,1828.4,1842.2,13.8,Vadym,1825.1,1811.3,-13.8,0.505,0.345
2025-05-06,Poule,(W) Pablo 5-3 Eugene,Pablo,1755.7,1765.0,9.3,Eugene,1743.9,1734.6,-9.3,0.517,0.233
2025-05-06,Poule,(W) Alberto 5-4 Pablo,Alberto,1776.8,1782.1,5.3,Pablo,1765.0,1759.7,-5.3,0.517,0.133
2025-05-06,Poule,(W) Greg 5-2 Roeland,Greg,1856.6,1868.1,11.5,Roeland,1813.4,1801.8,-11.5,0.562,0.288
2025-05-06,Poule,(W) Alberto 5-4 Lucas,Alberto,1782.1,1786.3,4.1,Lucas,1749.5,1745.4,-4.1,0.547,0.103
2025-05-06,Poule,(W) Joshua 5-4 Will P,Joshua,1778.0,1782.2,4.1,Will P,1745.6,1741.5,-4.1,0.547,0.103
2025-05-06,Poule,(W) Eric L 5-3 Anna A,Eric L,1842.2,1849.7,7.4,Anna A,1797.7,1790.2,-7.4,0.564,0.186
2025-05-06,Poule,(W) Pierre 5-1 Alberto,Pierre,1789.4,1806.0,16.6,Alberto,1786.3,1769.7,-16.6,0.505,0.415
2025-05-06,Poule,(W) Vadym 5-4 Pierre,Vadym,1811.3,1817.0,5.7,Pierre,1806.0,1800.4,-5.7,0.508,0.142
2025-05-06,L1-32,(W) Vivian - Richard B,Vivian,1789.7,1817.3,27.6,Richard B,1778.9,1751.3,-27.6,0.515,0.485
2025-05-06,L1-32,(W) Sammy - Colin R,Sammy,1781.5,1806.0,24.5,Colin R,1732.0,1707.5,-24.5,0.571,0.429
2025-05-06,L1-32,(W) Vincent - Eugene,Vincent,1804.1,1827.0,22.9,Eugene,1734.6,1711.7,-22.9,0.599,0.401
2025-05-06,L1-32,(W) Pablo - Alberto,Pablo,1759.7,1789.0,29.3,Alberto,1769.7,1740.3,-29.3,0.486,0.514
2025-05-06,L1-32,(W) Joshua - Will P,Joshua,1782.2,1807.4,25.2,Will P,1741.5,1716.3,-25.2,0.558,0.442
2025-05-06,L1-32,(W) Pierre - Lucas,Pierre,1800.4,1824.4,24.0,Lucas,1745.4,1721.3,-24.0,0.578,0.422
2025-05-06,L1-32,(W) Alex Y - Roeland,Alex Y,1778.3,1808.7,30.4,Roeland,1801.8,1771.4,-30.4,0.466,0.534
2025-05-06,L1-16,(W) Vivian - Steph,Vivian,1817.3,1855.3,38.0,Steph,1855.7,1817.8,-38.0,0.445,0.555
2025-05-06,L1-16,(W) Charlie - Vadym,Charlie,1855.4,1885.9,30.4,Vadym,1817.0,1786.6,-30.4,0.555,0.445
2025-05-06,L1-16,(W) Sammy - Truuvy,Sammy,1806.0,1842.4,36.4,Truuvy,1828.0,1791.6,-36.4,0.468,0.532
2025-05-06,L1-16,(W) Eric L - Vincent,Eric L,1849.7,1881.6,32.0,Vincent,1827.0,1795.0,-32.0,0.533,0.467
2025-05-06,L1-16,(W) Greg - Pablo,Greg,1868.1,1894.7,26.5,Pablo,1789.0,1762.4,-26.5,0.612,0.388
2025-05-06,L1-16,(W) Joshua - Alejo,Joshua,1807.4,1843.1,35.8,Alejo,1823.2,1787.4,-35.8,0.477,0.523
2025-05-06,L1-16,(W) Tom - Pierre,Tom,1844.9,1877.1,32.2,Pierre,1824.4,1792.2,-32.2,0.53,0.47
2025-05-06,L1-16,(W) Darran - Alex Y,Darran,1874.2,1902.1,27.8,Alex Y,1808.7,1780.9,-27.8,0.593,0.407
2025-05-06,L1-8,(W) Vivian - Charlie,Vivian,1855.3,1904.9,49.6,Charlie,1885.9,1836.3,-49.6,0.456,0.544
2025-05-06,L1-8,(W) Eric L - Sammy,Eric L,1881.6,1922.1,40.5,Sammy,1842.4,1801.9,-40.5,0.556,0.444
2025-05-06,L1-8,(W) Greg - Joshua,Greg,1894.7,1933.6,38.9,Joshua,1843.1,1804.2,-38.9,0.574,0.426
2025-05-06,L1-8,(W) Tom - Darran,Tom,1877.1,1926.0,48.9,Darran,1902.1,1853.2,-48.9,0.464,0.536
2025-05-06,L9-16,(W) Vadym - Steph,Vadym,1786.6,1823.8,37.3,Steph,1817.8,1780.5,-37.3,0.455,0.545
2025-05-06,L9-16,(W) Truuvy - Vincent,Truuvy,1791.6,1826.1,34.5,Vincent,1795.0,1760.5,-34.5,0.495,0.505
2025-05-06,L9-16,(W) Alejo - Pablo,Alejo,1787.4,1819.2,31.8,Pablo,1762.4,1730.7,-31.8,0.536,0.464
2025-05-06,L9-16,(W) Pierre - Alex Y,Pierre,1792.2,1825.3,33.1,Alex Y,1780.9,1747.8,-33.1,0.516,0.484
2025-05-06,L17-24,(W) Colin R - Eugene,Colin R,1707.5,1730.6,23.1,Eugene,1711.7,1688.6,-23.1,0.494,0.506
2025-05-06,L17-24,(W) Will P - Alberto,Will P,1716.3,1740.7,24.4,Alberto,1740.3,1716.0,-24.4,0.465,0.535
2025-05-06,L17-24,(W) Roeland - Lucas,Roeland,1771.4,1791.0,19.5,Lucas,1721.3,1701.8,-19.5,0.572,0.428
2025-05-06,L1-4,(W) Eric L - Vivian,Eric L,1922.1,1987.1,65.0,Vivian,1904.9,1839.9,-65.0,0.525,0.475
2025-05-06,L1-4,(W) Greg - Tom,Greg,1933.6,2000.5,66.9,Tom,1926.0,1859.1,-66.9,0.511,0.489
2025-05-06,L5-8,(W) Sammy - Charlie,Sammy,1801.9,1852.0,50.1,Charlie,1836.3,1786.2,-50.1,0.451,0.549
2025-05-06,L5-8,(W) Darran - Joshua,Darran,1853.2,1892.4,39.2,Joshua,1804.2,1765.0,-39.2,0.57,0.43
2025-05-06,L9-12,(W) Truuvy - Vadym,Truuvy,1826.1,1860.1,34.0,Vadym,1823.8,1789.9,-34.0,0.503,0.497
2025-05-06,L9-12,(W) Pierre - Alejo,Pierre,1825.3,1858.9,33.6,Alejo,1819.2,1785.6,-33.6,0.509,0.491
2025-05-06,L13-16,(W) Steph - Vincent,Steph,1780.5,1808.4,27.9,Vincent,1760.5,1732.5,-27.9,0.529,0.471
2025-05-06,L13-16,(W) Alex Y - Pablo,Alex Y,1747.8,1776.0,28.2,Pablo,1730.7,1702.5,-28.2,0.525,0.475
2025-05-06,L17-20,(W) Richard B - Colin R,Richard B,1751.3,1772.7,21.4,Colin R,1730.6,1709.2,-21.4,0.53,0.47
2025-05-06,L17-20,(W) Roeland - Will P,Roeland,1791.0,1810.5,19.5,Will P,1740.7,1721.1,-19.5,0.572,0.428
2025-05-06,L21-24,(W) Alberto - Lucas,Alberto,1716.0,1737.8,21.9,Lucas,1701.8,1679.9,-21.9,0.52,0.48
2025-05-06,L1-2,(W) Eric L - Greg,Eric L,1987.1,2081.9,94.7,Greg,2000.5,1905.8,-94.7,0.481,0.519
2025-05-06,L3-4,(W) Tom - Vivian,Tom,1859.1,1902.2,43.1,Vivian,1839.9,1796.8,-43.1,0.528,0.472
2025-05-06,L5-6,(W) Sammy - Darran,Sammy,1852.0,1877.4,25.4,Darran,1892.4,1867.0,-25.4,0.442,0.558
2025-05-06,L7-8,(W) Joshua - Charlie,Joshua,1765.0,1789.2,24.2,Charlie,1786.2,1762.0,-24.2,0.47,0.53
2025-05-06,L9-10,(W) Pierre - Truuvy,Pierre,1858.9,1881.8,22.9,Truuvy,1860.1,1837.2,-22.9,0.498,0.502
2025-05-06,L11-12,(W) Alejo - Vadym,Alejo,1785.6,1808.6,23.1,Vadym,1789.9,1766.8,-23.1,0.494,0.506
2025-05-06,L13-14,(W) Alex Y - Steph,Alex Y,1776.0,1800.9,24.9,Steph,1808.4,1783.5,-24.9,0.453,0.547
2025-05-06,L15-16,(W) Pablo - Vincent,Pablo,1702.5,1727.3,24.8,Vincent,1732.5,1707.8,-24.8,0.457,0.543
2025-05-06,L17-18,(W) Roeland - Richard B,Roeland,1810.5,1830.8,20.3,Richard B,1772.7,1752.4,-20.3,0.554,0.446
2025-05-06,L19-20,(W) Will P - Colin R,Will P,1721.1,1743.2,22.0,Colin R,1709.2,1687.2,-22.0,0.517,0.483
2025-05-06,L21-22,(W) Eugene - Alberto,Eugene,1688.6,1714.7,26.0,Alberto,1737.8,1711.8,-26.0,0.43,0.57
2025-05-13,Poule,(W) Lucas 5-3 Andy R,Lucas,1679.9,1696.6,16.7,Andy R,1800,1783.3,-16.7,0.334,0.416
2025-05-13,Poule,(W) Jonathan 5-4 Enrik,Jonathan,1800,1806.0,6.0,Enrik,1800,1794.0,-6.0,0.5,0.15
2025-05-13,Poule,(W) Truuvy 5-3 Eugene,Truuvy,1837.2,1840.5,3.2,Eugene,1714.7,1711.4,-3.2,0.669,0.081
2025-05-13,Poule,(W) Etienne 5-3 Giles,Etienne,1800,1810.0,10.0,Giles,1800,1790.0,-10.0,0.5,0.25
2025-05-13,Poule,(W) Greg 5-2 Richard B,Greg,1920.8,1925.8,5.0,Richard B,1752.4,1747.4,-5.0,0.725,0.125
2025-05-13,Poule,(W) Colin R 5-4 Lucas,Colin R,1687.2,1693.7,6.5,Lucas,1696.6,1690.0,-6.5,0.486,0.164
2025-05-13,Poule,(W) Greg 5-3 Alejo,Greg,1925.8,1929.3,3.5,Alejo,1808.6,1805.1,-3.5,0.662,0.088
2025-05-13,Poule,(W) Tom 5-4 Jonathan,Tom,1910.2,1910.3,0.2,Jonathan,1806.0,1805.8,-0.2,0.646,0.004
2025-05-13,Poule,(W) Eric L 5-4 Nat,Eric L,2106.9,2098.7,-8.2,Nat,1800,1808.2,8.2,0.854,0.204
2025-05-13,Poule,(W) Truuvy 5-3 Eric L,Truuvy,1840.5,1863.1,22.6,Eric L,2098.7,2076.1,-22.6,0.184,0.566
2025-05-13,Poule,(W) Greg 5-1 Eugene,Greg,1929.3,1935.0,5.7,Eugene,1711.4,1705.7,-5.7,0.778,0.142
2025-05-13,Poule,(W) Vadym 5-0 Etienne,Vadym,1766.8,1789.2,22.5,Etienne,1810.0,1787.5,-22.5,0.438,0.562
2025-05-13,Poule,(W) Truuvy 5-2 Enrik,Truuvy,1863.1,1873.2,10.1,Enrik,1794.0,1783.9,-10.1,0.598,0.252
2025-05-13,Poule,(W) Vincent 5-3 Joshua,Vincent,1707.8,1722.4,14.6,Joshua,1789.2,1774.6,-14.6,0.385,0.365
2025-05-13,Poule,(W) Eric L 5-1 Lucas,Eric L,2076.1,2076.8,0.7,Lucas,1690.0,1689.3,-0.7,0.902,0.018
2025-05-13,Poule,(W) Vincent 5-2 Etienne,Vincent,1722.4,1740.1,17.7,Etienne,1787.5,1769.8,-17.7,0.407,0.443
2025-05-13,Poule,(W) Martin H 5-2 Andy R,Martin H,1800,1813.0,13.0,Andy R,1783.3,1770.3,-13.0,0.524,0.326
2025-05-13,Poule,(W) Alejo 5-0 Eugene,Alejo,1805.1,1819.6,14.4,Eugene,1705.7,1691.3,-14.4,0.639,0.361
2025-05-13,Poule,(W) Tom 5-2 Marg,Tom,1910.3,1918.2,7.9,Marg,1800,1792.1,-7.9,0.654,0.196
2025-05-13,Poule,(W) Eric L 5-1 Richard B,Eric L,2076.8,2078.8,2.0,Richard B,1747.4,1745.4,-2.0,0.869,0.051
2025-05-13,Poule,(W) Vadym 5-2 Enrik,Vadym,1789.2,1802.9,13.7,Enrik,1783.9,1770.2,-13.7,0.508,0.342
2025-05-13,Poule,(W) Jonathan 5-4 Eugene,Jonathan,1805.8,1805.5,-0.4,Eugene,1691.3,1691.7,0.4,0.659,0.009
2025-05-13,Poule,(W) Charlie 5-1 Giles,Charlie,1762.0,1780.4,18.4,Giles,1790.0,1771.6,-18.4,0.46,0.46
2025-05-13,Poule,(W) Alejo 5-4 Charlie,Alejo,1819.6,1823.3,3.8,Charlie,1780.4,1776.6,-3.8,0.556,0.094
2025-05-13,Poule,(W) Tom 5-3 Colin R,Tom,1918.2,1916.8,-1.4,Colin R,1693.7,1695.1,1.4,0.785,0.035
2025-05-13,Poule,(W) Martin H 5-4 Alejo,Martin H,1813.0,1819.6,6.6,Alejo,1823.3,1816.7,-6.6,0.485,0.165
2025-05-13,Poule,(W) Richard B 5-3 Tom,Richard B,1745.4,1764.5,19.1,Tom,1916.8,1897.7,-19.1,0.272,0.478
2025-05-13,Poule,(W) Joshua 5-3 Giles,Joshua,1774.6,1784.4,9.8,Giles,1771.6,1761.8,-9.8,0.504,0.246
2025-05-13,Poule,(W) Shevy 5-4 Tom,Shevy,1872.9,1880.3,7.4,Tom,1897.7,1890.2,-7.4,0.464,0.186
2025-05-13,Poule,(W) Eugene 5-3 Lucas,Eugene,1691.7,1701.5,9.9,Lucas,1689.3,1679.4,-9.9,0.503,0.247
2025-05-13,Poule,(W) Greg 5-2 Shevy,Greg,1935.0,1945.8,10.9,Shevy,1880.3,1869.5,-10.9,0.578,0.272
2025-05-13,Poule,(W) Eric L 5-1 Etienne,Eric L,2078.8,2081.4,2.6,Etienne,1769.8,1767.2,-2.6,0.856,0.064
2025-05-13,Poule,(W) Martin H 5-4 Vincent,Martin H,1819.6,1821.1,1.5,Vincent,1740.1,1738.6,-1.5,0.613,0.037
2025-05-13,Poule,(W) Steph 5-3 Joshua,Steph,1783.5,1793.6,10.1,Joshua,1784.4,1774.4,-10.1,0.499,0.251
2025-05-13,Poule,(W) Enrik 5-2 Andy R,Enrik,1770.2,1784.2,14.0,Andy R,1770.3,1756.3,-14.0,0.5,0.35
2025-05-13,Poule,(W) Vadym 5-4 Charlie,Vadym,1802.9,1807.4,4.5,Charlie,1776.6,1772.1,-4.5,0.538,0.112
2025-05-13,Poule,(W) Shevy 5-4 Martin H,Shevy,1869.5,1872.7,3.2,Martin H,1821.1,1817.9,-3.2,0.569,0.081
2025-05-13,Poule,(W) Richard B 5-2 Etienne,Richard B,1764.5,1778.7,14.2,Etienne,1767.2,1753.1,-14.2,0.496,0.354
2025-05-13,Poule,(W) Andy R 5-4 Joshua,Andy R,1756.3,1763.3,7.0,Joshua,1774.4,1767.3,-7.0,0.474,0.176
2025-05-13,Poule,(W) Richard B 5-1 Colin R,Richard B,1778.7,1790.7,12.1,Colin R,1695.1,1683.0,-12.1,0.618,0.302
2025-05-13,Poule,(W) Joshua 5-4 Nat,Joshua,1767.3,1775.7,8.3,Nat,1808.2,1799.8,-8.3,0.442,0.208
2025-05-13,Poule,(W) Truuvy 5-1 Joshua,Truuvy,1873.2,1884.5,11.3,Joshua,1775.7,1764.3,-11.3,0.637,0.283
2025-05-13,Poule,(W) Lucas 5-4 Steph,Lucas,1679.4,1691.8,12.3,Steph,1793.6,1781.2,-12.3,0.341,0.309
2025-05-13,Poule,(W) Steph 5-3 Enrik,Steph,1781.2,1791.4,10.2,Enrik,1784.2,1774.1,-10.2,0.496,0.254
2025-05-13,Poule,(W) Vincent 5-2 Colin R,Vincent,1738.6,1749.4,10.8,Colin R,1683.0,1672.2,-10.8,0.579,0.271
2025-05-13,Poule,(W) Enrik 5-4 Charlie,Enrik,1774.1,1780.0,5.9,Charlie,1772.1,1766.2,-5.9,0.503,0.147
2025-05-13,Poule,(W) Greg 5-1 Andy R,Greg,1945.8,1953.0,7.2,Andy R,1763.3,1756.2,-7.2,0.741,0.179
2025-05-13,Poule,(W) Shevy 5-3 Etienne,Shevy,1872.7,1876.1,3.4,Etienne,1753.1,1749.7,-3.4,0.666,0.084
2025-05-13,Poule,(W) Truuvy 5-3 Vadym,Truuvy,1884.5,1890.1,5.6,Vadym,1807.4,1801.8,-5.6,0.609,0.141
2025-05-13,Poule,(W) Lucas 5-3 Richard B,Lucas,1691.8,1707.3,15.5,Richard B,1790.7,1775.2,-15.5,0.361,0.389
2025-05-13,Poule,(W) Vincent 5-4 Shevy,Vincent,1749.4,1762.4,13.0,Shevy,1876.1,1863.1,-13.0,0.325,0.325
2025-05-13,Poule,(W) Truuvy 5-1 Andy R,Truuvy,1890.1,1899.6,9.5,Andy R,1756.2,1746.7,-9.5,0.684,0.236
2025-05-13,Poule,(W) Charlie 5-4 Greg,Charlie,1766.2,1782.1,15.8,Greg,1953.0,1937.2,-15.8,0.254,0.396
2025-05-13,Poule,(W) Giles 5-4 Eugene,Giles,1761.8,1764.3,2.6,Eugene,1701.5,1699.0,-2.6,0.586,0.064
2025-05-13,Poule,(W) Giles 5-3 Shevy,Giles,1764.3,1779.9,15.5,Shevy,1863.1,1847.6,-15.5,0.362,0.388
2025-05-13,Poule,(W) Greg 5-3 Vadym,Greg,1937.2,1939.8,2.6,Vadym,1801.8,1799.2,-2.6,0.686,0.064
2025-05-13,Poule,(W) Alejo 5-4 Eric L,Alejo,1816.7,1835.6,18.8,Eric L,2081.4,2062.5,-18.8,0.179,0.471
2025-05-13,Poule,(W) Colin R 5-4 Jonathan,Colin R,1672.2,1685.5,13.3,Jonathan,1805.5,1792.1,-13.3,0.317,0.333
2025-05-13,Poule,(W) Truuvy 5-3 Lucas,Truuvy,1899.6,1899.5,-0.1,Lucas,1707.3,1707.4,0.1,0.751,0.001
2025-05-13,Poule,(W) Richard B 5-4 Andy R,Richard B,1775.2,1779.6,4.4,Andy R,1746.7,1742.4,-4.4,0.541,0.109
2025-05-13,Poule,(W) Eugene 5-4 Marg,Eugene,1699.0,1708.8,9.8,Marg,1792.1,1780.9,-11.2,0.369,0.281
2025-05-13,Poule,(W) Eric L 5-2 Joshua,Eric L,2062.5,2062.6,0.1,Joshua,1764.3,1764.3,-0.1,0.848,0.002
2025-05-13,Poule,(W) Giles 5-4 Martin H,Giles,1779.9,1788.0,8.2,Martin H,1817.9,1809.7,-8.2,0.445,0.205
2025-05-13,Poule,(W) Greg 5-3 Tom,Greg,1939.8,1946.9,7.2,Tom,1890.2,1883.1,-7.2,0.571,0.179
2025-05-13,Poule,(W) Steph 5-4 Etienne,Steph,1791.4,1795.0,3.6,Etienne,1749.7,1746.1,-3.6,0.56,0.09
2025-05-13,Poule,(W) Etienne 5-2 Lucas,Etienne,1746.1,1757.9,11.8,Lucas,1707.4,1695.6,-11.8,0.555,0.295
2025-05-13,Poule,(W) Vadym 5-4 Richard B,Vadym,1799.2,1804.1,4.9,Richard B,1779.6,1774.7,-4.9,0.528,0.122
2025-05-13,Poule,(W) Vadym 5-4 Shevy,Vadym,1804.1,1812.6,8.5,Shevy,1847.6,1839.1,-8.5,0.438,0.212
2025-05-13,Poule,(W) Steph 5-4 Richard B,Steph,1795.0,1799.8,4.8,Richard B,1774.7,1770.5,-4.2,0.529,0.121
2025-05-13,Poule,(W) Marg 5-3 Nat,Marg,1780.9,1792.0,11.1,Nat,1799.8,1788.7,-11.1,0.473,0.277
2025-05-13,Poule,(W) Tom 5-4 Eric L,Tom,1883.1,1898.6,15.5,Eric L,2062.6,2049.1,-13.6,0.262,0.388
2025-05-13,Poule,(W) Joshua 5-4 Jonathan,Joshua,1764.3,1770.9,6.7,Jonathan,1792.1,1784.5,-7.6,0.46,0.19
2025-05-13,Poule,(W) Lucas 5-2 Martin H,Lucas,1695.6,1716.0,20.3,Martin H,1809.7,1789.4,-20.3,0.341,0.509
2025-05-13,Poule,(W) Truuvy 5-3 Charlie,Truuvy,1899.5,1902.6,3.0,Charlie,1782.1,1778.6,-3.5,0.663,0.087
2025-05-13,Poule,(W) Eric L 5-3 Andy R,Eric L,2049.1,2045.4,-3.6,Andy R,1742.4,1746.5,4.2,0.854,0.104
2025-05-13,Poule,(W) Eugene 5-2 Tom,Eugene,1708.8,1729.8,21.0,Tom,1898.6,1874.6,-24.0,0.251,0.599
2025-05-13,Poule,(W) Vadym 5-2 Andy R,Vadym,1812.6,1821.5,9.0,Andy R,1746.5,1736.3,-10.2,0.594,0.256
2025-05-13,Poule,(W) Alejo 5-4 Shevy,Alejo,1835.6,1841.8,6.2,Shevy,1839.1,1832.9,-6.2,0.495,0.155
2025-05-13,Poule,(W) Truuvy 5-1 Nat,Truuvy,1902.6,1911.7,9.2,Nat,1788.7,1778.3,-10.5,0.658,0.262
2025-05-13,Poule,(W) Alejo 5-3 Jonathan,Alejo,1841.8,1847.7,5.9,Jonathan,1784.5,1777.8,-6.7,0.582,0.168
2025-05-13,Poule,(W) Colin R 5-3 Giles,Colin R,1685.5,1701.2,15.7,Giles,1788.0,1772.3,-15.7,0.357,0.393
2025-05-13,Poule,(W) Alejo 5-2 Tom,Alejo,1847.7,1861.3,13.6,Tom,1874.6,1861.0,-13.6,0.461,0.389
2025-05-13,Poule,(W) Giles 5-2 Enrik,Giles,1772.3,1786.7,14.4,Enrik,1780.0,1765.5,-14.4,0.489,0.361
2025-05-13,Poule,(W) Giles 5-0 Nat,Giles,1786.7,1806.3,19.5,Nat,1778.3,1758.7,-19.5,0.512,0.488
2025-05-13,Poule,(W) Truuvy 5-2 Richard B,Truuvy,1911.7,1917.2,5.5,Richard B,1770.5,1765.0,-5.5,0.693,0.157
2025-05-13,Poule,(W) Shevy 5-1 Nat,Shevy,1832.9,1845.5,12.6,Nat,1758.7,1746.2,-12.6,0.605,0.315
2025-05-13,Poule,(W) Colin R 5-1 Martin H,Colin R,1701.2,1723.0,21.8,Martin H,1789.4,1767.6,-21.8,0.376,0.544
2025-05-13,Poule,(W) Vadym 5-0 Martin H,Vadym,1821.5,1836.3,14.8,Martin H,1767.6,1750.7,-16.9,0.577,0.423
2025-05-13,Poule,(W) Etienne 5-3 Truuvy,Etienne,1757.9,1776.5,18.6,Truuvy,1917.2,1901.0,-16.3,0.286,0.464
2025-05-13,Poule,(W) Tom 5-1 Etienne,Tom,1861.0,1871.5,10.5,Etienne,1776.5,1764.4,-12.0,0.619,0.301
2025-05-13,Poule,(W) Alejo 5-2 Steph,Alejo,1861.3,1870.5,9.2,Steph,1799.8,1789.3,-10.5,0.588,0.262
2025-05-13,Poule,(W) Colin R 5-3 Eugene,Colin R,1723.0,1732.1,9.1,Eugene,1729.8,1720.7,-9.1,0.49,0.26
2025-05-13,Poule,(W) Greg 5-3 Steph,Greg,1946.9,1948.2,1.3,Steph,1789.3,1787.8,-1.5,0.712,0.038
2025-05-13,Poule,(W) Martin H 5-1 Nat,Martin H,1750.7,1767.2,16.5,Nat,1746.2,1729.6,-16.5,0.507,0.413
2025-05-13,Poule,(W) Tom 5-0 Nat,Tom,1871.5,1882.3,10.7,Nat,1729.6,1717.4,-12.3,0.694,0.306
2025-05-13,Poule,(W) Colin R 5-1 Nat,Colin R,1732.1,1746.0,14.0,Nat,1717.4,1701.4,-16.0,0.521,0.399
2025-05-13,Poule,(W) Steph 5-4 Marg,Steph,1787.8,1793.3,5.5,Marg,1792.0,1785.8,-6.2,0.494,0.156
2025-05-13,Poule,(W) Greg 5-2 Enrik,Greg,1948.2,1952.1,3.8,Enrik,1765.5,1761.2,-4.4,0.741,0.109
2025-05-13,Poule,(W) Joshua 5-2 Vadym,Joshua,1770.9,1786.4,15.5,Vadym,1836.3,1820.8,-15.5,0.407,0.443
2025-05-13,Poule,(W) Greg 5-2 Eric L,Greg,1952.1,1968.9,16.8,Eric L,2045.4,2028.6,-16.8,0.369,0.481
2025-05-13,Poule,(W) Richard B 5-4 Enrik,Richard B,1765.0,1770.0,5.1,Enrik,1761.2,1755.4,-5.8,0.505,0.145
2025-05-13,Poule,(W) Steph 5-3 Martin H,Steph,1793.3,1800.7,7.4,Martin H,1767.2,1758.7,-8.5,0.537,0.213
2025-05-13,Poule,(W) Charlie 5-2 Andy R,Charlie,1778.6,1790.2,11.6,Andy R,1736.3,1724.7,-11.6,0.561,0.289
2025-05-13,Poule,(W) Eugene 5-1 Andy R,Eugene,1720.7,1735.6,14.9,Andy R,1724.7,1707.7,-17.0,0.494,0.426
2025-05-13,Poule,(W) Steph 5-3 Vadym,Steph,1800.7,1810.5,9.8,Vadym,1820.8,1811.1,-9.8,0.471,0.279
2025-05-13,Poule,(W) Vadym 5-3 Colin R,Vadym,1811.1,1816.6,5.5,Colin R,1746.0,1740.5,-5.5,0.593,0.157
2025-05-13,Poule,(W) Vincent 5-3 Enrik,Vincent,1762.4,1772.0,9.6,Enrik,1755.4,1745.8,-9.6,0.51,0.24
2025-05-13,Poule,(W) Truuvy 5-3 Tom,Truuvy,1901.0,1908.8,7.8,Tom,1882.3,1874.5,-7.8,0.527,0.223
2025-05-13,Poule,(W) Tom 5-2 Lucas,Tom,1874.5,1879.2,4.8,Lucas,1716.0,1710.5,-5.5,0.713,0.137
2025-05-13,Poule,(W) Greg 5-4 Truuvy,Greg,1968.9,1971.1,2.3,Truuvy,1908.8,1906.5,-2.3,0.586,0.064
2025-05-13,Poule,(W) Vincent 5-2 Marg,Vincent,1772.0,1786.8,14.8,Marg,1785.8,1771.0,-14.8,0.48,0.37
2025-05-13,Poule,(W) Vincent 5-2 Lucas,Vincent,1786.8,1796.5,9.7,Lucas,1710.5,1702.0,-8.5,0.608,0.242
2025-05-13,L1-32,(W) Charlie - Lucas,Charlie,1790.2,1810.3,20.2,Lucas,1702.0,1684.4,-17.6,0.624,0.376
2025-05-13,L1-32,(W) Shevy - Andy R,Shevy,1845.5,1862.2,16.7,Andy R,1707.7,1691.0,-16.7,0.689,0.311
2025-05-13,L1-32,(W) Eugene - Enrik,Eugene,1735.6,1759.7,24.1,Enrik,1745.8,1718.2,-27.6,0.485,0.515
2025-05-13,L1-32,(W) Joshua - Jonathan,Joshua,1786.4,1809.3,22.9,Jonathan,1777.8,1751.7,-26.1,0.512,0.488
2025-05-13,L1-32,(W) Richard B - Nat,Richard B,1770.0,1788.9,18.9,Nat,1701.4,1679.8,-21.6,0.597,0.403
2025-05-13,L1-32,(W) Etienne - Martin H,Etienne,1764.4,1790.8,26.4,Martin H,1758.7,1732.4,-26.4,0.508,0.492
2025-05-13,L1-16,(W) Greg - Charlie,Greg,1971.1,1987.1,16.0,Charlie,1810.3,1794.3,-16.0,0.716,0.284
2025-05-13,L1-16,(W) Colin R - Eric L,Colin R,1740.5,1787.8,47.3,Eric L,2028.6,1981.3,-47.3,0.16,0.84
2025-05-13,L1-16,(W) Alejo - Shevy,Alejo,1870.5,1897.9,27.5,Shevy,1862.2,1830.8,-31.4,0.512,0.488
2025-05-13,L1-16,(W) Vincent - Eugene,Vincent,1796.5,1821.6,25.2,Eugene,1759.7,1734.5,-25.2,0.553,0.447
2025-05-13,L1-16,(W) Vadym - Joshua,Vadym,1816.6,1844.1,27.6,Joshua,1809.3,1781.7,-27.6,0.51,0.49
2025-05-13,L1-16,(W) Tom - Richard B,Tom,1879.2,1900.2,21.0,Richard B,1788.9,1767.9,-21.0,0.627,0.373
2025-05-13,L1-16,(W) Giles - Steph,Giles,1806.3,1838.8,32.6,Steph,1810.5,1782.0,-28.5,0.494,0.506
2025-05-13,L1-16,(W) Truuvy - Etienne,Truuvy,1906.5,1925.6,19.1,Etienne,1790.8,1769.0,-21.8,0.661,0.339
2025-05-13,L1-8,(W) Greg - Colin R,Greg,1987.1,2005.2,18.1,Colin R,1787.8,1769.7,-18.1,0.759,0.241
2025-05-13,L1-8,(W) Alejo - Vincent,Alejo,1897.9,1927.4,29.4,Vincent,1821.6,1792.2,-29.4,0.608,0.392
2025-05-13,L1-8,(W) Vadym - Tom,Vadym,1844.1,1887.7,43.5,Tom,1900.2,1856.7,-43.5,0.42,0.58
2025-05-13,L1-8,(W) Truuvy - Giles,Truuvy,1925.6,1954.0,28.3,Giles,1838.8,1806.4,-32.4,0.622,0.378
2025-05-13,L9-16,(W) Charlie - Eric L,Charlie,1794.3,1836.3,42.0,Eric L,1981.3,1939.3,-42.0,0.254,0.746
2025-05-13,L9-16,(W) Eugene - Shevy,Eugene,1734.5,1770.3,35.8,Shevy,1830.8,1789.9,-40.9,0.365,0.635
2025-05-13,L9-16,(W) Richard B - Joshua,Richard B,1767.9,1797.2,29.3,Joshua,1781.7,1752.5,-29.3,0.48,0.52
2025-05-13,L9-16,(W) Steph - Etienne,Steph,1782.0,1809.1,27.1,Etienne,1769.0,1738.0,-31.0,0.519,0.481
2025-05-13,L17-24,(W) Enrik - Andy R,Enrik,1718.2,1738.0,19.8,Andy R,1691.0,1671.2,-19.8,0.539,0.461
2025-05-13,L17-24,(W) Jonathan - Nat,Jonathan,1751.7,1768.7,17.1,Nat,1679.8,1662.7,-17.1,0.602,0.398
2025-05-13,L1-4,(W) Greg - Alejo,Greg,2005.2,2049.1,43.9,Alejo,1927.4,1883.5,-43.9,0.61,0.39
2025-05-13,L1-4,(W) Truuvy - Vadym,Truuvy,1954.0,1999.7,45.7,Vadym,1887.7,1842.0,-45.7,0.594,0.406
2025-05-13,L5-8,(W) Vincent - Colin R,Vincent,1792.2,1827.3,35.1,Colin R,1769.7,1734.6,-35.1,0.532,0.468
2025-05-13,L5-8,(W) Giles - Tom,Giles,1806.4,1855.5,49.1,Tom,1856.7,1813.8,-42.9,0.428,0.572
2025-05-13,L9-12,(W) Eugene - Charlie,Eugene,1770.3,1803.7,33.4,Charlie,1836.3,1802.9,-33.4,0.406,0.594
2025-05-13,L9-12,(W) Steph - Richard B,Steph,1809.1,1836.3,27.2,Richard B,1797.2,1770.0,-27.2,0.517,0.483
2025-05-13,L13-16,(W) Shevy - Eric L,Shevy,1789.9,1824.2,34.3,Eric L,1939.3,1905.0,-34.3,0.297,0.703
2025-05-13,L13-16,(W) Etienne - Joshua,Etienne,1738.0,1767.0,29.0,Joshua,1752.5,1727.1,-25.4,0.479,0.521
2025-05-13,L17-20,(W) Lucas - Enrik,Lucas,1684.4,1706.0,21.6,Enrik,1738.0,1713.2,-24.7,0.424,0.576
2025-05-13,L17-20,(W) Martin H - Jonathan,Martin H,1732.4,1756.0,23.7,Jonathan,1768.7,1745.1,-23.7,0.448,0.552
2025-05-13,L1-2,(W) Greg - Truuvy,Greg,2049.1,2113.6,64.5,Truuvy,1999.7,1935.2,-64.5,0.571,0.429
2025-05-13,L3-4,(W) Vadym - Alejo,Vadym,1842.0,1884.0,42.0,Alejo,1883.5,1841.5,-42.0,0.441,0.559
2025-05-13,L5-6,(W) Vincent - Giles,Vincent,1827.3,1847.6,20.3,Giles,1855.5,1832.3,-23.2,0.46,0.54
2025-05-13,L7-8,(W) Colin R - Tom,Colin R,1734.6,1757.6,23.0,Tom,1813.8,1790.8,-23.0,0.388,0.612
2025-05-13,L9-10,(W) Eugene - Steph,Eugene,1803.7,1824.3,20.5,Steph,1836.3,1815.8,-20.5,0.453,0.547
2025-05-13,L11-12,(W) Richard B - Charlie,Richard B,1770.0,1790.5,20.5,Charlie,1802.9,1782.3,-20.5,0.453,0.547
2025-05-13,L13-14,(W) Etienne - Shevy,Etienne,1767.0,1792.0,24.9,Shevy,1824.2,1802.4,-21.8,0.419,0.581
2025-05-13,L15-16,(W) Joshua - Eric L,Joshua,1727.1,1754.7,27.6,Eric L,1905.0,1877.4,-27.6,0.264,0.736
2025-05-13,L17-18,(W) Martin H - Lucas,Martin H,1756.0,1774.4,18.4,Lucas,1706.0,1689.9,-16.1,0.571,0.429
2025-05-13,L19-20,(W) Enrik - Jonathan,Enrik,1713.2,1736.6,23.4,Jonathan,1745.1,1721.6,-23.4,0.454,0.546
2025-05-13,L21-22,(W) Andy R - Nat,Andy R,1671.2,1692.1,20.9,Nat,1662.7,1641.8,-20.9,0.512,0.488
2025-05-20,Poule,(W) Tom 5-4 Shevy,Tom,1790.8,1796.6,5.8,Shevy,1802.4,1796.5,-5.8,0.483,0.167
2025-05-20,Poule,(W) Colin R 5-2 Pablo,Colin R,1757.6,1768.3,10.7,Pablo,1727.3,1715.0,-12.3,0.544,0.306
2025-05-20,Poule,(W) Amaury 5-3 Pierre,Amaury,1800,1814.6,14.6,Pierre,1881.8,1867.2,-14.6,0.384,0.366
2025-05-20,Poule,(W) Nat 5-4 Flavia,Nat,1641.8,1656.3,14.5,Flavia,1800,1785.5,-14.5,0.287,0.363
2025-05-20,Poule,(W) Amaury 5-3 Chrissy,Amaury,1814.6,1819.4,4.7,Chrissy,1721.0,1716.2,-4.7,0.632,0.118
2025-05-20,Poule,(W) Rudi 5-2 Shevy,Rudi,1800,1813.8,13.8,Shevy,1796.5,1784.5,-12.1,0.505,0.345
2025-05-20,Poule,(W) Greg 5-4 Charlie,Greg,2138.6,2130.3,-8.3,Charlie,1782.3,1790.6,8.3,0.886,0.236
2025-05-20,Poule,(W) Rudi 5-4 Alejo,Rudi,1813.8,1821.7,7.9,Alejo,1846.5,1839.6,-6.9,0.453,0.197
2025-05-20,Poule,(W) Luka 5-3 Andy R,Luka,1800,1804.0,4.0,Andy R,1692.1,1688.1,-4.0,0.65,0.1
2025-05-20,Poule,(W) Greg 5-1 Pablo,Greg,2130.3,2130.4,0.1,Pablo,1715.0,1714.9,-0.2,0.916,0.004
2025-05-20,Poule,(W) Steph 5-3 Andy R,Steph,1815.8,1818.4,2.6,Andy R,1688.1,1685.2,-3.0,0.676,0.074
2025-05-20,Poule,(W) Tom 5-4 Marg,Tom,1796.6,1800.6,4.0,Marg,1771.0,1766.4,-4.5,0.537,0.113
2025-05-20,Poule,(W) Eric L 5-4 Vivian,Eric L,1877.4,1878.9,1.5,Vivian,1801.8,1800.1,-1.7,0.607,0.043
2025-05-20,Poule,(W) Rudi 5-3 Truuvy,Rudi,1821.7,1838.8,17.1,Truuvy,1950.2,1935.3,-14.9,0.323,0.427
2025-05-20,Poule,(W) Truuvy 5-2 Chrissy,Truuvy,1935.3,1937.7,2.5,Chrissy,1716.2,1713.4,-2.8,0.779,0.071
2025-05-20,Poule,(W) Marg 5-4 Nat,Marg,1766.4,1766.3,-0.1,Nat,1656.3,1656.5,0.1,0.653,0.003
2025-05-20,Poule,(W) Alejo 5-4 Tom,Alejo,1839.6,1842.9,3.3,Tom,1800.6,1797.3,-3.3,0.556,0.094
2025-05-20,Poule,(W) Pierre 5-3 Steph,Pierre,1867.2,1874.4,7.2,Steph,1818.4,1812.0,-6.3,0.57,0.18
2025-05-20,Poule,(W) Giles 5-0 Chrissy,Giles,1832.3,1845.7,13.4,Chrissy,1713.4,1700.0,-13.4,0.665,0.335
2025-05-20,Poule,(W) Greg 5-4 Colin R,Greg,2130.4,2122.1,-8.4,Colin R,1768.3,1776.7,8.4,0.889,0.239
2025-05-20,Poule,(W) Alejo 5-3 Alex Y,Alejo,1842.9,1849.5,6.6,Alex Y,1800.9,1793.3,-7.6,0.56,0.19
2025-05-20,Poule,(W) Pierre 5-3 Truuvy,Pierre,1874.4,1888.0,13.6,Truuvy,1937.7,1925.8,-11.9,0.41,0.34
2025-05-20,Poule,(W) Lucas 5-4 Flavia,Lucas,1689.9,1699.9,9.9,Flavia,1785.5,1774.1,-11.4,0.366,0.284
2025-05-20,Poule,(W) Shevy 5-4 Pablo,Shevy,1784.5,1786.2,1.8,Pablo,1714.9,1712.8,-2.0,0.599,0.051
2025-05-20,Poule,(W) Pierre 5-3 Colin R,Pierre,1888.0,1891.3,3.3,Colin R,1776.7,1773.4,-3.3,0.655,0.095
2025-05-20,Poule,(W) Vivian 5-3 Pierre,Vivian,1800.1,1815.2,15.1,Pierre,1891.3,1878.1,-13.2,0.372,0.378
2025-05-20,Poule,(W) Vivian 5-0 Flavia,Vivian,1815.2,1832.8,17.6,Flavia,1774.1,1756.5,-17.6,0.559,0.441
2025-05-20,Poule,(W) Colin R 5-3 Tom,Colin R,1773.4,1783.3,10.0,Tom,1797.3,1787.3,-10.0,0.466,0.284
2025-05-20,Poule,(W) Alejo 5-0 Nat,Alejo,1849.5,1858.2,8.7,Nat,1656.5,1646.6,-9.9,0.752,0.248
2025-05-20,Poule,(W) Vivian 5-4 Charlie,Vivian,1832.8,1836.4,3.6,Charlie,1790.6,1787.5,-3.1,0.56,0.09
2025-05-20,Poule,(W) Truuvy 5-2 Lance,Truuvy,1925.8,1932.0,6.2,Lance,1800,1792.9,-7.1,0.674,0.176
2025-05-20,Poule,(W) Shevy 5-2 Amaury,Shevy,1786.2,1800.2,13.9,Amaury,1819.4,1803.5,-15.9,0.452,0.398
2025-05-20,Poule,(W) Steph 5-3 Enrik,Steph,1812.0,1817.1,5.0,Enrik,1736.6,1730.9,-5.7,0.607,0.143
2025-05-20,Poule,(W) Greg 5-0 Andy R,Greg,2122.1,2124.7,2.6,Andy R,1685.2,1682.2,-3.0,0.925,0.075
2025-05-20,Poule,(W) Alejo 5-4 Steph,Alejo,1858.2,1861.4,3.2,Steph,1817.1,1813.9,-3.2,0.559,0.091
2025-05-20,Poule,(W) Alex Y 5-2 Truuvy,Alex Y,1793.3,1814.9,21.6,Truuvy,1932.0,1913.1,-18.9,0.31,0.54
2025-05-20,Poule,(W) Pablo 5-3 Truuvy,Pablo,1712.8,1733.2,20.4,Truuvy,1913.1,1895.3,-17.9,0.24,0.51
2025-05-20,Poule,(W) Shevy 5-4 Luka,Shevy,1800.2,1805.6,5.4,Luka,1804.0,1797.8,-6.2,0.494,0.156
2025-05-20,Poule,(W) Pierre 5-2 Flavia,Pierre,1878.1,1884.4,6.4,Flavia,1756.5,1749.2,-7.3,0.668,0.182
2025-05-20,Poule,(W) Giles 5-1 Andy R,Giles,1845.7,1853.7,8.0,Andy R,1682.2,1674.2,-8.0,0.719,0.201
2025-05-20,Poule,(W) Luka 5-2 Chrissy,Luka,1797.8,1806.3,8.5,Chrissy,1700.0,1691.5,-8.5,0.637,0.213
2025-05-20,Poule,(W) Alex Y 5-1 Chrissy,Alex Y,1814.9,1824.9,10.0,Chrissy,1691.5,1681.5,-10.0,0.671,0.249
2025-05-20,Poule,(W) Greg 5-3 Giles,Greg,2124.7,2122.0,-2.7,Giles,1853.7,1856.8,3.1,0.826,0.076
2025-05-20,Poule,(W) Steph 5-4 Nat,Steph,1813.9,1811.3,-2.6,Nat,1646.6,1649.5,2.9,0.724,0.074
2025-05-20,Poule,(W) Pablo 5-3 Rudi,Pablo,1733.2,1749.1,15.9,Rudi,1838.8,1822.9,-15.9,0.353,0.397
2025-05-20,Poule,(W) Pablo 5-4 Enrik,Pablo,1749.1,1753.4,4.3,Enrik,1730.9,1726.0,-5.0,0.526,0.124
2025-05-20,Poule,(W) Rudi 5-2 Luka,Rudi,1822.9,1835.9,13.0,Luka,1806.3,1793.2,-13.0,0.524,0.326
2025-05-20,Poule,(W) Eric L 5-3 Truuvy,Eric L,1878.9,1888.5,9.6,Truuvy,1895.3,1885.7,-9.6,0.476,0.274
2025-05-20,Poule,(W) Luka 5-0 Pablo,Luka,1793.2,1811.0,17.7,Pablo,1753.4,1737.9,-15.5,0.557,0.443
2025-05-20,Poule,(W) Pierre 5-1 Giles,Pierre,1884.4,1897.7,13.3,Giles,1856.8,1841.6,-15.2,0.54,0.38
2025-05-20,Poule,(W) Charlie 5-3 Luka,Charlie,1787.5,1797.4,9.9,Luka,1811.0,1799.6,-11.3,0.466,0.284
2025-05-20,Poule,(W) Tom 5-1 Chrissy,Tom,1787.3,1796.9,9.5,Chrissy,1681.5,1670.6,-10.9,0.648,0.272
2025-05-20,Poule,(W) Charlie 5-4 Flavia,Charlie,1797.4,1800.2,2.8,Flavia,1749.2,1745.9,-3.2,0.569,0.081
2025-05-20,Poule,(W) Alex Y 5-3 Vivian,Alex Y,1824.9,1835.6,10.7,Vivian,1836.4,1825.8,-10.7,0.483,0.267
2025-05-20,Poule,(W) Enrik 5-4 Alejo,Enrik,1726.0,1739.4,13.4,Alejo,1861.4,1849.6,-11.7,0.314,0.336
2025-05-20,Poule,(W) Greg 5-0 Vivian,Greg,2122.0,2127.4,5.4,Vivian,1825.8,1819.6,-6.2,0.846,0.154
2025-05-20,Poule,(W) Rudi 5-4 Charlie,Rudi,1835.9,1839.9,4.0,Charlie,1800.2,1796.8,-3.5,0.551,0.099
2025-05-20,Poule,(W) Shevy 5-1 Truuvy,Shevy,1805.6,1824.3,18.7,Truuvy,1885.7,1867.0,-18.7,0.387,0.533
2025-05-20,Poule,(W) Amaury 5-1 Clemens,Amaury,1803.5,1820.1,16.6,Clemens,1800,1783.4,-16.6,0.505,0.415
2025-05-20,Poule,(W) Eric L 5-2 Pierre,Eric L,1888.5,1901.2,12.7,Pierre,1897.7,1885.0,-12.7,0.487,0.363
2025-05-20,Poule,(W) Giles 5-4 Pablo,Giles,1841.6,1841.8,0.2,Pablo,1737.9,1737.8,-0.2,0.645,0.005
2025-05-20,Poule,(W) Vivian 5-3 Luka,Vivian,1819.6,1828.5,8.8,Luka,1799.6,1790.8,-8.8,0.529,0.221
2025-05-20,Poule,(W) Flavia 5-2 Marg,Flavia,1745.9,1761.1,15.2,Marg,1766.3,1751.1,-15.2,0.471,0.379
2025-05-20,Poule,(W) Shevy 5-1 Giles,Shevy,1824.3,1839.8,15.6,Giles,1841.8,1824.0,-17.8,0.475,0.445
2025-05-20,Poule,(W) Lucas 5-2 Marg,Lucas,1699.9,1714.7,14.8,Marg,1751.1,1734.2,-16.9,0.427,0.423
2025-05-20,Poule,(W) Clemens 5-1 Shevy,Clemens,1783.4,1803.4,20.0,Shevy,1839.8,1822.3,-17.5,0.419,0.501
2025-05-20,Poule,(W) Alex Y 5-4 Charlie,Alex Y,1835.6,1839.3,3.8,Charlie,1796.8,1793.5,-3.3,0.556,0.094
2025-05-20,Poule,(W) Eric L 5-4 Luka,Eric L,1901.2,1901.1,-0.1,Luka,1790.8,1790.9,0.2,0.654,0.004
2025-05-20,Poule,(W) Vivian 5-4 Steph,Vivian,1828.5,1833.5,5.0,Steph,1811.3,1806.9,-4.4,0.525,0.125
2025-05-20,Poule,(W) Charlie 5-4 Amaury,Charlie,1793.5,1800.1,6.6,Amaury,1820.1,1812.5,-7.5,0.462,0.188
2025-05-20,Poule,(W) Greg 5-0 Steph,Greg,2127.4,2132.2,4.8,Steph,1806.9,1802.1,-4.8,0.864,0.136
2025-05-20,Poule,(W) Giles 5-3 Amaury,Giles,1824.0,1833.3,9.3,Amaury,1812.5,1803.2,-9.3,0.516,0.234
2025-05-20,Poule,(W) Greg 5-3 Enrik,Greg,2132.2,2126.7,-5.4,Enrik,1739.4,1745.6,6.2,0.906,0.156
2025-05-20,Poule,(W) Enrik 5-4 Lance,Enrik,1745.6,1754.3,8.7,Lance,1792.9,1784.2,-8.7,0.432,0.218
2025-05-20,Poule,(W) Greg 5-4 Lance,Greg,2126.7,2118.7,-8.0,Lance,1784.2,1793.3,9.1,0.878,0.228
2025-05-20,Poule,(W) Amaury 5-1 Marg,Amaury,1803.2,1816.1,12.9,Marg,1734.2,1721.3,-12.9,0.598,0.322
2025-05-20,Poule,(W) Charlie 5-4 Shevy,Charlie,1800.1,1806.4,6.4,Shevy,1822.3,1816.0,-6.4,0.468,0.182
2025-05-20,Poule,(W) Eric L 5-3 Alejo,Eric L,1901.1,1907.2,6.2,Alejo,1849.6,1843.5,-6.2,0.573,0.177
2025-05-20,Poule,(W) Alejo 5-3 Colin R,Alejo,1843.5,1849.2,5.8,Colin R,1783.3,1777.6,-5.8,0.586,0.164
2025-05-20,Poule,(W) Pierre 5-3 Chrissy,Pierre,1885.0,1884.2,-0.9,Chrissy,1670.6,1671.6,1.0,0.775,0.025
2025-05-20,Poule,(W) Rudi 5-4 Pierre,Rudi,1839.9,1848.4,8.5,Pierre,1884.2,1876.7,-7.5,0.437,0.213
2025-05-20,Poule,(W) Eric L 5-4 Tom,Eric L,1907.2,1907.1,-0.1,Tom,1796.9,1797.0,0.1,0.654,0.004
2025-05-20,Poule,(W) Greg 5-4 Rudi,Greg,2118.7,2112.6,-6.2,Rudi,1848.4,1855.4,7.0,0.826,0.176
2025-05-20,Poule,(W) Alex Y 5-3 Eric L,Alex Y,1839.3,1853.2,13.9,Eric L,1907.1,1895.0,-12.1,0.404,0.346
2025-05-20,Poule,(W) Lance 5-4 Chrissy,Lance,1793.3,1792.6,-0.7,Chrissy,1671.6,1672.3,0.7,0.668,0.018
2025-05-20,Poule,(W) Greg 5-3 Tom,Greg,2112.6,2108.7,-3.9,Tom,1797.0,1800.9,3.9,0.86,0.11
2025-05-20,Poule,(W) Lance 5-0 Nat,Lance,1792.6,1804.8,12.2,Nat,1649.5,1637.3,-12.2,0.695,0.305
2025-05-20,Poule,(W) Clemens 5-4 Eric L,Clemens,1803.4,1814.6,11.2,Eric L,1895.0,1885.2,-9.8,0.371,0.279
2025-05-20,Poule,(W) Truuvy 5-1 Steph,Truuvy,1867.0,1878.5,11.5,Steph,1802.1,1790.7,-11.5,0.592,0.328
2025-05-20,Poule,(W) Pierre 5-1 Lucas,Pierre,1876.7,1883.8,7.1,Lucas,1714.7,1707.6,-7.1,0.718,0.202
2025-05-20,Poule,(W) Steph 5-4 Clemens,Steph,1790.7,1797.1,6.5,Clemens,1814.6,1807.2,-7.4,0.466,0.184
2025-05-20,Poule,(W) Colin R 5-2 Truuvy,Colin R,1777.6,1794.8,17.2,Truuvy,1878.5,1861.3,-17.2,0.359,0.491
2025-05-20,Poule,(W) Luka 5-3 Giles,Luka,1790.9,1803.3,12.4,Giles,1833.3,1822.4,-10.9,0.439,0.311
2025-05-20,Poule,(W) Charlie 5-2 Colin R,Charlie,1806.4,1818.1,11.7,Colin R,1794.8,1783.1,-11.7,0.517,0.333
2025-05-20,Poule,(W) Alex Y 5-0 Luka,Alex Y,1853.2,1870.3,17.2,Luka,1803.3,1786.2,-17.2,0.571,0.429
2025-05-20,Poule,(W) Tom 5-2 Amaury,Tom,1800.9,1813.9,13.0,Amaury,1816.1,1801.2,-14.9,0.478,0.372
2025-05-20,Poule,(W) Enrik 5-4 Flavia,Enrik,1754.3,1760.7,6.4,Flavia,1761.1,1754.7,-6.4,0.49,0.16
2025-05-20,Poule,(W) Charlie 5-4 Truuvy,Charlie,1818.1,1825.5,7.4,Truuvy,1861.3,1853.9,-7.4,0.438,0.212
2025-05-20,Poule,(W) Alex Y 5-3 Enrik,Alex Y,1870.3,1874.2,3.9,Enrik,1760.7,1757.3,-3.4,0.653,0.097
2025-05-20,Poule,(W) Colin R 5-3 Chrissy,Colin R,1783.1,1786.5,3.4,Chrissy,1672.3,1668.5,-3.8,0.654,0.096
2025-05-20,Poule,(W) Vivian 5-3 Rudi,Vivian,1833.5,1844.7,11.3,Rudi,1855.4,1844.2,-11.3,0.468,0.282
2025-05-20,Poule,(W) Amaury 5-3 Pablo,Amaury,1801.2,1807.6,6.4,Pablo,1737.8,1732.2,-5.6,0.59,0.16
2025-05-20,Poule,(W) Clemens 5-2 Enrik,Clemens,1807.2,1818.3,11.1,Enrik,1757.3,1747.5,-9.8,0.571,0.279
2025-05-20,Poule,(W) Luka 5-4 Amaury,Luka,1786.2,1793.4,7.2,Amaury,1807.6,1800.4,-7.2,0.469,0.181
2025-05-20,Poule,(W) Eric L 5-1 Giles,Eric L,1885.2,1896.8,11.6,Giles,1822.4,1810.9,-11.6,0.589,0.331
2025-05-20,Poule,(W) Clemens 5-1 Lance,Clemens,1818.3,1834.4,16.0,Lance,1804.8,1788.8,-16.0,0.519,0.401
2025-05-20,Poule,(W) Shevy 5-4 Chrissy,Shevy,1816.0,1814.2,-1.8,Chrissy,1668.5,1670.5,2.0,0.7,0.05
2025-05-20,Poule,(W) Rudi 5-3 Colin R,Rudi,1844.2,1850.9,6.7,Colin R,1786.5,1780.6,-5.9,0.582,0.168
2025-05-20,Poule,(W) Pierre 5-3 Clemens,Pierre,1883.8,1890.1,6.3,Clemens,1834.4,1827.2,-7.2,0.571,0.179
2025-05-20,Poule,(W) Eric L 5-3 Steph,Eric L,1896.8,1900.7,3.9,Steph,1797.1,1793.2,-3.9,0.64,0.11
2025-05-20,Poule,(W) Amaury 5-4 Alejo,Amaury,1800.4,1809.1,8.8,Alejo,1849.2,1841.5,-7.7,0.43,0.22
2025-05-20,Poule,(W) Alex Y 5-1 Lance,Alex Y,1874.2,1886.2,12.0,Lance,1788.8,1776.8,-12.0,0.621,0.299
2025-05-20,Poule,(W) Eric L 5-4 Marg,Eric L,1900.7,1897.6,-3.1,Marg,1721.3,1724.8,3.5,0.737,0.087
2025-05-20,Poule,(W) Pablo 5-2 Nat,Pablo,1732.2,1739.8,7.6,Nat,1637.3,1628.7,-8.7,0.633,0.217
2025-05-20,L1-32,(W) Luka - Pablo,Luka,1793.4,1817.6,24.1,Pablo,1739.8,1718.6,-21.1,0.577,0.423
2025-05-20,L1-32,(W) Tom - Flavia,Tom,1813.9,1834.6,20.7,Flavia,1754.7,1731.0,-23.7,0.584,0.416
2025-05-20,L1-32,(W) Colin R - Lance,Colin R,1780.6,1805.3,24.7,Lance,1776.8,1748.6,-28.2,0.505,0.495
2025-05-20,L1-32,(W) Truuvy - Enrik,Truuvy,1853.9,1871.4,17.5,Enrik,1747.5,1730.0,-17.5,0.648,0.352
2025-05-20,L1-32,(W) Clemens - Nat,Clemens,1827.2,1841.0,13.8,Nat,1628.7,1614.9,-13.8,0.758,0.242
2025-05-20,L1-32,(W) Steph - Andy R,Steph,1793.2,1810.0,16.7,Andy R,1674.2,1655.1,-19.1,0.665,0.335
2025-05-20,L1-32,(W) Lucas - Giles,Lucas,1707.6,1739.8,32.1,Giles,1810.9,1778.7,-32.1,0.356,0.644
2025-05-20,L1-16,(W) Greg - Luka,Greg,2108.7,2118.2,9.4,Luka,1817.6,1806.8,-10.8,0.842,0.158
2025-05-20,L1-16,(W) Alejo - Amaury,Alejo,1841.5,1868.7,27.1,Amaury,1809.1,1778.1,-31.0,0.546,0.454
2025-05-20,L1-16,(W) Charlie - Tom,Charlie,1825.5,1856.2,30.7,Tom,1834.6,1803.9,-30.7,0.487,0.513
2025-05-20,L1-16,(W) Rudi - Colin R,Rudi,1850.9,1880.6,29.7,Colin R,1805.3,1779.2,-26.0,0.565,0.435
2025-05-20,L1-16,(W) Pierre - Truuvy,Pierre,1890.1,1918.4,28.3,Truuvy,1871.4,1843.1,-28.3,0.527,0.473
2025-05-20,L1-16,(W) Shevy - Clemens,Shevy,1814.2,1846.4,32.2,Clemens,1841.0,1804.1,-36.8,0.462,0.538
2025-05-20,L1-16,(W) Vivian - Steph,Vivian,1844.7,1871.7,26.9,Steph,1810.0,1783.0,-26.9,0.55,0.45
2025-05-20,L1-16,(W) Alex Y - Lucas,Alex Y,1886.2,1904.2,18.0,Lucas,1739.8,1721.7,-18.0,0.699,0.301
2025-05-20,L1-8,(W) Greg - Alejo,Greg,2118.2,2133.5,15.3,Alejo,1868.7,1853.3,-15.3,0.808,0.192
2025-05-20,L1-8,(W) Rudi - Charlie,Rudi,1880.6,1923.0,42.4,Charlie,1856.2,1819.1,-37.1,0.535,0.465
2025-05-20,L1-8,(W) Shevy - Pierre,Shevy,1846.4,1894.5,48.1,Pierre,1918.4,1870.3,-48.1,0.398,0.602
2025-05-20,L1-8,(W) Alex Y - Vivian,Alex Y,1904.2,1940.4,36.2,Vivian,1871.7,1835.5,-36.2,0.547,0.453
2025-05-20,L9-16,(W) Amaury - Luka,Amaury,1778.1,1815.1,37.0,Luka,1806.8,1769.7,-37.0,0.459,0.541
2025-05-20,L9-16,(W) Tom - Colin R,Tom,1803.9,1831.7,27.8,Colin R,1779.2,1751.4,-27.8,0.535,0.465
2025-05-20,L9-16,(W) Clemens - Truuvy,Clemens,1804.1,1842.2,38.0,Truuvy,1843.1,1809.8,-33.3,0.444,0.556
2025-05-20,L9-16,(W) Steph - Lucas,Steph,1783.0,1807.7,24.7,Lucas,1721.7,1697.0,-24.7,0.587,0.413
2025-05-20,L17-24,(W) Lance - Flavia,Lance,1748.6,1770.3,21.7,Flavia,1731.0,1709.4,-21.7,0.525,0.475
2025-05-20,L17-24,(W) Enrik - Nat,Enrik,1730.0,1743.6,13.6,Nat,1614.9,1599.4,-15.5,0.66,0.34
2025-05-20,L17-24,(W) Giles - Andy R,Giles,1778.7,1791.9,13.1,Andy R,1655.1,1640.0,-15.0,0.671,0.329
2025-05-20,L1-4,(W) Rudi - Greg,Rudi,1923.0,2028.5,105.4,Greg,2133.5,2041.3,-92.3,0.229,0.771
2025-05-20,L1-4,(W) Shevy - Alex Y,Shevy,1894.5,1962.2,67.7,Alex Y,1940.4,1872.7,-67.7,0.434,0.566
2025-05-20,L5-8,(W) Alejo - Charlie,Alejo,1853.3,1889.3,36.0,Charlie,1819.1,1783.1,-36.0,0.549,0.451
2025-05-20,L5-8,(W) Pierre - Vivian,Pierre,1870.3,1906.2,35.9,Vivian,1835.5,1799.6,-35.9,0.55,0.45
2025-05-20,L9-12,(W) Tom - Amaury,Tom,1831.7,1860.2,28.5,Amaury,1815.1,1782.6,-32.6,0.524,0.476
2025-05-20,L9-12,(W) Clemens - Steph,Clemens,1842.2,1873.0,30.8,Steph,1807.7,1780.7,-27.0,0.549,0.451
2025-05-20,L13-16,(W) Colin R - Luka,Colin R,1751.4,1778.7,27.3,Luka,1769.7,1738.5,-31.2,0.474,0.526
2025-05-20,L13-16,(W) Truuvy - Lucas,Truuvy,1809.8,1827.6,17.8,Lucas,1697.0,1679.2,-17.8,0.657,0.343
2025-05-20,L17-20,(W) Lance - Pablo,Lance,1770.3,1789.7,19.4,Pablo,1718.6,1701.6,-17.0,0.574,0.426
2025-05-20,L17-20,(W) Enrik - Giles,Enrik,1743.6,1766.3,22.7,Giles,1791.9,1769.2,-22.7,0.431,0.569
2025-05-20,L21-24,(W) Andy R - Nat,Andy R,1640.0,1657.7,17.6,Nat,1599.4,1581.7,-17.6,0.558,0.442
2025-05-20,L1-2,(W) Rudi - Shevy,Rudi,2028.5,2102.5,74.0,Shevy,1962.2,1897.4,-64.8,0.594,0.406
2025-05-20,L3-4,(W) Greg - Alex Y,Greg,2041.3,2063.2,21.9,Alex Y,1872.7,1850.7,-21.9,0.725,0.275
2025-05-20,L5-6,(W) Alejo - Pierre,Alejo,1889.3,1910.2,20.9,Pierre,1906.2,1885.3,-20.9,0.476,0.524
2025-05-20,L7-8,(W) Vivian - Charlie,Vivian,1799.6,1818.6,19.0,Charlie,1783.1,1764.1,-19.0,0.524,0.476
2025-05-20,L9-10,(W) Tom - Clemens,Tom,1860.2,1880.9,20.7,Clemens,1873.0,1849.3,-23.6,0.482,0.518
2025-05-20,L11-12,(W) Amaury - Steph,Amaury,1782.6,1805.2,22.7,Steph,1780.7,1760.9,-19.8,0.503,0.497
2025-05-20,L13-14,(W) Truuvy - Colin R,Truuvy,1827.6,1844.8,17.2,Colin R,1778.7,1761.6,-17.2,0.57,0.43
2025-05-20,L15-16,(W) Luka - Lucas,Luka,1738.5,1757.5,18.9,Lucas,1679.2,1662.7,-16.6,0.585,0.415
2025-05-20,L17-18,(W) Lance - Enrik,Lance,1789.7,1811.0,21.3,Enrik,1766.3,1747.7,-18.6,0.534,0.466
2025-05-20,L19-20,(W) Pablo - Giles,Pablo,1701.6,1725.4,23.8,Giles,1769.2,1745.4,-23.8,0.404,0.596
2025-05-20,L21-22,(W) Andy R - Flavia,Andy R,1657.7,1680.6,22.9,Flavia,1709.4,1683.2,-26.2,0.426,0.574
2025-05-27,Poule,(W) Clemens 5-0 Tom,Clemens,1849.3,1871.2,21.8,Tom,1880.9,1861.8,-19.1,0.455,0.545
2025-05-27,Poule,(W) Lukas N 5-2 Pablo,Lukas N,1800,1809.8,9.8,Pablo,1725.4,1716.9,-8.5,0.606,0.244
2025-05-27,Poule,(W) Eric L 5-1 Tom,Eric L,1897.6,1910.5,12.9,Tom,1861.8,1848.9,-12.9,0.551,0.369
2025-05-27,Poule,(W) Clemens 5-3 Lucas H,Clemens,1871.2,1877.1,6.0,Lucas H,1800,1794.0,-6.0,0.601,0.149
2025-05-27,Poule,(W) Greg 5-3 Alejo,Greg,2071.2,2072.4,1.2,Alejo,1910.2,1909.1,-1.2,0.716,0.034
2025-05-27,Poule,(W) Alejo 5-1 Joshua,Alejo,1909.1,1916.5,7.4,Joshua,1754.7,1747.3,-7.4,0.709,0.211
2025-05-27,Poule,(W) Charlie 5-2 Amaury,Charlie,1764.1,1778.4,14.3,Amaury,1805.2,1788.9,-16.4,0.441,0.409
2025-05-27,Poule,(W) Lukas N 5-3 Marg,Lukas N,1809.8,1815.0,5.2,Marg,1724.8,1719.6,-5.2,0.62,0.13
2025-05-27,Poule,(W) Amaury 5-2 Marg,Amaury,1788.9,1799.0,10.1,Marg,1719.6,1709.6,-10.1,0.598,0.252
2025-05-27,Poule,(W) Vadym 5-4 Flavia,Vadym,1892.0,1887.8,-4.2,Flavia,1683.2,1688.0,4.8,0.769,0.119
2025-05-27,Poule,(W) Truuvy 5-1 Colin R,Truuvy,1844.8,1855.4,10.6,Colin R,1761.6,1751.0,-10.6,0.618,0.302
2025-05-27,Poule,(W) Truuvy 5-4 Eric L,Truuvy,1855.4,1863.4,8.0,Eric L,1910.5,1902.5,-8.0,0.421,0.229
2025-05-27,Poule,(W) Eric L 5-4 Joshua,Eric L,1902.5,1900.4,-2.1,Joshua,1747.3,1749.4,2.1,0.71,0.06
2025-05-27,Poule,(W) Pablo 5-3 Marg,Pablo,1716.9,1725.2,8.4,Marg,1709.6,1700.0,-9.6,0.511,0.239
2025-05-27,Poule,(W) Truuvy 5-3 Pablo,Truuvy,1863.4,1865.5,2.1,Pablo,1725.2,1723.1,-2.1,0.689,0.061
2025-05-27,Poule,(W) Lukas N 5-3 Colin R,Lukas N,1815.0,1821.3,6.4,Colin R,1751.0,1745.4,-5.6,0.591,0.159
2025-05-27,Poule,(W) Colin R 5-4 Joshua,Colin R,1745.4,1750.9,5.4,Joshua,1749.4,1743.9,-5.4,0.494,0.156
2025-05-27,Poule,(W) Charlie 5-3 Colin R,Charlie,1778.4,1785.8,7.4,Colin R,1750.9,1743.5,-7.4,0.54,0.21
2025-05-27,Poule,(W) Alejo 5-3 Amaury,Alejo,1916.5,1919.5,3.0,Amaury,1799.0,1795.5,-3.5,0.663,0.087
2025-05-27,Poule,(W) Marg 5-4 Flavia,Marg,1700.0,1705.3,5.3,Flavia,1688.0,1682.7,-5.3,0.517,0.133
2025-05-27,Poule,(W) Alberto 5-2 Amaury,Alberto,1711.8,1730.5,18.7,Amaury,1795.5,1776.7,-18.7,0.382,0.468
2025-05-27,Poule,(W) Lukas N 5-2 Joshua,Lukas N,1821.3,1830.9,9.6,Joshua,1743.9,1735.5,-8.4,0.61,0.24
2025-05-27,Poule,(W) Alejo 5-4 Tom,Alejo,1919.5,1921.2,1.7,Tom,1848.9,1847.2,-1.7,0.6,0.05
2025-05-27,Poule,(W) Greg 5-3 Eric L,Greg,2072.4,2073.1,0.7,Eric L,1900.4,1899.7,-0.7,0.729,0.021
2025-05-27,Poule,(W) Vadym 5-3 Marg,Vadym,1887.8,1888.1,0.3,Marg,1705.3,1704.9,-0.4,0.741,0.009
2025-05-27,Poule,(W) Lucas H 5-4 Lukas N,Lucas H,1794.0,1802.2,8.1,Lukas N,1830.9,1822.8,-8.1,0.447,0.203
2025-05-27,Poule,(W) Joshua 5-3 Marg,Joshua,1735.5,1742.7,7.2,Marg,1704.9,1696.7,-8.2,0.544,0.206
2025-05-27,Poule,(W) Vadym 5-2 Lukas N,Vadym,1888.1,1897.1,9.0,Lukas N,1822.8,1812.5,-10.3,0.593,0.257
2025-05-27,Poule,(W) Charlie 5-0 Alberto,Charlie,1785.8,1800.5,14.7,Alberto,1730.5,1713.7,-16.8,0.579,0.421
2025-05-27,Poule,(W) Greg 5-1 Tom,Greg,2073.1,2077.8,4.7,Tom,1847.2,1842.5,-4.7,0.786,0.134
2025-05-27,Poule,(W) Alejo 5-3 Marg,Alejo,1921.2,1920.0,-1.2,Marg,1696.7,1698.1,1.4,0.785,0.035
2025-05-27,Poule,(W) Alberto 5-2 Lucas H,Alberto,1713.7,1732.7,19.0,Lucas H,1802.2,1783.2,-19.0,0.375,0.475
2025-05-27,Poule,(W) Clemens 5-1 Colin R,Clemens,1877.1,1886.6,9.5,Colin R,1743.5,1735.2,-8.3,0.683,0.237
2025-05-27,Poule,(W) Pablo 5-2 Joshua,Pablo,1723.1,1736.3,13.2,Joshua,1742.7,1729.5,-13.2,0.472,0.378
2025-05-27,Poule,(W) Alberto 5-4 Colin R,Alberto,1732.7,1738.8,6.1,Colin R,1735.2,1729.8,-5.4,0.496,0.154
2025-05-27,Poule,(W) Alejo 5-2 Lucas H,Alejo,1920.0,1925.7,5.7,Lucas H,1783.2,1776.7,-6.5,0.687,0.163
2025-05-27,Poule,(W) Eric L 5-4 Amaury,Eric L,1899.7,1899.0,-0.7,Amaury,1776.7,1777.5,0.8,0.67,0.02
2025-05-27,Poule,(W) Clemens 5-4 Alberto,Clemens,1886.6,1884.6,-2.0,Alberto,1738.8,1740.9,2.0,0.701,0.051
2025-05-27,Poule,(W) Charlie 5-1 Lucas H,Charlie,1800.5,1814.0,13.5,Lucas H,1776.7,1761.2,-15.4,0.534,0.386
2025-05-27,Poule,(W) Lukas N 5-4 Tom,Lukas N,1812.5,1820.3,7.7,Tom,1842.5,1835.7,-6.8,0.457,0.193
2025-05-27,Poule,(W) Lukas N 5-4 Flavia,Lukas N,1820.3,1818.7,-1.5,Flavia,1682.7,1684.2,1.5,0.688,0.038
2025-05-27,Poule,(W) Tom 5-2 Lucas H,Tom,1835.7,1844.3,8.6,Lucas H,1761.2,1751.5,-9.8,0.606,0.244
2025-05-27,Poule,(W) Joshua 5-3 Tom,Joshua,1729.5,1743.8,14.3,Tom,1844.3,1829.9,-14.3,0.341,0.409
2025-05-27,Poule,(W) Greg 5-4 Pablo,Greg,2077.8,2069.8,-7.9,Pablo,1736.3,1744.3,7.9,0.877,0.227
2025-05-27,Poule,(W) Joshua 5-4 Truuvy,Joshua,1743.8,1754.9,11.1,Truuvy,1865.5,1854.4,-11.1,0.332,0.318
2025-05-27,Poule,(W) Charlie 5-1 Joshua,Charlie,1814.0,1825.8,11.8,Joshua,1754.9,1743.2,-11.8,0.584,0.336
2025-05-27,Poule,(W) Greg 5-4 Vadym,Greg,2069.8,2067.0,-2.8,Vadym,1897.1,1899.9,2.8,0.73,0.08
2025-05-27,Poule,(W) Vadym 5-2 Lucas H,Vadym,1899.9,1905.1,5.2,Lucas H,1751.5,1745.5,-5.9,0.702,0.148
2025-05-27,Poule,(W) Eric L 5-1 Colin R,Eric L,1899.0,1905.8,6.8,Colin R,1729.8,1723.0,-6.8,0.726,0.194
2025-05-27,Poule,(W) Colin R 5-2 Pablo,Colin R,1723.0,1736.4,13.3,Pablo,1744.3,1731.0,-13.3,0.469,0.381
2025-05-27,Poule,(W) Clemens 5-4 Eric L,Clemens,1884.6,1891.8,7.2,Eric L,1905.8,1899.5,-6.3,0.469,0.181
2025-05-27,Poule,(W) Charlie 5-1 Alejo,Charlie,1825.8,1845.4,19.6,Alejo,1925.7,1906.1,-19.6,0.36,0.56
2025-05-27,Poule,(W) Vadym 5-3 Alberto,Vadym,1905.1,1906.2,1.0,Alberto,1740.9,1739.7,-1.2,0.72,0.03
2025-05-27,Poule,(W) Greg 5-1 Colin R,Greg,2067.0,2068.8,1.7,Colin R,1736.4,1734.6,-1.7,0.87,0.05
2025-05-27,Poule,(W) Amaury 5-2 Lucas H,Amaury,1777.5,1788.2,10.6,Lucas H,1745.5,1733.4,-12.2,0.546,0.304
2025-05-27,Poule,(W) Lukas N 5-2 Truuvy,Lukas N,1818.7,1834.8,16.0,Truuvy,1854.4,1842.3,-12.0,0.449,0.401
2025-05-27,Poule,(W) Alejo 5-2 Vadym,Alejo,1906.1,1918.4,12.3,Vadym,1906.2,1893.9,-12.3,0.5,0.35
2025-05-27,Poule,(W) Eric L 5-1 Flavia,Eric L,1899.5,1904.5,5.1,Flavia,1684.2,1678.4,-5.8,0.775,0.145
2025-05-27,Poule,(W) Vadym 5-3 Eric L,Vadym,1893.9,1903.2,9.3,Eric L,1904.5,1895.2,-9.3,0.485,0.265
2025-05-27,Poule,(W) Truuvy 5-1 Lucas H,Truuvy,1842.3,1850.4,8.0,Lucas H,1733.4,1722.6,-10.7,0.652,0.268
2025-05-27,Poule,(W) Truuvy 5-4 Charlie,Truuvy,1850.4,1854.7,4.3,Charlie,1845.4,1840.4,-5.0,0.507,0.143
2025-05-27,Poule,(W) Vadym 5-3 Pablo,Vadym,1903.2,1903.9,0.7,Pablo,1731.0,1730.3,-0.7,0.729,0.021
2025-05-27,Poule,(W) Colin R 5-2 Amaury,Colin R,1734.6,1747.4,12.8,Amaury,1788.2,1773.3,-14.9,0.424,0.426
2025-05-27,Poule,(W) Vadym 5-4 Amaury,Vadym,1903.9,1902.9,-1.0,Amaury,1773.3,1774.3,1.0,0.68,0.03
2025-05-27,Poule,(W) Greg 5-1 Joshua,Greg,2068.8,2070.6,1.9,Joshua,1743.2,1741.3,-1.9,0.867,0.053
2025-05-27,Poule,(W) Vadym 5-4 Joshua,Vadym,1902.9,1900.5,-2.3,Joshua,1741.3,1743.7,2.3,0.717,0.067
2025-05-27,Poule,(W) Amaury 5-0 Pablo,Amaury,1774.3,1789.6,15.3,Pablo,1730.3,1715.0,-15.3,0.563,0.437
2025-05-27,Poule,(W) Pablo 5-4 Flavia,Pablo,1715.0,1718.4,3.4,Flavia,1678.4,1674.5,-3.9,0.552,0.098
2025-05-27,Poule,(W) Eric L 5-4 Pablo,Eric L,1895.2,1892.3,-3.0,Pablo,1718.4,1721.3,3.0,0.735,0.085
2025-05-27,Poule,(W) Greg 5-4 Truuvy,Greg,2070.6,2066.9,-3.8,Truuvy,1854.7,1858.5,3.8,0.776,0.126
2025-05-27,Poule,(W) Tom 5-4 Amaury,Tom,1829.9,1833.2,3.2,Amaury,1789.6,1786.4,-3.2,0.558,0.092
2025-05-27,Poule,(W) Truuvy 5-4 Alberto,Truuvy,1858.5,1858.0,-0.4,Alberto,1739.7,1740.2,0.5,0.665,0.015
2025-05-27,Poule,(W) Vadym 5-0 Colin R,Vadym,1900.5,1910.8,10.3,Colin R,1747.4,1738.6,-8.8,0.707,0.293
2025-05-27,Poule,(W) Clemens 5-2 Charlie,Clemens,1891.8,1902.8,11.1,Charlie,1840.4,1830.7,-9.7,0.573,0.277
2025-05-27,L1-16,(W) Amaury - Alberto,Amaury,1786.4,1807.4,21.0,Alberto,1740.2,1719.2,-21.0,0.566,0.434
2025-05-27,L1-16,(W) Truuvy - Colin R,Truuvy,1858.0,1871.9,13.9,Colin R,1738.6,1724.7,-13.9,0.665,0.335
2025-05-27,L1-16,(W) Lukas N - Lucas H,Lukas N,1834.8,1853.8,19.0,Lucas H,1722.6,1703.6,-19.0,0.656,0.344
2025-05-27,L1-16,(W) Clemens - Flavia,Clemens,1902.8,1914.6,11.7,Flavia,1674.5,1662.8,-11.7,0.788,0.212
2025-05-27,L1-16,(W) Charlie - Joshua,Charlie,1830.7,1849.0,18.3,Joshua,1743.7,1725.4,-18.3,0.623,0.377
2025-05-27,L1-16,(W) Alejo - Pablo,Alejo,1918.4,1930.2,11.8,Pablo,1721.3,1709.6,-11.8,0.757,0.243
2025-05-27,L1-8,(W) Vadym - Amaury,Vadym,1910.8,1933.7,22.9,Amaury,1807.4,1784.4,-22.9,0.645,0.355
2025-05-27,L1-8,(W) Truuvy - Lukas N,Truuvy,1871.9,1898.1,26.2,Lukas N,1853.8,1818.8,-35.0,0.526,0.474
2025-05-27,L1-8,(W) Clemens - Charlie,Clemens,1914.6,1944.6,30.0,Charlie,1849.0,1822.7,-26.2,0.593,0.407
2025-05-27,L1-8,(W) Greg - Alejo,Greg,2066.9,2084.2,17.3,Alejo,1930.2,1910.0,-20.2,0.687,0.313
2025-05-27,L9-16,(W) Colin R - Lucas H,Colin R,1724.7,1744.2,19.5,Lucas H,1703.6,1677.6,-26.0,0.53,0.47
2025-05-27,L9-16,(W) Joshua - Flavia,Joshua,1725.4,1745.3,19.9,Flavia,1662.8,1640.1,-22.7,0.589,0.411
2025-05-27,L1-4,(W) Truuvy - Vadym,Truuvy,1898.1,1943.8,45.7,Vadym,1933.7,1880.4,-53.3,0.449,0.551
2025-05-27,L1-4,(W) Clemens - Greg,Clemens,1944.6,2011.4,66.9,Greg,2084.2,2026.8,-57.3,0.309,0.691
2025-05-27,L5-8,(W) Amaury - Lukas N,Amaury,1784.4,1819.9,35.5,Lukas N,1818.8,1778.3,-40.5,0.451,0.549
2025-05-27,L5-8,(W) Alejo - Charlie,Alejo,1910.0,1930.8,20.9,Charlie,1822.7,1798.4,-24.3,0.623,0.377
2025-05-27,L9-12,(W) Colin R - Alberto,Colin R,1744.2,1763.5,19.3,Alberto,1719.2,1696.7,-22.5,0.536,0.464
2025-05-27,L9-12,(W) Joshua - Pablo,Joshua,1745.3,1767.0,21.7,Pablo,1709.6,1687.8,-21.7,0.551,0.449
2025-05-27,L1-2,(W) Truuvy - Clemens,Truuvy,1943.8,2009.8,65.9,Clemens,2011.4,1934.5,-76.9,0.404,0.596
2025-05-27,L3-4,(W) Greg - Vadym,Greg,2026.8,2043.5,16.6,Vadym,1880.4,1861.0,-19.4,0.699,0.301
2025-05-27,L5-6,(W) Amaury - Alejo,Amaury,1819.9,1841.0,21.1,Alejo,1930.8,1912.7,-18.1,0.346,0.654
2025-05-27,L7-8,(W) Lukas N - Charlie,Lukas N,1778.3,1797.8,19.5,Charlie,1798.4,1781.3,-17.1,0.471,0.529
2025-05-27,L9-10,(W) Joshua - Colin R,Joshua,1767.0,1783.0,16.0,Colin R,1763.5,1749.8,-13.7,0.505,0.495
2025-05-27,L11-12,(W) Alberto - Pablo,Alberto,1696.7,1712.4,15.7,Pablo,1687.8,1672.1,-15.7,0.513,0.487
2025-05-27,L13-14,(W) Lucas H - Flavia,Lucas H,1677.6,1694.1,16.5,Flavia,1640.1,1623.6,-16.5,0.554,0.446
2025-06-03,Poule,(W) Vadym 5-4 John H,Vadym,1866.0,1867.9,2.0,John H,1800,1797.8,-2.2,0.594,0.056
2025-06-03,Poule,(W) Rudi 5-0 Jonathan,Rudi,2127.5,2131.0,3.5,Jonathan,1721.6,1718.1,-3.5,0.912,0.088
2025-06-03,Poule,(W) Colin R 5-4 Giulia,Colin R,1749.8,1756.4,6.7,Giulia,1800,1791.1,-8.9,0.428,0.222
2025-06-03,Poule,(W) Truuvy 5-4 Colin R,Truuvy,2034.8,2029.3,-5.5,Colin R,1756.4,1761.9,5.5,0.832,0.182
2025-06-03,Poule,(W) Colin R 5-4 Vivian,Colin R,1761.9,1768.8,6.9,Vivian,1818.6,1810.5,-8.1,0.419,0.231
2025-06-03,Poule,(W) Vivian 5-4 Will P,Vivian,1810.5,1812.4,1.9,Will P,1743.2,1741.0,-2.2,0.596,0.054
2025-06-03,Poule,(W) Will P 5-4 Truuvy,Will P,1741.0,1760.6,19.6,Truuvy,2029.3,2014.6,-14.7,0.16,0.49
2025-06-03,Poule,(W) Alejo 5-4 Greg,Alejo,1912.7,1922.9,10.2,Greg,2051.5,2041.3,-10.2,0.31,0.34
2025-06-03,Poule,(W) Rudi 5-2 Giulia,Rudi,2131.0,2130.0,-1.0,Giulia,1791.1,1792.2,1.0,0.876,0.026
2025-06-03,Poule,(W) Alejo 5-3 Pablo,Alejo,1922.9,1921.1,-1.8,Pablo,1672.1,1674.2,2.1,0.809,0.059
2025-06-03,Poule,(W) Truuvy 5-2 Lance,Truuvy,2014.6,2017.2,2.6,Lance,1811.0,1807.5,-3.5,0.764,0.086
2025-06-03,Poule,(W) Vivian 5-2 Jonathan,Vivian,1812.4,1820.0,7.6,Jonathan,1718.1,1709.4,-8.7,0.632,0.218
2025-06-03,Poule,(W) Will P 5-3 Giulia,Will P,1760.6,1772.4,11.8,Giulia,1792.2,1780.4,-11.8,0.455,0.295
2025-06-03,Poule,(W) Rudi 5-3 Vivian,Rudi,2130.0,2125.7,-4.2,Vivian,1820.0,1823.7,3.7,0.856,0.106
2025-06-03,Poule,(W) Greg 5-3 Pablo,Greg,2041.3,2037.0,-4.3,Pablo,1674.2,1679.2,5.0,0.892,0.142
2025-06-03,Poule,(W) Greg 5-3 John H,Greg,2037.0,2035.6,-1.5,John H,1797.8,1799.7,1.9,0.799,0.049
2025-06-03,Poule,(W) Alex Y 5-4 Lance,Alex Y,1855.7,1858.6,2.8,Lance,1807.5,1804.3,-3.2,0.569,0.081
2025-06-03,Poule,(W) Alejo 5-3 Colin R,Alejo,1921.1,1922.5,1.3,Colin R,1768.8,1767.5,-1.3,0.706,0.044
2025-06-03,Poule,(W) Truuvy 5-1 Martin H,Truuvy,2017.2,2020.8,3.5,Martin H,1774.4,1769.7,-4.7,0.802,0.118
2025-06-03,Poule,(W) Rudi 5-4 Greg,Rudi,2125.7,2126.6,0.9,Greg,2035.6,2034.9,-0.7,0.627,0.023
2025-06-03,Poule,(W) Vadym 5-4 Colin R,Vadym,1867.9,1868.3,0.3,Colin R,1767.5,1767.2,-0.3,0.641,0.009
2025-06-03,Poule,(W) Greg 5-3 Vivian,Greg,2034.9,2034.2,-0.6,Vivian,1823.7,1824.5,0.7,0.771,0.021
2025-06-03,Poule,(W) Pablo 5-3 Colin R,Pablo,1679.2,1692.3,13.1,Colin R,1767.2,1756.0,-11.2,0.376,0.374
2025-06-03,Poule,(W) Alejo 5-3 Jonathan,Alejo,1922.5,1921.8,-0.7,Jonathan,1709.4,1710.3,0.9,0.773,0.023
2025-06-03,Poule,(W) John H 5-4 Alejo,John H,1799.7,1812.4,12.8,Alejo,1921.8,1912.2,-9.6,0.331,0.319
2025-06-03,Poule,(W) Greg 5-3 Will P,Greg,2034.2,2032.2,-2.1,Will P,1772.4,1775.2,2.7,0.819,0.069
2025-06-03,Poule,(W) Vivian 5-4 Alejo,Vivian,1824.5,1834.1,9.6,Alejo,1912.2,1904.0,-8.2,0.376,0.274
2025-06-03,Poule,(W) Rudi 5-3 Truuvy,Rudi,2126.6,2130.7,4.1,Truuvy,2020.8,2017.7,-3.1,0.648,0.102
2025-06-03,Poule,(W) Jonathan 5-1 Pablo,Jonathan,1710.3,1726.1,15.8,Pablo,1692.3,1678.5,-13.8,0.526,0.394
2025-06-03,Poule,(W) Rudi 5-4 Vadym,Rudi,2130.7,2124.0,-6.8,Vadym,1868.3,1874.2,5.9,0.819,0.169
2025-06-03,Poule,(W) Alejo 5-4 Rudi,Alejo,1904.0,1916.9,12.9,Rudi,2124.0,2108.9,-15.1,0.22,0.43
2025-06-03,Poule,(W) Vadym 5-1 Will P,Vadym,1874.2,1884.0,9.8,Will P,1775.2,1763.9,-11.2,0.639,0.281
2025-06-03,Poule,(W) Jonathan 5-3 Alex Y,Jonathan,1726.1,1743.4,17.3,Alex Y,1858.6,1843.5,-15.1,0.318,0.432
2025-06-03,Poule,(W) Truuvy 5-3 John H,Truuvy,2017.7,2017.2,-0.5,John H,1812.4,1813.1,0.6,0.765,0.015
2025-06-03,Poule,(W) Martin H 5-4 Pablo,Martin H,1769.7,1770.6,0.9,Pablo,1678.5,1677.7,-0.8,0.628,0.022
2025-06-03,Poule,(W) Alejo 5-2 Alex Y,Alejo,1916.9,1924.3,7.4,Alex Y,1843.5,1834.9,-8.6,0.604,0.246
2025-06-03,Poule,(W) Pablo 5-3 John H,Pablo,1677.7,1692.9,15.2,John H,1813.1,1795.6,-17.4,0.315,0.435
2025-06-03,Poule,(W) Pablo 5-3 Giulia,Pablo,1692.9,1706.0,13.1,Giulia,1780.4,1765.4,-14.9,0.377,0.373
2025-06-03,Poule,(W) Will P 5-2 Colin R,Will P,1763.9,1775.8,11.9,Colin R,1756.0,1745.9,-10.2,0.511,0.339
2025-06-03,Poule,(W) Jonathan 5-4 Martin H,Jonathan,1743.4,1750.9,7.6,Martin H,1770.6,1763.0,-7.6,0.461,0.189
2025-06-03,Poule,(W) Colin R 5-4 Marg,Colin R,1745.9,1748.3,2.4,Marg,1698.1,1694.8,-3.3,0.568,0.082
2025-06-03,Poule,(W) Truuvy 5-1 Vadym,Truuvy,2017.2,2024.3,7.1,Vadym,1884.0,1875.7,-8.3,0.683,0.237
2025-06-03,Poule,(W) Will P 5-0 Lance,Will P,1775.8,1794.7,18.9,Lance,1804.3,1782.6,-21.6,0.459,0.541
2025-06-03,Poule,(W) Will P 5-4 Pablo,Will P,1794.7,1795.6,0.9,Pablo,1706.0,1705.1,-0.9,0.625,0.025
2025-06-03,Poule,(W) Martin H 5-3 Lance,Martin H,1763.0,1774.1,11.1,Lance,1782.6,1771.5,-11.1,0.472,0.278
2025-06-03,Poule,(W) Vivian 5-4 Lance,Vivian,1834.1,1836.2,2.1,Lance,1771.5,1769.1,-2.4,0.589,0.061
2025-06-03,Poule,(W) Jonathan 5-3 Lance,Jonathan,1750.9,1762.0,11.0,Lance,1769.1,1758.0,-11.0,0.474,0.276
2025-06-03,Poule,(W) Alejo 5-1 Giulia,Alejo,1924.3,1930.5,6.2,Giulia,1765.4,1757.2,-8.2,0.714,0.206
2025-06-03,Poule,(W) Pablo 5-4 Vivian,Pablo,1705.1,1716.7,11.6,Vivian,1836.2,1824.6,-11.6,0.32,0.33
2025-06-03,Poule,(W) Giulia 5-4 Martin H,Giulia,1757.2,1764.2,7.0,Martin H,1774.1,1767.2,-7.0,0.476,0.174
2025-06-03,Poule,(W) Colin R 5-3 Rudi,Colin R,1748.3,1767.5,19.2,Rudi,2108.9,2086.6,-22.3,0.111,0.639
2025-06-03,Poule,(W) Alex Y 5-1 Martin H,Alex Y,1834.9,1846.2,11.3,Martin H,1767.2,1754.2,-13.0,0.596,0.324
2025-06-03,Poule,(W) Vadym 5-4 Marg,Vadym,1875.7,1872.6,-3.1,Marg,1694.8,1698.4,3.6,0.739,0.089
2025-06-03,Poule,(W) Greg 5-3 Jonathan,Greg,2032.2,2029.9,-2.3,Jonathan,1762.0,1765.0,3.0,0.826,0.076
2025-06-03,Poule,(W) Rudi 5-2 Alex Y,Rudi,2086.6,2088.3,1.8,Alex Y,1846.2,1844.4,-1.8,0.8,0.05
2025-06-03,Poule,(W) Vadym 5-1 Martin H,Vadym,1872.6,1880.3,7.7,Martin H,1754.2,1744.0,-10.2,0.664,0.256
2025-06-03,Poule,(W) Will P 5-2 Alex Y,Will P,1795.6,1810.3,14.7,Alex Y,1844.4,1829.7,-14.7,0.43,0.42
2025-06-03,Poule,(W) Greg 5-3 Truuvy,Greg,2029.9,2037.2,7.3,Truuvy,2024.3,2017.1,-7.3,0.508,0.242
2025-06-03,Poule,(W) Rudi 5-3 Will P,Rudi,2088.3,2085.4,-2.9,Will P,1810.3,1813.1,2.9,0.832,0.082
2025-06-03,Poule,(W) Greg 5-1 Lance,Greg,2037.2,2039.8,2.6,Lance,1758.0,1754.5,-3.5,0.833,0.087
2025-06-03,Poule,(W) Will P 5-2 Alejo,Will P,1813.1,1831.1,17.9,Alejo,1930.5,1915.1,-15.4,0.337,0.513
2025-06-03,L1-16,(W) Colin R - Pablo,Colin R,1767.5,1784.7,17.2,Pablo,1716.7,1699.5,-17.2,0.573,0.427
2025-06-03,L1-16,(W) Truuvy - John H,Truuvy,2017.1,2025.9,8.8,John H,1795.6,1783.9,-11.7,0.782,0.218
2025-06-03,L1-16,(W) Will P - Giulia,Will P,1831.1,1850.1,19.0,Giulia,1764.2,1742.4,-21.7,0.595,0.405
2025-06-03,L1-16,(W) Alejo - Lance,Alejo,1915.1,1926.5,11.4,Lance,1754.5,1739.3,-15.2,0.716,0.284
2025-06-03,L1-16,(W) Vadym - Martin H,Vadym,1880.3,1892.9,12.6,Martin H,1744.0,1729.3,-14.7,0.687,0.313
2025-06-03,L1-16,(W) Vivian - Alex Y,Vivian,1824.6,1848.5,23.8,Alex Y,1829.7,1805.9,-23.8,0.493,0.507
2025-06-03,L1-8,(W) Rudi - Colin R,Rudi,2085.4,2094.9,9.4,Colin R,1784.7,1776.6,-8.1,0.85,0.15
2025-06-03,L1-8,(W) Truuvy - Will P,Truuvy,2025.9,2040.2,14.3,Will P,1850.1,1833.4,-16.7,0.733,0.267
2025-06-03,L1-8,(W) Alejo - Vadym,Alejo,1926.5,1950.8,24.2,Vadym,1892.9,1868.6,-24.2,0.548,0.452
2025-06-03,L1-8,(W) Vivian - Greg,Vivian,1848.5,1895.4,47.0,Greg,2039.8,1999.5,-40.3,0.249,0.751
2025-06-03,L9-16,(W) John H - Giulia,John H,1783.9,1807.6,23.6,Giulia,1742.4,1718.8,-23.6,0.559,0.441
2025-06-03,L9-16,(W) Martin H - Lance,Martin H,1729.3,1753.4,24.2,Lance,1739.3,1711.7,-27.6,0.486,0.514
2025-06-03,L1-4,(W) Rudi - Truuvy,Rudi,2094.9,2134.5,39.6,Truuvy,2040.2,2006.2,-34.0,0.578,0.422
2025-06-03,L1-4,(W) Alejo - Vivian,Alejo,1950.8,1984.7,33.9,Vivian,1895.4,1855.9,-39.5,0.579,0.421
2025-06-03,L5-8,(W) Will P - Colin R,Will P,1833.4,1859.6,26.2,Colin R,1776.6,1754.1,-22.5,0.581,0.419
2025-06-03,L5-8,(W) Greg - Vadym,Greg,1999.5,2016.7,17.2,Vadym,1868.6,1851.5,-17.2,0.68,0.32
2025-06-03,L9-12,(W) John H - Pablo,John H,1807.6,1826.3,18.7,Pablo,1699.5,1685.4,-14.1,0.651,0.349
2025-06-03,L9-12,(W) Alex Y - Martin H,Alex Y,1805.9,1825.9,20.0,Martin H,1753.4,1733.5,-20.0,0.575,0.425
2025-06-03,L1-2,(W) Alejo - Rudi,Alejo,1984.7,2060.1,75.5,Rudi,2134.5,2046.4,-88.1,0.297,0.703
2025-06-03,L3-4,(W) Truuvy - Vivian,Truuvy,2006.2,2022.1,15.9,Vivian,1855.9,1837.4,-18.5,0.704,0.296
2025-06-03,L5-6,(W) Greg - Will P,Greg,2016.7,2024.4,7.7,Will P,1859.6,1850.6,-9.0,0.712,0.288
2025-06-03,L7-8,(W) Vadym - Colin R,Vadym,1851.5,1861.2,9.8,Colin R,1754.1,1744.4,-9.8,0.637,0.363
2025-06-03,L9-10,(W) Alex Y - John H,Alex Y,1825.9,1841.5,15.7,John H,1826.3,1808.4,-17.9,0.499,0.501
2025-06-03,L11-12,(W) Pablo - Martin H,Pablo,1685.4,1700.7,15.3,Martin H,1733.5,1715.6,-17.8,0.431,0.569
2025-06-03,L13-14,(W) Giulia - Lance,Giulia,1718.8,1736.3,17.5,Lance,1711.7,1696.4,-15.3,0.51,0.49
2025-06-10,Poule,(W) Eric L 5-2 Pablo,Eric L,1892.3,1895.7,3.5,Pablo,1700.7,1697.7,-3.0,0.751,0.099
2025-06-10,Poule,(W) Eric L 5-3 Greg,Eric L,1895.7,1908.6,12.8,Greg,2024.4,2011.6,-12.8,0.323,0.427
2025-06-10,Poule,(W) Alejo 5-3 Charlie,Alejo,2085.1,2082.1,-3.1,Charlie,1781.3,1784.4,3.1,0.852,0.102
2025-06-10,Poule,(W) Eric L 5-2 Max T,Eric L,1908.6,1914.5,6.0,Max T,1800,1792.1,-7.9,0.651,0.199
2025-06-10,Poule,(W) Chrissy 5-1 Colin R,Chrissy,1670.5,1691.5,21.0,Colin R,1744.4,1728.6,-15.7,0.395,0.525
2025-06-10,Poule,(W) Eric L 5-3 Charlie,Eric L,1914.5,1916.7,2.1,Charlie,1784.4,1782.2,-2.1,0.679,0.071
2025-06-10,Poule,(W) Tom 5-4 Pablo,Tom,1833.2,1832.1,-1.1,Pablo,1697.7,1698.8,1.1,0.686,0.036
2025-06-10,Poule,(W) Vadym 5-4 Charlie,Vadym,1861.2,1862.4,1.1,Charlie,1782.2,1781.1,-1.1,0.612,0.038
2025-06-10,Poule,(W) Max T 5-3 Charlie,Max T,1792.1,1801.4,9.4,Charlie,1781.1,1774.1,-7.0,0.516,0.234
2025-06-10,Poule,(W) Vadym 5-2 Pablo,Vadym,1862.4,1866.3,3.9,Pablo,1698.8,1694.9,-3.9,0.719,0.131
2025-06-10,Poule,(W) Chrissy 5-2 Nat,Chrissy,1691.5,1699.4,7.9,Nat,1581.7,1574.8,-6.9,0.653,0.197
2025-06-10,Poule,(W) Vivian 5-4 Max T,Vivian,1842.4,1845.6,3.2,Max T,1801.4,1797.8,-3.7,0.559,0.091
2025-06-10,Poule,(W) Chrissy 5-3 Marg,Chrissy,1699.4,1708.1,8.7,Marg,1698.4,1689.7,-8.7,0.501,0.249
2025-06-10,Poule,(W) Alejo 5-3 Alex A,Alejo,2082.1,2079.5,-2.6,Alex A,1800,1803.4,3.4,0.835,0.085
2025-06-10,Poule,(W) Alex Y 5-3 Alex A,Alex Y,1841.5,1848.4,6.8,Alex A,1803.4,1795.6,-7.8,0.555,0.195
2025-06-10,Poule,(W) Tom 5-3 Marg,Tom,1832.1,1833.8,1.7,Marg,1689.7,1687.7,-2.0,0.694,0.056
2025-06-10,Poule,(W) Marg 5-4 Maiya,Marg,1687.7,1698.4,10.7,Maiya,1800,1787.8,-12.2,0.344,0.306
2025-06-10,Poule,(W) Maiya 5-1 Nat,Maiya,1787.8,1793.6,5.9,Nat,1574.8,1569.7,-5.1,0.773,0.147
2025-06-10,Poule,(W) Maiya 5-4 Chrissy,Maiya,1793.6,1794.8,1.2,Chrissy,1708.1,1707.1,-1.0,0.621,0.029
2025-06-10,Poule,(W) Alejo 5-2 Maiya,Alejo,2079.5,2079.9,0.4,Maiya,1794.8,1794.3,-0.5,0.837,0.013
2025-06-10,Poule,(W) Alex A 5-3 Nat,Alex A,1795.6,1794.2,-1.4,Nat,1569.7,1570.9,1.3,0.786,0.036
2025-06-10,Poule,(W) Tom 5-2 Colin R,Tom,1833.8,1839.9,6.1,Colin R,1728.6,1722.5,-6.1,0.647,0.203
2025-06-10,Poule,(W) Tom 5-0 Flavia,Tom,1839.9,1846.6,6.7,Flavia,1623.6,1614.7,-8.9,0.776,0.224
2025-06-10,Poule,(W) Alejo 5-3 Greg,Alejo,2079.9,2084.5,4.6,Greg,2011.6,2007.0,-4.6,0.597,0.153
2025-06-10,Poule,(W) Vivian 5-3 Maiya,Vivian,1845.6,1851.7,6.2,Maiya,1794.3,1787.2,-7.1,0.573,0.177
2025-06-10,Poule,(W) Max T 5-3 Tom,Max T,1797.8,1810.6,12.8,Tom,1846.6,1837.0,-9.6,0.43,0.32
2025-06-10,Poule,(W) Eric L 5-3 Vadym,Eric L,1916.7,1922.0,5.3,Vadym,1866.3,1860.9,-5.3,0.572,0.178
2025-06-10,Poule,(W) Greg 5-4 Maiya,Greg,2007.0,2003.1,-3.9,Maiya,1787.2,1792.4,5.2,0.78,0.13
2025-06-10,Poule,(W) Chrissy 5-4 Vivian,Chrissy,1707.1,1719.2,12.1,Vivian,1851.7,1839.6,-12.1,0.303,0.347
2025-06-10,Poule,(W) Marg 5-2 Flavia,Marg,1698.4,1706.5,8.1,Flavia,1614.7,1605.4,-9.3,0.618,0.232
2025-06-10,Poule,(W) Vivian 5-4 John H,Vivian,1839.6,1843.3,3.7,John H,1808.4,1804.2,-4.2,0.545,0.105
2025-06-10,Poule,(W) Colin R 5-4 Flavia,Colin R,1722.5,1722.2,-0.4,Flavia,1605.4,1605.8,0.4,0.662,0.012
2025-06-10,Poule,(W) Eric L 5-1 Nat,Eric L,1922.0,1923.1,1.1,Nat,1570.9,1569.6,-1.3,0.883,0.037
2025-06-10,Poule,(W) Tom 5-3 Nat,Tom,1837.0,1834.8,-2.2,Nat,1569.6,1572.2,2.6,0.823,0.073
2025-06-10,Poule,(W) Alex Y 5-3 Tom,Alex Y,1848.4,1856.4,8.1,Tom,1834.8,1827.9,-6.9,0.52,0.23
2025-06-10,Poule,(W) Pablo 5-3 Nat,Pablo,1694.9,1697.3,2.4,Nat,1572.2,1569.4,-2.8,0.67,0.08
2025-06-10,Poule,(W) Vincent 5-2 Pablo,Vincent,1847.6,1852.7,5.1,Pablo,1697.3,1692.9,-4.4,0.704,0.146
2025-06-10,Poule,(W) John H 5-4 Lukas N,John H,1804.2,1809.8,5.6,Lukas N,1797.8,1792.2,-5.6,0.509,0.141
2025-06-10,Poule,(W) Charlie 5-1 Nat,Charlie,1774.1,1778.7,4.7,Nat,1569.4,1564.0,-5.4,0.765,0.155
2025-06-10,Poule,(W) Alex Y 5-4 Charlie,Alex Y,1856.4,1857.8,1.4,Charlie,1778.7,1777.5,-1.2,0.61,0.04
2025-06-10,Poule,(W) Flavia 5-1 Maiya,Flavia,1605.8,1629.1,23.3,Maiya,1792.4,1765.8,-26.6,0.255,0.665
2025-06-10,Poule,(W) Vadym 5-4 Lukas N,Vadym,1860.9,1862.5,1.6,Lukas N,1792.2,1790.1,-2.1,0.598,0.052
2025-06-10,Poule,(W) Alex A 5-4 Maiya,Alex A,1794.2,1798.5,4.4,Maiya,1765.8,1761.4,-4.4,0.541,0.109
2025-06-10,Poule,(W) Colin R 5-2 Pablo,Colin R,1722.2,1731.4,9.2,Pablo,1692.9,1683.6,-9.2,0.542,0.308
2025-06-10,Poule,(W) Alex A 5-3 Greg,Alex A,1798.5,1819.1,20.6,Greg,2003.1,1987.7,-15.4,0.235,0.515
2025-06-10,Poule,(W) Alejo 5-1 Flavia,Alejo,2084.5,2084.1,-0.4,Flavia,1629.1,1629.5,0.4,0.932,0.012
2025-06-10,Poule,(W) Alejo 5-2 Lukas N,Alejo,2084.1,2084.3,0.2,Lukas N,1790.1,1789.9,-0.2,0.845,0.005
2025-06-10,Poule,(W) Alex A 5-3 Vadym,Alex A,1819.1,1831.6,12.5,Vadym,1862.5,1853.2,-9.4,0.438,0.312
2025-06-10,Poule,(W) Vadym 5-3 Colin R,Vadym,1853.2,1855.6,2.4,Colin R,1731.4,1728.9,-2.4,0.668,0.082
2025-06-10,Poule,(W) Vadym 5-1 Chrissy,Vadym,1855.6,1862.6,7.0,Chrissy,1719.2,1711.0,-8.2,0.687,0.233
2025-06-10,Poule,(W) Max T 5-3 Pablo,Max T,1810.6,1813.6,3.0,Pablo,1683.6,1681.4,-2.3,0.675,0.075
2025-06-10,Poule,(W) Maiya 5-1 Colin R,Maiya,1761.4,1776.4,14.9,Colin R,1728.9,1717.7,-11.2,0.547,0.373
2025-06-10,Poule,(W) Max T 5-3 Vadym,Max T,1813.6,1826.4,12.8,Vadym,1862.6,1853.0,-9.6,0.43,0.32
2025-06-10,Poule,(W) Chrissy 5-2 Flavia,Chrissy,1711.0,1719.3,8.2,Flavia,1629.5,1621.3,-8.2,0.615,0.235
2025-06-10,Poule,(W) Greg 5-1 Chrissy,Greg,1987.7,1990.6,2.9,Chrissy,1719.3,1715.9,-3.4,0.824,0.096
2025-06-10,Poule,(W) Lukas N 5-4 Colin R,Lukas N,1789.9,1791.8,1.9,Colin R,1717.7,1716.3,-1.4,0.602,0.048
2025-06-10,Poule,(W) Vadym 5-1 Flavia,Vadym,1853.0,1856.9,3.9,Flavia,1621.3,1616.8,-4.5,0.791,0.129
2025-06-10,Poule,(W) Charlie 5-0 Colin R,Charlie,1777.5,1789.9,12.4,Colin R,1716.3,1703.9,-12.4,0.587,0.413
2025-06-10,Poule,(W) Eric L 5-3 John H,Eric L,1923.1,1925.9,2.8,John H,1809.8,1806.1,-3.7,0.657,0.093
2025-06-10,Poule,(W) Max T 5-2 Maiya,Max T,1826.4,1837.5,11.1,Maiya,1776.4,1765.2,-11.1,0.571,0.279
2025-06-10,Poule,(W) Greg 5-2 John H,Greg,1990.6,1993.8,3.2,John H,1806.1,1801.8,-4.3,0.743,0.107
2025-06-10,Poule,(W) Alex Y 5-4 Vivian,Alex Y,1857.8,1862.4,4.5,Vivian,1843.3,1838.8,-4.5,0.521,0.129
2025-06-10,Poule,(W) Tom 5-3 Lukas N,Tom,1827.9,1833.8,5.9,Lukas N,1791.8,1783.9,-7.9,0.552,0.198
2025-06-10,Poule,(W) John H 5-3 Pablo,John H,1801.8,1805.2,3.3,Pablo,1681.4,1678.9,-2.5,0.667,0.083
2025-06-10,Poule,(W) Greg 5-2 Colin R,Greg,1993.8,1994.0,0.3,Colin R,1703.9,1703.7,-0.3,0.841,0.009
2025-06-10,Poule,(W) Lukas N 5-4 Flavia,Lukas N,1783.9,1780.9,-2.9,Flavia,1616.8,1619.4,2.6,0.723,0.073
2025-06-10,Poule,(W) Vivian 5-4 Nat,Vivian,1838.8,1832.5,-6.3,Nat,1564.0,1570.2,6.3,0.829,0.179
2025-06-10,Poule,(W) Charlie 5-4 Flavia,Charlie,1789.9,1787.6,-2.3,Flavia,1619.4,1622.1,2.7,0.727,0.077
2025-06-10,Poule,(W) Alejo 5-2 Tom,Alejo,2084.3,2085.5,1.2,Tom,1833.8,1832.6,-1.2,0.809,0.041
2025-06-10,Poule,(W) Alex A 5-2 Pablo,Alex A,1831.6,1837.3,5.7,Pablo,1678.9,1674.6,-4.3,0.707,0.143
2025-06-10,Poule,(W) Vivian 5-3 Greg,Vivian,1832.5,1848.8,16.3,Greg,1994.0,1980.0,-14.0,0.283,0.467
2025-06-10,Poule,(W) Greg 5-3 Alex Y,Greg,1980.0,1982.6,2.6,Alex Y,1862.4,1859.3,-3.0,0.663,0.087
2025-06-10,Poule,(W) Tom 5-4 Alex A,Tom,1832.6,1837.3,4.7,Alex A,1837.3,1831.1,-6.3,0.493,0.157
2025-06-10,Poule,(W) Vivian 5-3 Charlie,Vivian,1848.8,1854.5,5.7,Charlie,1787.6,1782.7,-4.9,0.587,0.163
2025-06-10,Poule,(W) Alex A 5-3 Colin R,Alex A,1831.1,1834.0,3.0,Colin R,1703.7,1701.4,-2.2,0.676,0.074
2025-06-10,Poule,(W) Pablo 5-4 Alex Y,Pablo,1674.6,1686.4,11.8,Alex Y,1859.3,1845.5,-13.8,0.257,0.393
2025-06-10,Poule,(W) Alejo 5-3 Chrissy,Alejo,2085.5,2081.2,-4.3,Chrissy,1715.9,1720.9,5.0,0.894,0.144
2025-06-10,Poule,(W) Eric L 5-0 Chrissy,Eric L,1925.9,1932.9,7.1,Chrissy,1720.9,1712.7,-8.2,0.765,0.235
2025-06-10,Poule,(W) Eric L 5-2 Tom,Eric L,1932.9,1939.4,6.5,Tom,1837.3,1830.8,-6.5,0.634,0.216
2025-06-10,Poule,(W) Alex A 5-4 Charlie,Alex A,1834.0,1837.1,3.1,Charlie,1782.7,1780.4,-2.3,0.573,0.077
2025-06-10,Poule,(W) Alex A 5-2 Marg,Alex A,1837.1,1843.9,6.8,Marg,1706.5,1700.6,-6.0,0.68,0.17
2025-06-10,Poule,(W) Vadym 5-3 Marg,Vadym,1856.9,1858.0,1.2,Marg,1700.6,1699.2,-1.4,0.711,0.039
2025-06-10,Poule,(W) Alejo 5-4 Marg,Alejo,2081.2,2073.7,-7.5,Marg,1699.2,1708.0,8.8,0.9,0.25
2025-06-10,Poule,(W) Tom 5-3 Chrissy,Tom,1830.8,1833.4,2.6,Chrissy,1712.7,1709.7,-3.0,0.664,0.086
2025-06-10,Poule,(W) Greg 5-4 Vadym,Greg,1982.6,1982.0,-0.7,Vadym,1858.0,1858.7,0.7,0.672,0.022
2025-06-10,Poule,(W) John H 5-3 Alex Y,John H,1805.2,1817.5,12.3,Alex Y,1845.5,1834.8,-10.8,0.442,0.308
2025-06-10,Poule,(W) Alex A 5-1 Chrissy,Alex A,1843.9,1853.4,9.4,Chrissy,1709.7,1701.4,-8.3,0.684,0.236
2025-06-10,Poule,(W) Alex A 5-3 Eric L,Alex A,1853.4,1868.2,14.9,Eric L,1939.4,1928.3,-11.1,0.379,0.371
2025-06-10,Poule,(W) Colin R 5-3 Alejo,Colin R,1701.4,1720.8,19.4,Alejo,2073.7,2054.4,-19.4,0.105,0.645
2025-06-10,Poule,(W) Maiya 5-4 Pablo,Maiya,1765.2,1766.8,1.5,Pablo,1686.4,1685.2,-1.2,0.612,0.038
2025-06-10,Poule,(W) Alejo 5-3 Max T,Alejo,2054.4,2053.5,-0.8,Max T,1837.5,1838.6,1.1,0.777,0.027
2025-06-10,Poule,(W) Alejo 5-1 John H,Alejo,2053.5,2057.3,3.7,John H,1817.5,1812.5,-5.0,0.796,0.124
2025-06-10,Poule,(W) Max T 5-1 Greg,Max T,1838.6,1863.2,24.6,Greg,1982.0,1963.5,-18.5,0.305,0.615
2025-06-10,L1-32,(W) Pablo - Vincent,Pablo,1685.2,1712.4,27.1,Vincent,1852.7,1821.1,-31.7,0.276,0.724
2025-06-10,L1-32,(W) Marg - Flavia,Marg,1708.0,1724.5,16.6,Flavia,1622.1,1605.5,-16.6,0.621,0.379
2025-06-10,L1-16,(W) Alejo - Pablo,Alejo,2057.3,2062.7,5.4,Pablo,1712.4,1707.0,-5.4,0.879,0.121
2025-06-10,L1-16,(W) Greg - Alex Y,Greg,1963.5,1978.0,14.5,Alex Y,1834.8,1817.8,-16.9,0.677,0.323
2025-06-10,L1-16,(W) John H - Tom,John H,1812.5,1844.3,31.8,Tom,1833.4,1809.5,-23.9,0.47,0.53
2025-06-10,L1-16,(W) Colin R - Vadym,Colin R,1720.8,1751.8,31.0,Vadym,1858.7,1827.7,-31.0,0.311,0.689
2025-06-10,L1-16,(W) Charlie - Max T,Charlie,1780.4,1808.2,27.8,Max T,1863.2,1826.2,-37.0,0.383,0.617
2025-06-10,L1-16,(W) Vivian - Maiya,Vivian,1854.5,1874.3,19.8,Maiya,1766.8,1744.2,-22.6,0.624,0.376
2025-06-10,L1-16,(W) Alex A - Marg,Alex A,1868.2,1886.5,18.3,Marg,1724.5,1708.6,-16.0,0.696,0.304
2025-06-10,L1-8,(W) Greg - Alejo,Greg,1978.0,2015.2,37.2,Alejo,2062.7,2025.5,-37.2,0.38,0.62
2025-06-10,L1-8,(W) John H - Colin R,John H,1844.3,1873.9,29.6,Colin R,1751.8,1729.6,-22.2,0.63,0.37
2025-06-10,L1-8,(W) Eric L - Charlie,Eric L,1928.3,1948.3,20.0,Charlie,1808.2,1788.1,-20.0,0.666,0.334
2025-06-10,L1-8,(W) Alex A - Vivian,Alex A,1886.5,1925.1,38.6,Vivian,1874.3,1840.5,-33.8,0.518,0.482
2025-06-10,L9-16,(W) Alex Y - Pablo,Alex Y,1817.8,1836.0,18.1,Pablo,1707.0,1691.4,-15.6,0.654,0.346
2025-06-10,L9-16,(W) Vadym - Tom,Vadym,1827.7,1849.0,21.3,Tom,1809.5,1788.2,-21.3,0.526,0.474
2025-06-10,L9-16,(W) Maiya - Marg,Maiya,1744.2,1771.1,26.9,Marg,1708.6,1685.0,-23.6,0.551,0.449
2025-06-10,L1-4,(W) Greg - John H,Greg,2015.2,2042.8,27.6,John H,1873.9,1837.0,-36.9,0.693,0.307
2025-06-10,L1-4,(W) Alex A - Eric L,Alex A,1925.1,1989.1,64.0,Eric L,1948.3,1900.3,-48.0,0.467,0.533
2025-06-10,L5-8,(W) Alejo - Colin R,Alejo,2025.5,2034.8,9.2,Colin R,1729.6,1720.3,-9.2,0.846,0.154
2025-06-10,L5-8,(W) Vivian - Charlie,Vivian,1840.5,1870.3,29.8,Charlie,1788.1,1762.6,-25.5,0.575,0.425
2025-06-10,L9-12,(W) Alex Y - Vadym,Alex Y,1836.0,1863.2,27.2,Vadym,1849.0,1825.7,-23.3,0.481,0.519
2025-06-10,L9-12,(W) Max T - Maiya,Max T,1826.2,1851.5,25.3,Maiya,1771.1,1745.8,-25.3,0.579,0.421
2025-06-10,L13-16,(W) Pablo - Tom,Pablo,1691.4,1716.2,24.8,Tom,1788.2,1763.4,-24.8,0.364,0.636
2025-06-10,L1-2,(W) Greg - Alex A,Greg,2042.8,2093.6,50.8,Alex A,1989.1,1921.4,-67.7,0.577,0.423
2025-06-10,L3-4,(W) John H - Eric L,John H,1837.0,1884.2,47.2,Eric L,1900.3,1864.9,-35.4,0.41,0.59
2025-06-10,L5-6,(W) Vivian - Alejo,Vivian,1870.3,1895.5,25.2,Alejo,2034.8,2013.2,-21.6,0.279,0.721
2025-06-10,L7-8,(W) Colin R - Charlie,Colin R,1720.3,1737.2,16.8,Charlie,1762.6,1745.8,-16.8,0.439,0.561
2025-06-10,L9-10,(W) Max T - Alex Y,Max T,1851.5,1872.1,20.7,Alex Y,1863.2,1845.1,-18.1,0.483,0.517
2025-06-10,L11-12,(W) Vadym - Maiya,Vadym,1825.7,1837.3,11.6,Maiya,1745.8,1730.4,-15.5,0.613,0.387
2025-06-10,L13-14,(W) Pablo - Marg,Pablo,1716.2,1729.9,13.7,Marg,1685.0,1669.1,-15.9,0.545,0.455
2025-06-17,Poule,(W) Vadym 5-4 Marg,Vadym,1837.3,1835.0,-2.2,Marg,1669.1,1671.7,2.6,0.725,0.075
2025-06-17,Poule,(W) Vincent 5-2 Pablo,Vincent,1821.1,1828.8,7.8,Pablo,1729.9,1723.2,-6.7,0.628,0.222
2025-06-17,Poule,(W) Clemens 5-4 Will P,Clemens,1949.5,1949.9,0.4,Will P,1850.6,1850.2,-0.4,0.639,0.011
2025-06-17,Poule,(W) Alejo 5-4 Richard B,Alejo,2013.2,2009.2,-4.0,Richard B,1790.5,1795.2,4.6,0.783,0.133
2025-06-17,Poule,(W) Vivian 5-3 Marg,Vivian,1895.5,1894.3,-1.2,Marg,1671.7,1672.9,1.2,0.784,0.034
2025-06-17,Poule,(W) Steph 5-4 Marinko,Steph,1760.9,1768.1,7.2,Marinko,1800,1791.8,-8.2,0.444,0.206
2025-06-17,Poule,(W) Tom 5-3 Marinko,Tom,1763.4,1772.1,8.7,Marinko,1791.8,1780.1,-11.6,0.459,0.291
2025-06-17,Poule,(W) Greg 5-1 Tom,Greg,2118.6,2119.8,1.2,Tom,1772.1,1771.0,-1.2,0.88,0.04
2025-06-17,Poule,(W) Alejo 5-3 Marg,Alejo,2009.2,2005.5,-3.7,Marg,1672.9,1677.2,4.3,0.874,0.124
2025-06-17,Poule,(W) Alex Y 5-4 Vadym,Alex Y,1845.1,1849.9,4.7,Vadym,1835.0,1831.0,-4.1,0.514,0.136
2025-06-17,Poule,(W) Truuvy 5-3 Pablo,Truuvy,2030.1,2027.0,-3.1,Pablo,1723.2,1726.3,3.1,0.854,0.104
2025-06-17,Poule,(W) Marg 5-1 Perth,Marg,1677.2,1697.8,20.6,Perth,1800,1776.4,-23.6,0.33,0.59
2025-06-17,Poule,(W) Alejo 5-4 Will P,Alejo,2005.5,2003.7,-1.8,Will P,1850.2,1852.3,2.1,0.71,0.06
2025-06-17,Poule,(W) Alex Y 5-4 Willie,Alex Y,1849.9,1852.6,2.8,Willie,1800,1796.9,-3.1,0.571,0.079
2025-06-17,Poule,(W) Vadym 5-1 Lukas N,Vadym,1831.0,1841.4,10.5,Lukas N,1780.9,1767.0,-13.9,0.572,0.348
2025-06-17,Poule,(W) Enrik 5-3 Richard B,Enrik,1747.7,1758.8,11.1,Richard B,1795.2,1784.1,-11.1,0.432,0.318
2025-06-17,Poule,(W) Steph 5-3 Enrik,Steph,1768.1,1776.4,8.3,Enrik,1758.8,1750.5,-8.3,0.513,0.237
2025-06-17,Poule,(W) Alejo 5-2 Tom,Alejo,2003.7,2005.4,1.7,Tom,1771.0,1769.2,-1.7,0.792,0.058
2025-06-17,Poule,(W) Enrik 5-2 Truuvy,Enrik,1750.5,1774.4,23.8,Truuvy,2027.0,2006.6,-20.4,0.169,0.681
2025-06-17,Poule,(W) Will P 5-2 Pablo,Will P,1852.3,1858.5,6.2,Pablo,1726.3,1721.0,-5.3,0.674,0.176
2025-06-17,Poule,(W) Enrik 5-4 Amaury,Enrik,1774.4,1782.9,8.6,Amaury,1841.0,1832.4,-8.6,0.405,0.245
2025-06-17,Poule,(W) Steph 5-4 Alejo,Steph,1776.4,1791.8,15.4,Alejo,2005.4,1992.2,-13.2,0.211,0.439
2025-06-17,Poule,(W) Greg 5-2 Will P,Greg,2119.8,2120.8,1.0,Will P,1858.5,1857.4,-1.1,0.818,0.032
2025-06-17,Poule,(W) Tom 5-1 Martin H,Tom,1769.2,1779.5,10.3,Martin H,1715.6,1703.6,-12.0,0.576,0.344
2025-06-17,Poule,(W) Lukas N 5-4 Will P,Lukas N,1767.0,1776.7,9.7,Will P,1857.4,1847.7,-9.7,0.373,0.277
2025-06-17,Poule,(W) Greg 5-2 Amaury,Greg,2120.8,2121.1,0.3,Amaury,1832.4,1832.1,-0.3,0.84,0.01
2025-06-17,Poule,(W) Vadym 5-4 Clemens,Vadym,1841.4,1850.5,9.0,Clemens,1949.9,1939.3,-10.5,0.349,0.301
2025-06-17,Poule,(W) Shevy 5-3 Tom,Shevy,1912.4,1914.8,2.4,Tom,1779.5,1777.5,-2.0,0.682,0.068
2025-06-17,Poule,(W) Alex Y 5-1 Will P,Alex Y,1852.6,1867.1,14.5,Will P,1847.7,1833.2,-14.5,0.507,0.413
2025-06-17,Poule,(W) Tom 5-4 Steph,Tom,1777.5,1782.6,5.1,Steph,1791.8,1785.8,-6.0,0.48,0.17
2025-06-17,Poule,(W) Amaury 5-3 Will P,Amaury,1832.1,1840.9,8.8,Will P,1833.2,1824.4,-8.8,0.498,0.252
2025-06-17,Poule,(W) Vincent 5-3 Willie,Vincent,1828.8,1836.0,7.1,Willie,1796.9,1788.7,-8.2,0.546,0.204
2025-06-17,Poule,(W) Richard B 5-4 Tom,Richard B,1784.1,1789.2,5.2,Tom,1782.6,1778.2,-4.4,0.502,0.148
2025-06-17,Poule,(W) Vincent 5-1 Lukas N,Vincent,1836.0,1847.7,11.7,Lukas N,1776.7,1764.9,-11.7,0.584,0.336
2025-06-17,Poule,(W) Martin H 5-3 Marinko,Martin H,1703.6,1716.2,12.5,Marinko,1780.1,1765.8,-14.3,0.392,0.358
2025-06-17,Poule,(W) Perth 5-3 Martin H,Perth,1776.4,1783.0,6.6,Martin H,1716.2,1710.4,-5.7,0.586,0.164
2025-06-17,Poule,(W) Vincent 5-3 Clemens,Vincent,1847.7,1861.0,13.3,Clemens,1939.3,1926.1,-13.3,0.371,0.379
2025-06-17,Poule,(W) Tom 5-2 Pablo,Tom,1778.2,1786.2,8.1,Pablo,1721.0,1713.0,-8.1,0.581,0.269
2025-06-17,Poule,(W) Truuvy 5-0 Willie,Truuvy,2006.6,2013.2,6.7,Willie,1788.7,1779.8,-8.9,0.778,0.222
2025-06-17,Poule,(W) Greg 5-2 Martin H,Greg,2121.1,2119.1,-1.9,Martin H,1710.4,1712.7,2.2,0.914,0.064
2025-06-17,Poule,(W) Greg 5-3 Alejo,Greg,2119.1,2121.4,2.3,Alejo,1992.2,1990.0,-2.3,0.675,0.075
2025-06-17,Poule,(W) Willie 5-2 Enrik,Willie,1779.8,1794.0,14.2,Enrik,1782.9,1770.5,-12.4,0.496,0.354
2025-06-17,Poule,(W) Marg 5-1 Martin H,Marg,1697.8,1713.3,15.4,Martin H,1712.7,1697.2,-15.4,0.479,0.441
2025-06-17,Poule,(W) Willie 5-2 Amaury,Willie,1794.0,1810.7,16.7,Amaury,1840.9,1826.3,-14.6,0.433,0.417
2025-06-17,Poule,(W) Vadym 5-3 Martin H,Vadym,1850.5,1851.8,1.3,Martin H,1697.2,1695.7,-1.5,0.707,0.043
2025-06-17,Poule,(W) Alejo 5-1 Pablo,Alejo,1990.0,1992.6,2.7,Pablo,1713.0,1710.3,-2.7,0.831,0.089
2025-06-17,Poule,(W) Greg 5-3 Vivian,Greg,2121.4,2120.3,-1.1,Vivian,1894.3,1895.6,1.3,0.787,0.037
2025-06-17,Poule,(W) Alejo 5-4 Martin H,Alejo,1992.6,1986.7,-5.9,Martin H,1695.7,1702.6,6.9,0.847,0.197
2025-06-17,Poule,(W) Amaury 5-2 Tom,Amaury,1826.3,1836.5,10.2,Tom,1786.2,1777.5,-8.8,0.557,0.293
2025-06-17,Poule,(W) Alex Y 5-4 Amaury,Alex Y,1867.1,1870.8,3.7,Amaury,1836.5,1832.8,-3.7,0.544,0.106
2025-06-17,Poule,(W) Truuvy 5-2 Vivian,Truuvy,2013.2,2018.8,5.6,Vivian,1895.6,1890.0,-5.6,0.663,0.187
2025-06-17,Poule,(W) Alex Y 5-2 Marg,Alex Y,1870.8,1875.6,4.8,Marg,1713.3,1708.5,-4.8,0.712,0.138
2025-06-17,Poule,(W) Perth 5-4 Richard B,Perth,1783.0,1789.3,6.4,Richard B,1789.2,1783.7,-5.6,0.491,0.159
2025-06-17,Poule,(W) Greg 5-1 Marinko,Greg,2120.3,2121.3,1.1,Marinko,1765.8,1764.4,-1.4,0.885,0.035
2025-06-17,Poule,(W) Amaury 5-2 Richard B,Amaury,1832.8,1842.6,9.8,Richard B,1783.7,1773.9,-9.8,0.57,0.28
2025-06-17,Poule,(W) Alejo 5-4 Shevy,Alejo,1986.7,1988.2,1.4,Shevy,1914.8,1913.1,-1.7,0.602,0.048
2025-06-17,Poule,(W) Clemens 5-4 Truuvy,Clemens,1926.1,1935.9,9.8,Truuvy,2018.8,2010.4,-8.4,0.37,0.28
2025-06-17,Poule,(W) Vincent 5-4 Alejo,Vincent,1861.0,1872.4,11.4,Alejo,1988.2,1978.4,-9.8,0.325,0.325
2025-06-17,Poule,(W) Pablo 5-3 Martin H,Pablo,1710.3,1717.5,7.2,Martin H,1702.6,1694.2,-8.4,0.511,0.239
2025-06-17,Poule,(W) Clemens 5-2 Greg,Clemens,1935.9,1956.7,20.8,Greg,2121.3,2103.5,-17.8,0.256,0.594
2025-06-17,Poule,(W) Greg 5-3 Enrik,Greg,2103.5,2099.9,-3.7,Enrik,1770.5,1774.8,4.3,0.872,0.122
2025-06-17,Poule,(W) Greg 5-2 Steph,Greg,2099.9,2099.6,-0.3,Steph,1785.8,1786.1,0.3,0.859,0.009
2025-06-17,Poule,(W) Martin H 5-4 Lukas N,Martin H,1694.2,1703.0,8.8,Lukas N,1764.9,1756.2,-8.8,0.4,0.25
2025-06-17,Poule,(W) Amaury 5-3 Pablo,Amaury,1842.6,1845.3,2.7,Pablo,1717.5,1715.2,-2.3,0.673,0.077
2025-06-17,Poule,(W) Alejo 5-1 Perth,Alejo,1978.4,1983.6,5.2,Perth,1789.3,1782.5,-6.9,0.748,0.172
2025-06-17,Poule,(W) Amaury 5-0 Martin H,Amaury,1845.3,1856.0,10.7,Martin H,1703.0,1692.3,-10.7,0.694,0.306
2025-06-17,Poule,(W) Tom 5-3 Will P,Tom,1777.5,1787.0,9.5,Will P,1824.4,1813.3,-11.1,0.433,0.317
2025-06-17,Poule,(W) Truuvy 5-3 Steph,Truuvy,2010.4,2009.4,-1.0,Steph,1786.1,1787.3,1.2,0.784,0.034
2025-06-17,Poule,(W) Alejo 5-4 Willie,Alejo,1983.6,1981.2,-2.4,Willie,1810.7,1813.9,3.2,0.73,0.08
2025-06-17,Poule,(W) Steph 5-2 Pablo,Steph,1787.3,1796.0,8.7,Pablo,1715.2,1707.7,-7.4,0.602,0.248
2025-06-17,Poule,(W) Alex Y 5-4 Truuvy,Alex Y,1875.6,1887.3,11.7,Truuvy,2009.4,1999.4,-10.0,0.316,0.334
2025-06-17,Poule,(W) Vincent 5-1 Perth,Vincent,1872.4,1882.6,10.3,Perth,1782.5,1770.7,-11.7,0.627,0.293
2025-06-17,Poule,(W) Shevy 5-4 Willie,Shevy,1913.1,1913.5,0.4,Willie,1813.9,1813.4,-0.4,0.639,0.011
2025-06-17,Poule,(W) Will P 5-4 Truuvy,Will P,1813.3,1827.1,13.8,Truuvy,1999.4,1987.5,-11.8,0.255,0.395
2025-06-17,Poule,(W) Marg 5-4 Lukas N,Marg,1708.5,1716.1,7.6,Lukas N,1756.2,1748.5,-7.6,0.432,0.218
2025-06-17,Poule,(W) Vadym 5-3 Greg,Vadym,1851.8,1868.4,16.7,Greg,2099.6,2082.9,-16.7,0.194,0.556
2025-06-17,Poule,(W) Shevy 5-2 Perth,Shevy,1913.5,1918.9,5.4,Perth,1770.7,1764.5,-6.2,0.695,0.155
2025-06-17,Poule,(W) Perth 5-4 Lukas N,Perth,1764.5,1769.6,5.1,Lukas N,1748.5,1744.1,-4.4,0.523,0.127
2025-06-17,Poule,(W) Clemens 5-3 Lukas N,Clemens,1956.7,1955.9,-0.8,Lukas N,1744.1,1744.9,0.8,0.773,0.023
2025-06-17,Poule,(W) Shevy 5-3 Vincent,Shevy,1918.9,1925.9,6.9,Vincent,1882.6,1875.7,-6.9,0.552,0.198
2025-06-17,Poule,(W) Vincent 5-4 Vadym,Vincent,1875.7,1880.6,4.9,Vadym,1868.4,1864.3,-4.2,0.51,0.14
2025-06-17,Poule,(W) Vadym 5-4 Tom,Vadym,1864.3,1865.5,1.2,Tom,1787.0,1785.8,-1.2,0.609,0.041
2025-06-17,Poule,(W) Willie 5-4 Steph,Willie,1813.4,1818.4,5.0,Steph,1796.0,1791.6,-4.4,0.525,0.125
2025-06-17,Poule,(W) Vivian 5-4 Willie,Vivian,1890.0,1891.4,1.5,Willie,1818.4,1816.5,-1.9,0.602,0.048
2025-06-17,Poule,(W) Shevy 5-4 Pablo,Shevy,1925.9,1921.4,-4.5,Pablo,1707.7,1711.6,3.8,0.778,0.128
2025-06-17,L1-32,(W) Richard B - Martin H,Richard B,1773.9,1791.5,17.7,Martin H,1692.3,1674.6,-17.7,0.615,0.385
2025-06-17,L1-32,(W) Marinko - Perth,Marinko,1764.4,1791.0,26.6,Perth,1769.6,1743.0,-26.6,0.493,0.507
2025-06-17,L1-32,(W) Vivian - Pablo,Vivian,1891.4,1901.8,10.3,Pablo,1711.6,1701.3,-10.3,0.738,0.262
2025-06-17,L1-32,(W) Will P - Lukas N,Will P,1827.1,1844.7,17.6,Lukas N,1744.9,1727.3,-17.6,0.616,0.384
2025-06-17,L1-16,(W) Greg - Richard B,Greg,2082.9,2090.3,7.4,Richard B,1791.5,1782.9,-8.7,0.843,0.157
2025-06-17,L1-16,(W) Truuvy - Enrik,Truuvy,1987.5,1998.3,10.7,Enrik,1774.8,1762.3,-12.5,0.773,0.227
2025-06-17,L1-16,(W) Vadym - Willie,Vadym,1865.5,1885.8,20.3,Willie,1816.5,1789.4,-27.1,0.57,0.43
2025-06-17,L1-16,(W) Alex Y - Marinko,Alex Y,1887.3,1904.5,17.2,Marinko,1791.0,1768.0,-23.0,0.635,0.365
2025-06-17,L1-16,(W) Vincent - Vivian,Vincent,1880.6,1909.8,29.2,Vivian,1901.8,1876.7,-25.0,0.47,0.53
2025-06-17,L1-16,(W) Amaury - Steph,Amaury,1856.0,1878.5,22.5,Steph,1791.6,1772.3,-19.3,0.592,0.408
2025-06-17,L1-16,(W) Tom - Clemens,Tom,1785.8,1820.1,34.3,Clemens,1955.9,1915.9,-40.0,0.273,0.727
2025-06-17,L1-16,(W) Alejo - Will P,Alejo,1981.2,1996.0,14.8,Will P,1844.7,1827.5,-17.2,0.687,0.313
2025-06-17,L1-8,(W) Greg - Truuvy,Greg,2090.3,2113.6,23.3,Truuvy,1998.3,1974.9,-23.3,0.629,0.371
2025-06-17,L1-8,(W) Vadym - Alex Y,Vadym,1885.8,1918.9,33.2,Alex Y,1904.5,1871.3,-33.2,0.473,0.527
2025-06-17,L1-8,(W) Vincent - Amaury,Vincent,1909.8,1943.2,33.4,Amaury,1878.5,1845.1,-33.4,0.545,0.455
2025-06-17,L1-8,(W) Alejo - Tom,Alejo,1996.0,2012.7,16.8,Tom,1820.1,1803.3,-16.8,0.734,0.266
2025-06-17,L9-16,(W) Enrik - Richard B,Enrik,1762.3,1791.4,29.2,Richard B,1782.9,1753.7,-29.2,0.47,0.53
2025-06-17,L9-16,(W) Willie - Marinko,Willie,1789.4,1819.0,29.5,Marinko,1768.0,1738.5,-29.5,0.531,0.469
2025-06-17,L9-16,(W) Steph - Vivian,Steph,1772.3,1802.8,30.5,Vivian,1876.7,1846.2,-30.5,0.354,0.646
2025-06-17,L9-16,(W) Clemens - Will P,Clemens,1915.9,1936.5,20.7,Will P,1827.5,1806.8,-20.7,0.625,0.375
2025-06-17,L1-4,(W) Greg - Vadym,Greg,2113.6,2136.8,23.2,Vadym,1918.9,1895.7,-23.2,0.754,0.246
2025-06-17,L1-4,(W) Alejo - Vincent,Alejo,2012.7,2050.6,37.9,Vincent,1943.2,1899.0,-44.2,0.599,0.401
2025-06-17,L5-8,(W) Alex Y - Truuvy,Alex Y,1871.3,1911.9,40.6,Truuvy,1974.9,1934.4,-40.6,0.355,0.645
2025-06-17,L5-8,(W) Amaury - Tom,Amaury,1845.1,1877.4,32.3,Tom,1803.3,1775.6,-27.7,0.56,0.44
2025-06-17,L9-12,(W) Enrik - Willie,Enrik,1791.4,1821.1,29.7,Willie,1819.0,1785.0,-34.0,0.46,0.54
2025-06-17,L9-12,(W) Steph - Clemens,Steph,1802.8,1835.1,32.3,Clemens,1936.5,1898.9,-37.6,0.317,0.683
2025-06-17,L13-16,(W) Richard B - Marinko,Richard B,1753.7,1776.5,22.8,Marinko,1738.5,1712.4,-26.1,0.522,0.478
2025-06-17,L13-16,(W) Vivian - Will P,Vivian,1846.2,1864.4,18.1,Will P,1806.8,1785.6,-21.2,0.556,0.444
2025-06-17,L17-20,(W) Martin H - Perth,Martin H,1674.6,1696.6,21.9,Perth,1743.0,1717.9,-25.0,0.403,0.597
2025-06-17,L17-20,(W) Lukas N - Pablo,Lukas N,1727.3,1744.3,17.0,Pablo,1701.3,1686.7,-14.6,0.537,0.463
2025-06-17,L1-2,(W) Greg - Alejo,Greg,2136.8,2184.5,47.6,Alejo,2050.6,2003.0,-47.6,0.622,0.378
2025-06-17,L3-4,(W) Vincent - Vadym,Vincent,1899.0,1935.4,36.4,Vadym,1895.7,1864.6,-31.2,0.505,0.495
2025-06-17,L5-6,(W) Alex Y - Amaury,Alex Y,1911.9,1926.1,14.2,Amaury,1877.4,1860.9,-16.5,0.549,0.451
2025-06-17,L7-8,(W) Truuvy - Tom,Truuvy,1934.4,1943.4,9.0,Tom,1775.6,1766.6,-9.0,0.714,0.286
2025-06-17,L9-10,(W) Steph - Enrik,Steph,1835.1,1850.2,15.1,Enrik,1821.1,1803.5,-17.6,0.52,0.48
2025-06-17,L11-12,(W) Clemens - Willie,Clemens,1898.9,1911.5,12.5,Willie,1785.0,1770.7,-14.3,0.658,0.342
2025-06-17,L13-14,(W) Vivian - Richard B,Vivian,1864.4,1876.2,11.8,Richard B,1776.5,1762.7,-13.8,0.624,0.376
2025-06-17,L15-16,(W) Will P - Marinko,Will P,1785.6,1800.2,14.5,Marinko,1712.4,1695.8,-16.6,0.604,0.396
2025-06-17,L17-18,(W) Martin H - Lukas N,Martin H,1696.6,1717.4,20.9,Lukas N,1744.3,1723.4,-20.9,0.432,0.568
2025-06-17,L19-20,(W) Pablo - Perth,Pablo,1686.7,1703.9,17.1,Perth,1717.9,1695.1,-22.9,0.455,0.545
2025-06-24,Poule,(W) Richard B 5-2 Eugene,Richard B,1762.7,1778.0,15.3,Eugene,1824.3,1808.9,-15.3,0.412,0.438
2025-06-24,Poule,(W) Eugene 5-2 Megan,Eugene,1808.9,1820.7,11.8,Megan,1800,1786.5,-13.5,0.513,0.337
2025-06-24,Poule,(W) Steph 5-4 Megan,Steph,1850.2,1852.0,1.8,Megan,1786.5,1784.1,-2.4,0.591,0.059
2025-06-24,Poule,(W) Greg 5-1 Steph,Greg,2209.5,2210.5,1.0,Steph,1852.0,1851.0,-1.0,0.887,0.033
2025-06-24,Poule,(W) Eric L 5-4 Eugene,Eric L,1869.9,1872.3,2.4,Eugene,1820.7,1817.9,-2.8,0.57,0.08
2025-06-24,Poule,(W) Charlie 5-1 Lukas N,Charlie,1745.8,1757.5,11.6,Lukas N,1723.4,1709.8,-13.6,0.532,0.388
2025-06-24,Poule,(W) Eric L 5-3 Greg,Eric L,1872.3,1891.0,18.8,Greg,2210.5,2191.7,-18.8,0.125,0.625
2025-06-24,Poule,(W) Eric L 5-1 Charlie,Eric L,1891.0,1898.1,7.1,Charlie,1757.5,1750.4,-7.1,0.683,0.237
2025-06-24,Poule,(W) Greg 5-3 Lukas N,Greg,2191.7,2186.0,-5.7,Lukas N,1709.8,1716.5,6.7,0.941,0.191
2025-06-24,Poule,(W) Alejo 5-4 Greg,Alejo,2018.0,2029.2,11.2,Greg,2186.0,2174.7,-11.2,0.275,0.375
2025-06-24,Poule,(W) Vincent 5-1 Lance,Vincent,1943.4,1947.4,4.0,Lance,1696.4,1692.4,-4.0,0.806,0.114
2025-06-24,Poule,(W) Richard B 5-4 Vincent,Richard B,1778.0,1791.2,13.2,Vincent,1947.4,1934.2,-13.2,0.274,0.376
2025-06-24,Poule,(W) Richard B 5-2 Andy R,Richard B,1791.2,1798.0,6.9,Andy R,1680.6,1673.7,-6.9,0.654,0.196
2025-06-24,Poule,(W) Lance 5-4 Marg,Lance,1692.4,1698.8,6.4,Marg,1716.1,1709.7,-6.4,0.466,0.184
2025-06-24,Poule,(W) Lukas N 5-2 Eugene,Lukas N,1716.5,1733.7,17.2,Eugene,1817.9,1800.7,-17.2,0.358,0.492
2025-06-24,Poule,(W) Charlie 5-0 Lance,Charlie,1750.4,1763.1,12.8,Lance,1698.8,1683.9,-14.9,0.574,0.426
2025-06-24,Poule,(W) Marg 5-4 Megan,Marg,1709.7,1718.6,8.9,Megan,1784.1,1773.9,-10.2,0.394,0.256
2025-06-24,Poule,(W) Vincent 5-1 Marg,Vincent,1934.2,1939.3,5.0,Marg,1718.6,1713.6,-5.0,0.776,0.144
2025-06-24,Poule,(W) Charlie 5-0 Andy R,Charlie,1763.1,1774.4,11.2,Andy R,1673.7,1660.6,-13.1,0.626,0.374
2025-06-24,Poule,(W) Vincent 5-2 Charlie,Vincent,1939.3,1943.8,4.5,Charlie,1774.4,1770.5,-3.9,0.721,0.129
2025-06-24,Poule,(W) Charlie 5-0 Megan,Charlie,1770.5,1785.6,15.1,Megan,1773.9,1753.7,-20.2,0.495,0.505
2025-06-24,Poule,(W) Lukas N 5-4 Steph,Lukas N,1733.7,1744.7,10.9,Steph,1851.0,1841.6,-9.4,0.337,0.313
2025-06-24,Poule,(W) Richard B 5-3 Lance,Richard B,1798.0,1801.2,3.2,Lance,1683.9,1680.7,-3.2,0.659,0.091
2025-06-24,Poule,(W) Richard B 5-4 Steph,Richard B,1801.2,1808.5,7.3,Steph,1841.6,1835.3,-6.2,0.442,0.208
2025-06-24,Poule,(W) Vincent 5-1 Alejo,Vincent,1943.8,1962.7,18.9,Alejo,2029.2,2013.0,-16.2,0.379,0.541
2025-06-24,Poule,(W) Lukas N 5-2 Marg,Lukas N,1744.7,1755.4,10.7,Marg,1713.6,1702.9,-10.7,0.545,0.305
2025-06-24,Poule,(W) Etienne 5-0 Lance,Etienne,1792.0,1805.8,13.8,Lance,1680.7,1668.6,-12.1,0.655,0.345
2025-06-24,Poule,(W) Vincent 5-4 Lukas N,Vincent,1962.7,1958.6,-4.1,Lukas N,1755.4,1759.5,4.1,0.767,0.117
2025-06-24,Poule,(W) Megan 5-1 Richard B,Megan,1753.7,1773.6,19.9,Richard B,1808.5,1791.1,-17.4,0.422,0.498
2025-06-24,Poule,(W) Alejo 5-3 Lance,Alejo,2013.0,2009.1,-3.9,Lance,1668.6,1673.1,4.5,0.879,0.129
2025-06-24,Poule,(W) Alejo 5-3 Megan,Alejo,2009.1,2007.8,-1.4,Megan,1773.6,1775.4,1.8,0.795,0.045
2025-06-24,Poule,(W) Steph 5-3 Andy R,Steph,1835.3,1835.9,0.5,Andy R,1660.6,1660.0,-0.6,0.732,0.018
2025-06-24,Poule,(W) Lukas N 5-4 Andy R,Lukas N,1759.5,1759.8,0.4,Andy R,1660.0,1659.6,-0.4,0.639,0.011
2025-06-24,Poule,(W) Greg 5-3 Vincent,Greg,2174.7,2174.0,-0.8,Vincent,1958.6,1959.5,0.9,0.776,0.026
2025-06-24,Poule,(W) Eugene 5-4 Alejo,Eugene,1800.7,1815.3,14.6,Alejo,2007.8,1995.3,-12.5,0.233,0.417
2025-06-24,Poule,(W) Alejo 5-2 Steph,Alejo,1995.3,1999.3,4.1,Steph,1835.9,1831.8,-4.1,0.715,0.135
2025-06-24,Poule,(W) Alejo 5-2 Marg,Alejo,1999.3,1999.4,0.1,Marg,1702.9,1702.7,-0.1,0.846,0.004
2025-06-24,Poule,(W) Eric L 5-3 Megan,Eric L,1898.1,1900.5,2.4,Megan,1775.4,1772.2,-3.2,0.67,0.08
2025-06-24,Poule,(W) Megan 5-3 Lukas N,Megan,1772.2,1781.5,9.3,Lukas N,1759.8,1751.7,-8.1,0.518,0.232
2025-06-24,Poule,(W) Marg 5-4 Eugene,Marg,1702.7,1713.5,10.7,Eugene,1815.3,1804.6,-10.7,0.343,0.307
2025-06-24,Poule,(W) Greg 5-3 Eugene,Greg,2174.0,2169.6,-4.3,Eugene,1804.6,1809.6,5.0,0.893,0.143
2025-06-24,Poule,(W) Greg 5-1 Lance,Greg,2169.6,2168.9,-0.8,Lance,1673.1,1674.0,0.9,0.946,0.026
2025-06-24,Poule,(W) Greg 5-2 Etienne,Greg,2168.9,2167.7,-1.2,Etienne,1805.8,1807.4,1.6,0.89,0.04
2025-06-24,Poule,(W) Greg 5-2 Charlie,Greg,2167.7,2166.2,-1.5,Charlie,1785.6,1787.1,1.5,0.9,0.05
2025-06-24,Poule,(W) Lukas N 5-1 Etienne,Lukas N,1751.7,1769.2,17.5,Etienne,1807.4,1787.4,-20.0,0.421,0.499
2025-06-24,Poule,(W) Vincent 5-4 Megan,Vincent,1959.5,1956.5,-3.0,Megan,1781.5,1785.0,3.4,0.736,0.086
2025-06-24,Poule,(W) Steph 5-4 Eric L,Steph,1831.8,1839.2,7.4,Eric L,1900.5,1893.1,-7.4,0.402,0.248
2025-06-24,Poule,(W) Alejo 5-3 Eric L,Alejo,1999.4,2002.5,3.0,Eric L,1893.1,1890.1,-3.0,0.648,0.102
2025-06-24,Poule,(W) Lukas N 5-1 Lance,Lukas N,1769.2,1779.2,10.0,Lance,1674.0,1664.0,-10.0,0.634,0.286
2025-06-24,Poule,(W) Vincent 5-3 Eric L,Vincent,1956.5,1961.9,5.4,Eric L,1890.1,1885.4,-4.7,0.594,0.156
2025-06-24,Poule,(W) Steph 5-3 Marg,Steph,1839.2,1841.5,2.3,Marg,1713.5,1710.8,-2.7,0.673,0.077
2025-06-24,Poule,(W) Charlie 5-2 Richard B,Charlie,1787.1,1797.8,10.7,Richard B,1791.1,1778.6,-12.4,0.494,0.356
2025-06-24,Poule,(W) Steph 5-4 Lance,Steph,1841.5,1839.0,-2.6,Lance,1664.0,1667.0,3.0,0.735,0.085
2025-06-24,Poule,(W) Eric L 5-1 Marg,Eric L,1885.4,1891.0,5.6,Marg,1710.8,1704.2,-6.6,0.732,0.188
2025-06-24,L1-16,(W) Steph - Eugene,Steph,1839.0,1856.2,17.2,Eugene,1809.6,1789.5,-20.1,0.542,0.458
2025-06-24,L1-16,(W) Charlie - Lance,Charlie,1797.8,1809.9,12.1,Lance,1667.0,1652.9,-14.1,0.68,0.32
2025-06-24,L1-16,(W) Lukas N - Andy R,Lukas N,1779.2,1793.9,14.7,Andy R,1659.6,1644.9,-14.7,0.666,0.334
2025-06-24,L1-16,(W) Eric L - Etienne,Eric L,1891.0,1904.4,13.4,Etienne,1787.4,1769.6,-17.8,0.645,0.355
2025-06-24,L1-16,(W) Richard B - Megan,Richard B,1778.6,1801.0,22.4,Megan,1785.0,1759.4,-25.6,0.491,0.509
2025-06-24,L1-8,(W) Greg - Steph,Greg,2166.2,2173.4,7.2,Steph,1856.2,1849.0,-7.2,0.856,0.144
2025-06-24,L1-8,(W) Charlie - Lukas N,Charlie,1809.9,1833.8,23.9,Lukas N,1793.9,1766.0,-27.9,0.523,0.477
2025-06-24,L1-8,(W) Eric L - Alejo,Eric L,1904.4,1936.4,32.0,Alejo,2002.5,1970.5,-32.0,0.362,0.638
2025-06-24,L1-8,(W) Vincent - Richard B,Vincent,1961.9,1978.6,16.6,Richard B,1801.0,1784.4,-16.6,0.716,0.284
2025-06-24,L9-16,(W) Lance - Andy R,Lance,1652.9,1674.4,21.5,Andy R,1644.9,1623.5,-21.5,0.511,0.489
2025-06-24,L1-4,(W) Greg - Charlie,Greg,2173.4,2182.7,9.3,Charlie,1833.8,1824.5,-9.3,0.876,0.124
2025-06-24,L1-4,(W) Vincent - Eric L,Vincent,1978.6,2017.2,38.6,Eric L,1936.4,1903.3,-33.1,0.56,0.44
2025-06-24,L5-8,(W) Lukas N - Steph,Lukas N,1766.0,1802.1,36.2,Steph,1849.0,1818.0,-31.0,0.383,0.617
2025-06-24,L5-8,(W) Alejo - Richard B,Alejo,1970.5,1983.3,12.8,Richard B,1784.4,1769.4,-14.9,0.745,0.255
2025-06-24,L9-12,(W) Eugene - Lance,Eugene,1789.5,1804.4,14.9,Lance,1674.4,1659.4,-14.9,0.66,0.34
2025-06-24,L9-12,(W) Etienne - Megan,Etienne,1769.6,1793.9,24.4,Megan,1759.4,1735.0,-24.4,0.515,0.485
2025-06-24,L1-2,(W) Greg - Vincent,Greg,2182.7,2210.7,27.9,Vincent,2017.2,1984.6,-32.6,0.722,0.278
2025-06-24,L3-4,(W) Charlie - Eric L,Charlie,1824.5,1855.2,30.7,Eric L,1903.3,1872.6,-30.7,0.388,0.612
2025-06-24,L5-6,(W) Alejo - Lukas N,Alejo,1983.3,1989.8,6.5,Lukas N,1802.1,1794.5,-7.6,0.739,0.261
2025-06-24,L7-8,(W) Steph - Richard B,Steph,1818.0,1828.8,10.8,Richard B,1769.4,1756.8,-12.6,0.569,0.431
2025-06-24,L9-10,(W) Eugene - Etienne,Eugene,1804.4,1818.6,14.2,Etienne,1793.9,1779.7,-14.2,0.515,0.485
2025-06-24,L11-12,(W) Lance - Megan,Lance,1659.4,1677.2,17.8,Megan,1735.0,1714.7,-20.3,0.393,0.607
2025-07-01,Poule,(W) Alonzo 5-3 Pablo,Alonzo,1800,1804.6,4.6,Pablo,1703.9,1700.4,-3.5,0.635,0.115
2025-07-01,Poule,(W) Lukas N 5-4 Marg,Lukas N,1794.5,1795.3,0.8,Marg,1704.2,1703.4,-0.8,0.627,0.023
2025-07-01,Poule,(W) Charlie 5-2 Will P,Charlie,1863.2,1871.0,7.8,Will P,1800.2,1791.1,-9.1,0.59,0.26
2025-07-01,Poule,(W) Eugene 5-4 Lukas N,Eugene,1818.6,1822.7,4.1,Lukas N,1795.3,1791.2,-4.1,0.534,0.116
2025-07-01,Poule,(W) Colin R 5-4 Steph,Colin R,1737.2,1745.5,8.4,Steph,1828.8,1820.5,-8.4,0.371,0.279
2025-07-01,Poule,(W) Charlie 5-3 Vivian,Charlie,1871.0,1878.7,7.7,Vivian,1876.2,1868.5,-7.7,0.492,0.258
2025-07-01,Poule,(W) Charlie 5-2 Alejo,Charlie,1878.7,1893.9,15.1,Alejo,1989.8,1974.7,-15.1,0.345,0.505
2025-07-01,Poule,(W) Greg 5-4 Roeland,Greg,2235.7,2227.8,-7.8,Roeland,1830.8,1841.3,10.5,0.911,0.261
2025-07-01,Poule,(W) Vivian 5-3 Marg,Vivian,1868.5,1869.4,0.9,Marg,1703.4,1702.4,-1.0,0.721,0.029
2025-07-01,Poule,(W) Roeland 5-3 Steph,Roeland,1841.3,1850.1,8.8,Steph,1820.5,1813.9,-6.6,0.53,0.22
2025-07-01,Poule,(W) Vivian 5-2 Alonzo,Vivian,1869.4,1877.1,7.7,Alonzo,1804.6,1794.3,-10.3,0.592,0.258
2025-07-01,Poule,(W) Roeland 5-1 Alonzo,Roeland,1850.1,1863.7,13.6,Alonzo,1794.3,1780.7,-13.6,0.58,0.34
2025-07-01,Poule,(W) Pablo 5-2 Enrik,Pablo,1700.4,1715.2,14.8,Enrik,1803.5,1786.2,-17.3,0.356,0.494
2025-07-01,Poule,(W) Will P 5-1 Alejo,Will P,1791.1,1814.3,23.2,Alejo,1974.7,1954.8,-19.9,0.258,0.662
2025-07-01,Poule,(W) Colin R 5-1 Marg,Colin R,1745.5,1756.3,10.7,Marg,1702.4,1689.9,-12.5,0.562,0.358
2025-07-01,Poule,(W) Alonzo 5-2 Eugene,Alonzo,1780.7,1797.1,16.4,Eugene,1822.7,1808.4,-14.4,0.44,0.41
2025-07-01,Poule,(W) Roeland 5-2 Pablo,Roeland,1863.7,1869.6,5.9,Pablo,1715.2,1710.8,-4.5,0.702,0.148
2025-07-01,Poule,(W) Greg 5-1 Charlie,Greg,2227.8,2229.3,1.4,Charlie,1893.9,1892.4,-1.4,0.872,0.048
2025-07-01,Poule,(W) Vadym 5-2 Lukas N,Vadym,1869.6,1876.7,7.2,Lukas N,1791.2,1782.8,-8.4,0.611,0.239
2025-07-01,Poule,(W) Vadym 5-4 Enrik,Vadym,1876.7,1877.4,0.7,Enrik,1786.2,1785.4,-0.8,0.627,0.023
2025-07-01,Poule,(W) Greg 5-0 Colin R,Greg,2229.3,2231.1,1.8,Colin R,1756.3,1754.4,-1.8,0.938,0.062
2025-07-01,Poule,(W) Vivian 5-4 Greg,Vivian,1877.1,1893.1,16.0,Greg,2231.1,2215.1,-16.0,0.115,0.535
2025-07-01,Poule,(W) Enrik 5-0 Alonzo,Enrik,1785.4,1803.5,18.1,Alonzo,1797.1,1776.4,-20.7,0.483,0.517
2025-07-01,Poule,(W) Pablo 5-2 Greg,Pablo,1710.8,1734.7,23.9,Greg,2215.1,2191.1,-23.9,0.052,0.798
2025-07-01,Poule,(W) Steph 5-4 Will P,Steph,1813.9,1818.4,4.5,Will P,1814.3,1809.0,-5.3,0.499,0.151
2025-07-01,Poule,(W) Vadym 5-2 Colin R,Vadym,1877.4,1882.8,5.4,Colin R,1754.4,1749.0,-5.4,0.67,0.18
2025-07-01,Poule,(W) Sammy 5-2 Lukas N,Sammy,1877.4,1886.1,8.7,Lukas N,1782.8,1775.3,-7.6,0.633,0.217
2025-07-01,Poule,(W) Greg 5-1 Alonzo,Greg,2191.1,2191.2,0.1,Alonzo,1776.4,1776.2,-0.2,0.916,0.004
2025-07-01,Poule,(W) Will P 5-4 Colin R,Will P,1809.0,1811.2,2.3,Colin R,1749.0,1747.1,-1.9,0.585,0.065
2025-07-01,Poule,(W) Pablo 5-3 Eugene,Pablo,1734.7,1745.4,10.6,Eugene,1808.4,1796.0,-12.4,0.396,0.354
2025-07-01,Poule,(W) Alejo 5-3 Pablo,Alejo,1954.8,1954.2,-0.6,Pablo,1745.4,1745.9,0.6,0.77,0.02
2025-07-01,Poule,(W) Will P 5-3 Alonzo,Will P,1811.2,1818.2,7.0,Alonzo,1776.2,1768.3,-8.0,0.55,0.2
2025-07-01,Poule,(W) Colin R 5-3 Lukas N,Colin R,1747.1,1755.8,8.7,Lukas N,1775.3,1765.1,-10.2,0.46,0.29
2025-07-01,Poule,(W) Colin R 5-4 Enrik,Colin R,1755.8,1762.3,6.5,Enrik,1803.5,1795.9,-7.6,0.432,0.218
2025-07-01,Poule,(W) Will P 5-4 Eugene,Will P,1818.2,1822.4,4.1,Eugene,1796.0,1791.8,-4.1,0.532,0.118
2025-07-01,Poule,(W) Colin R 5-2 Eugene,Colin R,1762.3,1774.1,11.8,Eugene,1791.8,1778.1,-13.7,0.458,0.392
2025-07-01,Poule,(W) Alejo 5-3 Lukas N,Alejo,1954.2,1954.3,0.1,Lukas N,1765.1,1765.0,-0.1,0.748,0.002
2025-07-01,Poule,(W) Sammy 5-2 Vivian,Sammy,1886.1,1900.5,14.4,Vivian,1893.1,1882.3,-10.8,0.49,0.36
2025-07-01,Poule,(W) Alejo 5-4 Vadym,Alejo,1954.3,1955.8,1.5,Vadym,1882.8,1881.4,-1.5,0.601,0.049
2025-07-01,Poule,(W) Sammy 5-3 Will P,Sammy,1900.5,1906.1,5.6,Will P,1822.4,1818.2,-4.2,0.611,0.139
2025-07-01,Poule,(W) Will P 5-3 Roeland,Will P,1818.2,1827.9,9.7,Roeland,1869.6,1856.7,-12.9,0.427,0.323
2025-07-01,Poule,(W) Vadym 5-3 Pablo,Vadym,1881.4,1883.3,1.9,Pablo,1745.9,1744.0,-1.9,0.686,0.064
2025-07-01,Poule,(W) Sammy 5-3 Alejo,Sammy,1906.1,1918.9,12.8,Alejo,1955.8,1946.1,-9.6,0.429,0.321
2025-07-01,Poule,(W) Roeland 5-1 Sammy,Roeland,1856.7,1877.0,20.3,Sammy,1918.9,1898.6,-20.3,0.411,0.509
2025-07-01,Poule,(W) Charlie 5-4 Vadym,Charlie,1892.4,1896.5,4.1,Vadym,1883.3,1879.2,-4.1,0.513,0.137
2025-07-01,Poule,(W) Steph 5-4 Lukas N,Steph,1818.4,1820.6,2.2,Lukas N,1765.0,1762.4,-2.6,0.576,0.074
2025-07-01,Poule,(W) Sammy 5-2 Colin R,Sammy,1898.6,1905.7,7.1,Colin R,1774.1,1768.8,-5.3,0.672,0.178
2025-07-01,Poule,(W) Eugene 5-4 Marg,Eugene,1778.1,1779.0,0.9,Marg,1689.9,1689.0,-0.9,0.624,0.026
2025-07-01,Poule,(W) Steph 5-4 Marg,Steph,1820.6,1819.7,-0.9,Marg,1689.0,1689.9,0.9,0.681,0.031
2025-07-01,L1-16,(W) Vivian - Alejo,Vivian,1882.3,1906.1,23.8,Alejo,1946.1,1922.3,-23.8,0.409,0.591
2025-07-01,L1-16,(W) Greg - Eugene,Greg,2191.2,2194.7,3.4,Eugene,1779.0,1775.0,-4.0,0.915,0.085
2025-07-01,L1-16,(W) Roeland - Alonzo,Roeland,1877.0,1895.7,18.7,Alonzo,1768.3,1749.6,-18.7,0.652,0.348
2025-07-01,L1-16,(W) Enrik - Colin R,Enrik,1795.9,1817.5,21.7,Colin R,1768.8,1750.2,-18.6,0.539,0.461
2025-07-01,L1-16,(W) Vadym - Pablo,Vadym,1879.2,1891.8,12.7,Pablo,1744.0,1731.3,-12.7,0.685,0.315
2025-07-01,L1-16,(W) Charlie - Steph,Charlie,1896.5,1912.3,15.7,Steph,1819.7,1803.9,-15.7,0.609,0.391
2025-07-01,L1-16,(W) Will P - Lukas N,Will P,1827.9,1844.3,16.4,Lukas N,1762.4,1746.1,-16.4,0.593,0.407
2025-07-01,L1-8,(W) Sammy - Vivian,Sammy,1905.7,1941.5,35.8,Vivian,1906.1,1879.2,-26.9,0.499,0.501
2025-07-01,L1-8,(W) Greg - Roeland,Greg,2194.7,2202.8,8.1,Roeland,1895.7,1884.9,-10.9,0.848,0.152
2025-07-01,L1-8,(W) Enrik - Vadym,Enrik,1817.5,1855.4,37.9,Vadym,1891.8,1859.4,-32.5,0.395,0.605
2025-07-01,L1-8,(W) Will P - Charlie,Will P,1844.3,1876.3,32.0,Charlie,1912.3,1880.3,-32.0,0.403,0.597
2025-07-01,L9-16,(W) Alonzo - Eugene,Alonzo,1749.6,1778.4,28.8,Eugene,1775.0,1749.8,-25.2,0.463,0.537
2025-07-01,L9-16,(W) Colin R - Pablo,Colin R,1750.2,1769.2,19.0,Pablo,1731.3,1712.3,-19.0,0.527,0.473
2025-07-01,L9-16,(W) Lukas N - Steph,Lukas N,1746.1,1769.5,23.4,Steph,1803.9,1780.5,-23.4,0.418,0.582
2025-07-01,L1-4,(W) Greg - Sammy,Greg,2202.8,2217.5,14.6,Sammy,1941.5,1922.0,-19.5,0.818,0.182
2025-07-01,L1-4,(W) Will P - Enrik,Will P,1876.3,1914.1,37.8,Enrik,1855.4,1811.3,-44.1,0.53,0.47
2025-07-01,L5-8,(W) Vivian - Roeland,Vivian,1879.2,1906.5,27.3,Roeland,1884.9,1853.1,-31.8,0.492,0.508
2025-07-01,L5-8,(W) Vadym - Charlie,Vadym,1859.4,1887.8,28.4,Charlie,1880.3,1851.8,-28.4,0.47,0.53
2025-07-01,L9-12,(W) Alonzo - Alejo,Alonzo,1778.4,1815.7,37.4,Alejo,1922.3,1894.3,-28.0,0.304,0.696
2025-07-01,L9-12,(W) Colin R - Lukas N,Colin R,1769.2,1789.4,20.1,Lukas N,1769.5,1749.4,-20.1,0.5,0.5
2025-07-01,L13-16,(W) Steph - Pablo,Steph,1780.5,1794.5,14.1,Pablo,1712.3,1698.2,-14.1,0.597,0.403
2025-07-01,L1-2,(W) Greg - Will P,Greg,2217.5,2233.4,15.9,Will P,1914.1,1898.2,-15.9,0.851,0.149
2025-07-01,L3-4,(W) Sammy - Enrik,Sammy,1922.0,1946.8,24.7,Enrik,1811.3,1789.6,-21.7,0.654,0.346
2025-07-01,L5-6,(W) Vivian - Vadym,Vivian,1906.5,1919.2,12.7,Vadym,1887.8,1875.1,-12.7,0.527,0.473
2025-07-01,L7-8,(W) Roeland - Charlie,Roeland,1853.1,1868.7,15.6,Charlie,1851.8,1838.4,-13.4,0.502,0.498
2025-07-01,L9-10,(W) Colin R - Alonzo,Colin R,1789.4,1803.8,14.4,Alonzo,1815.7,1796.5,-19.2,0.462,0.538
2025-07-01,L11-12,(W) Lukas N - Alejo,Lukas N,1749.4,1768.1,18.7,Alejo,1894.3,1875.6,-18.7,0.303,0.697
2025-07-01,L13-14,(W) Steph - Eugene,Steph,1794.5,1806.2,11.7,Eugene,1749.8,1736.1,-13.6,0.564,0.436
2025-07-08,Poule,(W) Sammy 5-2 Greg,Sammy,1954.8,1979.3,24.6,Greg,2258.4,2237.4,-21.1,0.148,0.702
2025-07-08,Poule,(W) Greg 5-2 Patrick L,Greg,2237.4,2235.1,-2.3,Patrick L,1800,1803.0,3.0,0.925,0.075
2025-07-08,Poule,(W) Vivian 5-4 Alejo,Vivian,1919.2,1921.8,2.6,Alejo,1875.6,1873.0,-2.6,0.562,0.088
2025-07-08,Poule,(W) Alejo 5-3 Lukas N,Alejo,1873.0,1876.1,3.1,Lukas N,1768.1,1765.0,-3.1,0.647,0.103
2025-07-08,Poule,(W) Lukas N 5-3 Vivian,Lukas N,1765.0,1778.8,13.8,Vivian,1921.8,1908.0,-13.8,0.288,0.462
2025-07-08,Poule,(W) Patrick L 5-4 Colin R,Patrick L,1803.0,1809.1,6.0,Colin R,1803.8,1799.3,-4.5,0.499,0.151
2025-07-08,Poule,(W) Vivian 5-2 Patrick L,Vivian,1908.0,1914.3,6.3,Patrick L,1809.1,1800.6,-8.5,0.639,0.211
2025-07-08,Poule,(W) Richard B 5-4 Alejo,Richard B,1756.8,1767.9,11.0,Alejo,1876.1,1866.6,-9.5,0.335,0.315
2025-07-08,Poule,(W) Tom 5-2 Maiya,Tom,1766.6,1775.5,8.9,Maiya,1730.4,1718.4,-11.9,0.552,0.298
2025-07-08,Poule,(W) Tom 5-4 Patrick L,Tom,1775.5,1781.1,5.6,Patrick L,1800.6,1793.2,-7.4,0.464,0.186
2025-07-08,Poule,(W) Charlie 5-4 Alejo,Charlie,1838.4,1844.2,5.7,Alejo,1866.6,1860.9,-5.7,0.46,0.19
2025-07-08,Poule,(W) Vadym 5-4 Colin R,Vadym,1875.1,1876.4,1.3,Colin R,1799.3,1798.0,-1.3,0.607,0.043
2025-07-08,Poule,(W) Tom 5-0 Steffi,Tom,1781.1,1796.9,15.8,Steffi,1800,1778.9,-21.1,0.473,0.527
2025-07-08,Poule,(W) Charlie 5-3 Sammy,Charlie,1844.2,1857.2,13.1,Sammy,1979.3,1964.1,-15.2,0.315,0.435
2025-07-08,Poule,(W) Richard B 5-4 Vivian,Richard B,1767.9,1778.3,10.5,Vivian,1914.3,1903.9,-10.5,0.301,0.349
2025-07-08,Poule,(W) Richard B 5-3 Maiya,Richard B,1778.3,1783.3,4.9,Maiya,1718.4,1711.8,-6.6,0.585,0.165
2025-07-08,Poule,(W) Lukas N 5-2 Andy R,Lukas N,1778.8,1783.0,4.2,Andy R,1623.5,1618.6,-4.9,0.71,0.14
2025-07-08,Poule,(W) Steph 5-4 Colin R,Steph,1806.2,1810.4,4.1,Colin R,1798.0,1793.9,-4.1,0.512,0.138
2025-07-08,Poule,(W) Steph 5-2 Tom,Steph,1810.4,1820.3,9.9,Tom,1796.9,1787.0,-9.9,0.519,0.331
2025-07-08,Poule,(W) Charlie 5-3 Alex Y,Charlie,1857.2,1867.6,10.4,Alex Y,1926.1,1915.7,-10.4,0.402,0.348
2025-07-08,Poule,(W) Richard B 5-1 Andy R,Richard B,1783.3,1789.3,6.0,Andy R,1618.6,1611.6,-7.0,0.721,0.199
2025-07-08,Poule,(W) Charlie 5-4 Andy R,Charlie,1867.6,1862.7,-4.9,Andy R,1611.6,1617.3,5.7,0.814,0.164
2025-07-08,Poule,(W) Greg 5-2 Tom,Greg,2235.1,2232.7,-2.4,Tom,1787.0,1789.4,2.4,0.93,0.08
2025-07-08,Poule,(W) Steffi 5-2 Maiya,Steffi,1778.9,1789.1,10.2,Maiya,1711.8,1701.7,-10.2,0.595,0.255
2025-07-08,Poule,(W) Steffi 5-4 Patrick L,Steffi,1789.1,1795.3,6.2,Patrick L,1793.2,1786.9,-6.2,0.494,0.156
2025-07-08,Poule,(W) Alejo 5-2 Tom,Alejo,1860.9,1868.4,7.5,Tom,1789.4,1781.9,-7.5,0.602,0.248
2025-07-08,Poule,(W) Patrick L 5-4 Andy R,Patrick L,1786.9,1783.9,-3.1,Andy R,1617.3,1620.0,2.7,0.726,0.076
2025-07-08,Poule,(W) Vadym 5-3 Vivian,Vadym,1876.4,1885.1,8.7,Vivian,1903.9,1895.2,-8.7,0.461,0.289
2025-07-08,Poule,(W) Andy R 5-2 Tom,Andy R,1620.0,1639.9,19.9,Tom,1781.9,1764.9,-17.0,0.282,0.568
2025-07-08,Poule,(W) Alejo 5-1 Maiya,Alejo,1868.4,1874.3,5.9,Maiya,1701.7,1693.8,-7.9,0.723,0.197
2025-07-08,Poule,(W) Tom 5-2 Richard B,Tom,1764.9,1776.5,11.5,Richard B,1789.3,1777.7,-11.5,0.465,0.385
2025-07-08,Poule,(W) Charlie 5-2 Vivian,Charlie,1862.7,1874.6,11.9,Vivian,1895.2,1883.3,-11.9,0.453,0.397
2025-07-08,Poule,(W) Steph 5-4 Maiya,Steph,1820.3,1819.6,-0.7,Maiya,1693.8,1694.8,1.0,0.674,0.024
2025-07-08,Poule,(W) Greg 5-4 Steph,Greg,2232.7,2224.8,-8.0,Steph,1819.6,1827.5,8.0,0.915,0.265
2025-07-08,Poule,(W) Charlie 5-1 Tom,Charlie,1874.6,1883.1,8.5,Tom,1776.5,1768.0,-8.5,0.638,0.282
2025-07-08,Poule,(W) Richard B 5-4 Lukas N,Richard B,1777.7,1782.4,4.7,Lukas N,1783.0,1778.3,-4.7,0.492,0.158
2025-07-08,Poule,(W) Vadym 5-4 Maiya,Vadym,1885.1,1882.1,-3.0,Maiya,1694.8,1698.2,3.5,0.749,0.099
2025-07-08,Poule,(W) Colin R 5-3 Lukas N,Colin R,1793.9,1800.7,6.8,Lukas N,1778.3,1771.5,-6.8,0.522,0.228
2025-07-08,Poule,(W) Alex Y 5-3 Steffi,Alex Y,1915.7,1918.2,2.5,Steffi,1795.3,1792.0,-3.3,0.667,0.083
2025-07-08,Poule,(W) Greg 5-3 Colin R,Greg,2224.8,2219.7,-5.1,Colin R,1800.7,1805.8,5.1,0.92,0.17
2025-07-08,Poule,(W) Alejo 5-2 Steffi,Alejo,1874.3,1881.3,7.0,Steffi,1792.0,1782.6,-9.3,0.616,0.234
2025-07-08,Poule,(W) Alejo 5-3 Vadym,Alejo,1881.3,1888.8,7.5,Vadym,1882.1,1874.6,-7.5,0.499,0.251
2025-07-08,Poule,(W) Maiya 5-3 Andy R,Maiya,1698.2,1704.1,5.8,Andy R,1639.9,1634.0,-5.8,0.583,0.167
2025-07-08,Poule,(W) Colin R 5-4 Alejo,Colin R,1805.8,1813.8,8.0,Alejo,1888.8,1880.8,-8.0,0.383,0.267
2025-07-08,Poule,(W) Colin R 5-2 Maiya,Colin R,1813.8,1819.7,5.9,Maiya,1704.1,1697.2,-6.9,0.653,0.197
2025-07-08,Poule,(W) Steffi 5-4 Andy R,Steffi,1782.6,1780.6,-2.1,Andy R,1634.0,1635.8,1.8,0.702,0.052
2025-07-08,Poule,(W) Patrick L 5-4 Maiya,Patrick L,1783.9,1785.0,1.1,Maiya,1697.2,1696.2,-1.0,0.622,0.028
2025-07-08,Poule,(W) Greg 5-4 Lukas N,Greg,2219.7,2211.3,-8.4,Lukas N,1771.5,1779.9,8.4,0.93,0.28
2025-07-08,Poule,(W) Colin R 5-2 Andy R,Colin R,1819.7,1822.9,3.2,Andy R,1635.8,1632.1,-3.8,0.742,0.108
2025-07-08,Poule,(W) Vivian 5-3 Sammy,Vivian,1883.3,1894.2,10.9,Sammy,1964.1,1951.3,-12.7,0.386,0.364
2025-07-08,Poule,(W) Steffi 5-3 Lukas N,Steffi,1780.6,1790.5,10.0,Lukas N,1779.9,1772.4,-7.5,0.501,0.249
2025-07-08,Poule,(W) Vadym 5-4 Lukas N,Vadym,1874.6,1874.8,0.2,Lukas N,1772.4,1772.2,-0.2,0.643,0.007
2025-07-08,Poule,(W) Vadym 5-1 Sammy,Vadym,1874.8,1890.6,15.9,Sammy,1951.3,1932.9,-18.5,0.392,0.528
2025-07-08,Poule,(W) Greg 5-3 Richard B,Greg,2211.3,2206.1,-5.2,Richard B,1782.4,1787.6,5.2,0.922,0.172
2025-07-08,Poule,(W) Alex Y 5-3 Vivian,Alex Y,1918.2,1924.6,6.5,Vivian,1894.2,1887.7,-6.5,0.534,0.216
2025-07-08,Poule,(W) Steffi 5-4 Steph,Steffi,1790.5,1798.7,8.1,Steph,1827.5,1821.4,-6.1,0.447,0.203
2025-07-08,Poule,(W) Greg 5-2 Vivian,Greg,2206.1,2205.7,-0.4,Vivian,1887.7,1888.1,0.4,0.862,0.012
2025-07-08,Poule,(W) Alex Y 5-3 Alejo,Alex Y,1924.6,1930.2,5.6,Alejo,1880.8,1875.2,-5.6,0.563,0.187
2025-07-08,L1-16,(W) Vivian - Tom,Vivian,1888.1,1901.5,13.4,Tom,1768.0,1754.6,-13.4,0.666,0.334
2025-07-08,L1-16,(W) Patrick L - Richard B,Patrick L,1785.0,1812.0,27.0,Richard B,1787.6,1767.3,-20.3,0.496,0.504
2025-07-08,L1-16,(W) Vadym - Lukas N,Vadym,1890.6,1904.1,13.5,Lukas N,1772.2,1758.7,-13.5,0.664,0.336
2025-07-08,L1-16,(W) Alejo - Maiya,Alejo,1875.2,1885.8,10.6,Maiya,1696.2,1683.9,-12.4,0.737,0.263
2025-07-08,L1-16,(W) Alex Y - Steffi,Alex Y,1930.2,1943.1,12.8,Steffi,1798.7,1781.5,-17.1,0.681,0.319
2025-07-08,L1-16,(W) Sammy - Colin R,Sammy,1932.9,1949.1,16.3,Colin R,1822.9,1809.0,-14.0,0.653,0.347
2025-07-08,L1-16,(W) Charlie - Andy R,Charlie,1883.1,1890.8,7.7,Andy R,1632.1,1623.1,-9.0,0.809,0.191
2025-07-08,L1-8,(W) Greg - Vivian,Greg,2205.7,2213.7,7.9,Vivian,1901.5,1893.6,-7.9,0.852,0.148
2025-07-08,L1-8,(W) Vadym - Patrick L,Vadym,1904.1,1924.0,19.9,Patrick L,1812.0,1785.5,-26.5,0.63,0.37
2025-07-08,L1-8,(W) Alejo - Alex Y,Alejo,1885.8,1917.0,31.2,Alex Y,1943.1,1911.9,-31.2,0.418,0.582
2025-07-08,L1-8,(W) Charlie - Sammy,Charlie,1890.8,1922.1,31.3,Sammy,1949.1,1912.6,-36.5,0.417,0.583
2025-07-08,L9-16,(W) Lukas N - Richard B,Lukas N,1758.7,1779.3,20.6,Richard B,1767.3,1746.7,-20.6,0.488,0.512
2025-07-08,L9-16,(W) Maiya - Steffi,Maiya,1683.9,1713.8,29.9,Steffi,1781.5,1747.3,-34.2,0.363,0.637
2025-07-08,L9-16,(W) Colin R - Andy R,Colin R,1809.0,1819.3,10.3,Andy R,1623.1,1611.1,-12.0,0.745,0.255
2025-07-08,L1-4,(W) Greg - Vadym,Greg,2213.7,2226.5,12.8,Vadym,1924.0,1911.2,-12.8,0.841,0.159
2025-07-08,L1-4,(W) Charlie - Alejo,Charlie,1922.1,1961.7,39.7,Alejo,1917.0,1877.3,-39.7,0.507,0.493
2025-07-08,L5-8,(W) Vivian - Patrick L,Vivian,1893.6,1912.3,18.7,Patrick L,1785.5,1760.5,-25.0,0.651,0.349
2025-07-08,L5-8,(W) Sammy - Alex Y,Sammy,1912.6,1943.9,31.2,Alex Y,1911.9,1885.1,-26.8,0.501,0.499
2025-07-08,L9-12,(W) Lukas N - Tom,Lukas N,1779.3,1798.0,18.7,Tom,1754.6,1735.9,-18.7,0.536,0.464
2025-07-08,L9-12,(W) Colin R - Maiya,Colin R,1819.3,1833.5,14.2,Maiya,1713.8,1697.2,-16.6,0.647,0.353
2025-07-08,L13-16,(W) Steffi - Andy R,Steffi,1747.3,1761.9,14.6,Andy R,1611.1,1598.4,-12.8,0.687,0.313
2025-07-08,L1-2,(W) Greg - Charlie,Greg,2226.5,2245.7,19.2,Charlie,1961.7,1942.5,-19.2,0.821,0.179
2025-07-08,L3-4,(W) Alejo - Vadym,Alejo,1877.3,1906.8,29.4,Vadym,1911.2,1881.8,-29.4,0.451,0.549
2025-07-08,L5-6,(W) Vivian - Sammy,Vivian,1912.3,1927.0,14.6,Sammy,1943.9,1926.8,-17.1,0.455,0.545
2025-07-08,L7-8,(W) Alex Y - Patrick L,Alex Y,1885.1,1893.9,8.8,Patrick L,1760.5,1748.8,-11.7,0.672,0.328
2025-07-08,L9-10,(W) Colin R - Lukas N,Colin R,1833.5,1845.5,12.1,Lukas N,1798.0,1785.9,-12.1,0.551,0.449
2025-07-08,L11-12,(W) Maiya - Tom,Maiya,1697.2,1714.6,17.4,Tom,1735.9,1721.0,-14.9,0.445,0.555
2025-07-08,L13-14,(W) Steffi - Richard B,Steffi,1761.9,1779.0,17.1,Richard B,1746.7,1733.9,-12.8,0.522,0.478
2025-07-15,Poule,(W) Alex A 5-4 John H,Alex A,1936.4,1939.8,3.5,John H,1892.2,1889.2,-3.0,0.563,0.087
2025-07-15,Poule,(W) Colin R 5-4 Steph,Colin R,1845.5,1849.0,3.5,Steph,1821.4,1818.0,-3.5,0.535,0.115
2025-07-15,Poule,(W) Giles 5-4 Alex A,Giles,1745.4,1759.5,14.1,Alex A,1939.8,1923.7,-16.2,0.246,0.404
2025-07-15,Poule,(W) Tom 5-4 Colin R,Tom,1721.0,1730.8,9.8,Colin R,1849.0,1839.2,-9.8,0.324,0.326
2025-07-15,Poule,(W) Alex A 5-4 Patrick L,Alex A,1923.7,1920.4,-3.3,Patrick L,1748.8,1752.1,3.3,0.732,0.082
2025-07-15,Poule,(W) Giles 5-4 Patrick L,Giles,1759.5,1764.4,4.9,Patrick L,1752.1,1746.5,-5.6,0.511,0.139
2025-07-15,Poule,(W) Will P 5-3 Steph,Will P,1913.2,1916.7,3.5,Steph,1818.0,1814.5,-3.5,0.634,0.116
2025-07-15,Poule,(W) Alex A 5-3 Colin R,Alex A,1920.4,1925.1,4.7,Colin R,1839.2,1835.1,-4.1,0.615,0.135
2025-07-15,Poule,(W) Will P 5-1 Giles,Will P,1916.7,1923.1,6.4,Giles,1764.4,1756.9,-7.5,0.706,0.214
2025-07-15,Poule,(W) Eugene 5-2 Steph,Eugene,1736.1,1752.3,16.1,Steph,1814.5,1800.7,-13.8,0.389,0.461
2025-07-15,Poule,(W) Greg 5-3 Will P,Greg,2270.7,2266.7,-3.9,Will P,1923.1,1927.0,3.9,0.881,0.131
2025-07-15,Poule,(W) Colin R 5-3 Marg,Colin R,1835.1,1836.7,1.6,Marg,1689.9,1688.3,-1.6,0.698,0.052
2025-07-15,Poule,(W) Alex A 5-4 Greg,Alex A,1925.1,1943.6,18.5,Greg,2266.7,2250.9,-15.8,0.123,0.527
2025-07-15,Poule,(W) Patrick L 5-0 Colin R,Patrick L,1746.5,1771.6,25.1,Colin R,1836.7,1817.9,-18.8,0.373,0.627
2025-07-15,Poule,(W) Eugene 5-2 Colin R,Eugene,1752.3,1767.8,15.5,Colin R,1817.9,1804.6,-13.3,0.407,0.443
2025-07-15,Poule,(W) John H 5-1 Patrick L,John H,1889.2,1898.2,9.0,Patrick L,1771.6,1761.3,-10.3,0.663,0.257
2025-07-15,Poule,(W) Tom 5-3 Steph,Tom,1730.8,1741.2,10.5,Steph,1800.7,1790.2,-10.5,0.401,0.349
2025-07-15,Poule,(W) Tom 5-0 Eugene,Tom,1741.2,1757.4,16.1,Eugene,1767.8,1751.6,-16.1,0.462,0.538
2025-07-15,Poule,(W) Alex A 5-2 Marg,Alex A,1943.6,1944.9,1.3,Marg,1688.3,1687.2,-1.1,0.813,0.037
2025-07-15,Poule,(W) Eugene 5-4 Patrick L,Eugene,1751.6,1756.6,4.9,Patrick L,1761.3,1754.8,-6.6,0.486,0.164
2025-07-15,Poule,(W) Tom 5-1 Will P,Tom,1757.4,1776.8,19.4,Will P,1927.0,1907.6,-19.4,0.274,0.646
2025-07-15,Poule,(W) Eugene 5-4 Greg,Eugene,1756.6,1774.4,17.9,Greg,2250.9,2233.1,-17.9,0.055,0.595
2025-07-15,Poule,(W) Colin R 5-3 Will P,Colin R,1804.6,1816.4,11.8,Will P,1907.6,1895.8,-11.8,0.356,0.394
2025-07-15,Poule,(W) Alex A 5-3 Eugene,Alex A,1944.9,1945.7,0.8,Eugene,1774.4,1773.7,-0.7,0.727,0.023
2025-07-15,Poule,(W) Eugene 5-3 Marg,Eugene,1773.7,1777.6,3.8,Marg,1687.2,1683.4,-3.8,0.622,0.128
2025-07-15,Poule,(W) Patrick L 5-4 Tom,Patrick L,1754.8,1762.0,7.3,Tom,1776.8,1771.3,-5.4,0.468,0.182
2025-07-15,Poule,(W) John H 5-2 Giles,John H,1898.2,1903.7,5.5,Giles,1756.9,1751.4,-5.5,0.693,0.157
2025-07-15,Poule,(W) Greg 5-3 Colin R,Greg,2233.1,2228.1,-5.0,Colin R,1816.4,1821.4,5.0,0.917,0.167
2025-07-15,Poule,(W) Steph 5-2 Marg,Steph,1790.2,1796.2,6.0,Marg,1683.4,1677.3,-6.0,0.649,0.201
2025-07-15,Poule,(W) Greg 5-2 Marg,Greg,2228.1,2224.8,-3.3,Marg,1677.3,1680.6,3.3,0.96,0.11
2025-07-15,Poule,(W) Greg 5-0 Tom,Greg,2224.8,2226.8,2.1,Tom,1771.3,1769.3,-2.1,0.932,0.068
2025-07-15,Poule,(W) Will P 5-4 Eugene,Will P,1895.8,1895.4,-0.4,Eugene,1777.6,1778.0,0.4,0.664,0.014
2025-07-15,Poule,(W) Alex A 5-4 Will P,Alex A,1945.7,1948.4,2.7,Will P,1895.4,1893.0,-2.3,0.572,0.078
2025-07-15,Poule,(W) Tom 5-3 Giles,Tom,1769.3,1776.0,6.7,Giles,1751.4,1743.5,-7.9,0.526,0.224
2025-07-15,Poule,(W) Tom 5-2 Marg,Tom,1776.0,1782.5,6.5,Marg,1680.6,1674.1,-6.5,0.634,0.216
2025-07-15,Poule,(W) Greg 5-1 Giles,Greg,2226.8,2226.2,-0.7,Giles,1743.5,1744.3,0.8,0.942,0.022
2025-07-15,Poule,(W) Will P 5-3 Patrick L,Will P,1893.0,1895.1,2.1,Patrick L,1762.0,1759.2,-2.8,0.68,0.07
2025-07-15,Poule,(W) Colin R 5-3 Giles,Colin R,1821.4,1825.6,4.2,Giles,1744.3,1739.4,-4.9,0.609,0.141
2025-07-15,Poule,(W) Greg 5-3 John H,Greg,2226.2,2222.7,-3.4,John H,1903.7,1907.7,4.0,0.865,0.115
2025-07-15,Poule,(W) Giles 5-4 Steph,Giles,1739.4,1747.5,8.1,Steph,1796.2,1789.3,-6.9,0.419,0.231
2025-07-15,Poule,(W) Greg 5-2 Patrick L,Greg,2222.7,2220.2,-2.6,Patrick L,1759.2,1762.6,3.4,0.935,0.085
2025-07-15,Poule,(W) Tom 5-1 John H,Tom,1782.5,1800.3,17.8,John H,1907.7,1887.0,-20.7,0.327,0.593
2025-07-15,Poule,(W) Alex A 5-2 Tom,Alex A,1948.4,1953.6,5.2,Tom,1800.3,1795.8,-4.5,0.701,0.149
2025-07-15,L1-8,(W) Alex A - John H,Alex A,1953.6,1974.6,21.0,John H,1887.0,1865.9,-21.0,0.595,0.405
2025-07-15,L1-8,(W) Will P - Eugene,Will P,1895.1,1910.2,15.0,Eugene,1778.0,1763.0,-15.0,0.662,0.338
2025-07-15,L1-8,(W) Tom - Colin R,Tom,1795.8,1819.9,24.2,Colin R,1825.6,1801.5,-24.2,0.457,0.543
2025-07-15,L1-8,(W) Greg - Giles,Greg,2220.2,2222.9,2.7,Giles,1747.5,1744.3,-3.2,0.938,0.062
2025-07-15,L1-4,(W) Alex A - Will P,Alex A,1974.6,2006.4,31.8,Will P,1910.2,1882.9,-27.2,0.592,0.408
2025-07-15,L1-4,(W) Greg - Tom,Greg,2222.9,2228.9,6.0,Tom,1819.9,1814.0,-6.0,0.91,0.09
2025-07-15,L5-8,(W) John H - Eugene,John H,1865.9,1884.4,18.5,Eugene,1763.0,1747.1,-15.8,0.644,0.356
2025-07-15,L5-8,(W) Giles - Colin R,Giles,1744.3,1774.5,30.2,Colin R,1801.5,1775.6,-25.9,0.418,0.582
2025-07-15,L1-2,(W) Alex A - Greg,Alex A,2006.4,2087.7,81.3,Greg,2228.9,2159.3,-69.6,0.217,0.783
2025-07-15,L3-4,(W) Tom - Will P,Tom,1814.0,1840.6,26.6,Will P,1882.9,1856.3,-26.6,0.402,0.598
2025-07-15,L5-6,(W) John H - Giles,John H,1884.4,1893.4,9.0,Giles,1774.5,1765.4,-9.0,0.653,0.347
2025-07-15,L7-8,(W) Eugene - Colin R,Eugene,1747.1,1759.2,12.0,Colin R,1775.6,1763.6,-12.0,0.459,0.541
2025-09-01,Poule,(W) Eric L 5-4 Vincent,Eric L,1877.6,1887.2,9.6,Vincent,1999.6,1990.0,-9.6,0.331,0.319
2025-09-01,Poule,(W) Greg 5-4 Vivian,Greg,2174.3,2169.6,-4.7,Vivian,1927.0,1931.6,4.7,0.806,0.156
2025-09-01,Poule,(W) Enrik 5-4 Marg,Enrik,1794.6,1794.1,-0.6,Marg,1674.1,1674.7,0.5,0.667,0.017
2025-09-01,Poule,(W) Karsten 5-0 Marg,Karsten,1800,1813.1,13.1,Marg,1674.7,1664.8,-9.8,0.673,0.327
2025-09-01,Poule,(W) Greg 5-0 Marg,Greg,2169.6,2171.1,1.6,Marg,1664.8,1663.3,-1.6,0.948,0.052
2025-09-01,Poule,(W) Eric L 5-2 Greg,Eric L,1887.2,1907.8,20.6,Greg,2171.1,2150.5,-20.6,0.163,0.687
2025-09-01,Poule,(W) Vivian 5-3 Will P,Vivian,1931.6,1936.2,4.5,Will P,1861.3,1856.8,-4.5,0.6,0.15
2025-09-01,Poule,(W) Vadym 5-3 Marg,Vadym,1886.8,1885.8,-1.0,Marg,1663.3,1664.3,1.0,0.784,0.034
2025-09-01,Poule,(W) Will P 5-4 Andy R,Will P,1856.8,1851.8,-5.0,Andy R,1598.4,1604.2,5.8,0.816,0.166
2025-09-01,Poule,(W) Greg 5-1 Andy R,Greg,2150.5,2149.4,-1.2,Andy R,1604.2,1605.5,1.4,0.959,0.039
2025-09-01,Poule,(W) Eric L 5-1 Lukas N,Eric L,1907.8,1915.3,7.5,Lukas N,1785.9,1778.4,-7.5,0.668,0.252
2025-09-01,Poule,(W) Will P 5-4 Alejo,Will P,1851.8,1859.0,7.2,Alejo,1914.8,1907.6,-7.2,0.41,0.24
2025-09-01,Poule,(W) Greg 5-4 Alejo,Greg,2149.4,2144.8,-4.5,Alejo,1907.6,1912.1,4.5,0.801,0.151
2025-09-01,Poule,(W) Enrik 5-4 Karsten,Enrik,1794.1,1800.3,6.2,Karsten,1813.1,1806.0,-7.1,0.473,0.177
2025-09-01,Poule,(W) Vadym 5-4 Lukas N,Vadym,1885.8,1885.8,0.0,Lukas N,1778.4,1778.4,-0.0,0.65,0.0
2025-09-01,Poule,(W) Greg 5-2 Karsten,Greg,2144.8,2144.1,-0.8,Karsten,1806.0,1807.0,1.0,0.876,0.026
2025-09-01,Poule,(W) Greg 5-2 Enrik,Greg,2144.1,2143.2,-0.9,Enrik,1800.3,1801.3,1.0,0.879,0.029
2025-09-01,Poule,(W) Eric L 5-4 Will P,Eric L,1915.3,1917.4,2.1,Will P,1859.0,1856.9,-2.1,0.58,0.07
2025-09-01,Poule,(W) Karsten 5-2 Lukas N,Karsten,1807.0,1819.4,12.4,Lukas N,1778.4,1769.1,-9.3,0.541,0.309
2025-09-01,Poule,(W) Alejo 5-3 Enrik,Alejo,1912.1,1915.0,2.9,Enrik,1801.3,1797.9,-3.3,0.654,0.096
2025-09-01,Poule,(W) Enrik 5-2 Vivian,Enrik,1797.9,1816.8,18.9,Vivian,1936.2,1920.0,-16.2,0.311,0.539
2025-09-01,Poule,(W) Greg 5-2 Vadym,Greg,2143.2,2144.3,1.1,Vadym,1885.8,1884.7,-1.1,0.815,0.035
2025-09-01,Poule,(W) Will P 5-4 Vincent,Will P,1856.9,1866.9,10.0,Vincent,1990.0,1980.0,-10.0,0.317,0.333
2025-09-01,Poule,(W) Vincent 5-2 Marg,Vincent,1980.0,1979.7,-0.3,Marg,1664.3,1664.6,0.3,0.86,0.01
2025-09-01,Poule,(W) Greg 5-3 Lukas N,Greg,2144.3,2139.9,-4.4,Lukas N,1769.1,1773.5,4.4,0.897,0.147
2025-09-01,Poule,(W) Vivian 5-4 Karsten,Vivian,1920.0,1920.3,0.3,Karsten,1819.4,1819.0,-0.4,0.641,0.009
2025-09-01,Poule,(W) Eric L 5-1 Alejo,Eric L,1917.4,1929.9,12.5,Alejo,1915.0,1902.5,-12.5,0.503,0.417
2025-09-01,Poule,(W) Vincent 5-4 Alejo,Vincent,1979.7,1981.0,1.2,Alejo,1902.5,1901.3,-1.2,0.609,0.041
2025-09-01,Poule,(W) Karsten 5-4 Vadym,Karsten,1819.0,1828.7,9.7,Vadym,1884.7,1877.4,-7.3,0.407,0.243
2025-09-01,Poule,(W) Alejo 5-4 Lukas N,Alejo,1901.3,1900.5,-0.8,Lukas N,1773.5,1774.3,0.8,0.676,0.026
2025-09-01,Poule,(W) Vincent 5-4 Lukas N,Vincent,1981.0,1977.5,-3.5,Lukas N,1774.3,1777.8,3.5,0.767,0.117
2025-09-01,Poule,(W) Alejo 5-1 Vivian,Alejo,1900.5,1913.9,13.5,Vivian,1920.3,1906.8,-13.5,0.472,0.448
2025-09-01,Poule,(W) Greg 5-1 Will P,Greg,2139.9,2142.2,2.3,Will P,1866.9,1864.1,-2.8,0.828,0.092
2025-09-01,Poule,(W) Lukas N 5-1 Enrik,Lukas N,1777.8,1792.1,14.3,Enrik,1816.8,1800.1,-16.7,0.444,0.476
2025-09-01,Poule,(W) Vincent 5-3 Enrik,Vincent,1977.5,1977.9,0.4,Enrik,1800.1,1799.7,-0.4,0.735,0.015
2025-09-01,Poule,(W) Alejo 5-4 Andy R,Alejo,1913.9,1907.8,-6.2,Andy R,1605.5,1612.7,7.2,0.855,0.205
2025-09-01,Poule,(W) Vincent 5-4 Vivian,Vincent,1977.9,1979.4,1.5,Vivian,1906.8,1905.3,-1.5,0.601,0.049
2025-09-01,Poule,(W) Eric L 5-2 Marg,Eric L,1929.9,1930.8,0.9,Marg,1664.6,1663.7,-0.9,0.822,0.028
2025-09-01,Poule,(W) Vincent 5-4 Karsten,Vincent,1979.4,1977.7,-1.6,Karsten,1828.7,1830.9,2.2,0.704,0.054
2025-09-01,Poule,(W) Will P 5-2 Enrik,Will P,1864.1,1871.9,7.7,Enrik,1799.7,1791.9,-7.7,0.592,0.258
2025-09-01,Poule,(W) Eric L 5-2 Enrik,Eric L,1930.8,1935.6,4.8,Enrik,1791.9,1787.1,-4.8,0.69,0.16
2025-09-01,Poule,(W) Karsten 5-3 Will P,Karsten,1830.9,1843.3,12.3,Will P,1871.9,1862.6,-9.3,0.441,0.309
2025-09-01,Poule,(W) Eric L 5-3 Vadym,Eric L,1935.6,1940.6,5.0,Vadym,1877.4,1872.4,-5.0,0.583,0.167
2025-09-01,Poule,(W) Eric L 5-2 Karsten,Eric L,1940.6,1947.0,6.4,Karsten,1843.3,1834.7,-8.5,0.637,0.213
2025-09-01,Poule,(W) Alejo 5-4 Karsten,Alejo,1907.8,1909.2,1.4,Karsten,1834.7,1832.9,-1.9,0.604,0.046
2025-09-01,Poule,(W) Vivian 5-4 Lukas N,Vivian,1905.3,1905.1,-0.2,Lukas N,1792.1,1792.3,0.2,0.657,0.007
2025-09-01,Poule,(W) Vadym 5-3 Will P,Vadym,1872.4,1879.5,7.1,Will P,1862.6,1855.6,-7.1,0.514,0.236
2025-09-01,Poule,(W) Eric L 5-4 Vivian,Eric L,1947.0,1949.7,2.7,Vivian,1905.1,1902.4,-2.7,0.56,0.09
2025-09-01,L1-16,(W) Vivian - Enrik,Vivian,1902.4,1914.3,11.8,Enrik,1787.1,1775.3,-11.8,0.66,0.34
2025-09-01,L1-16,(W) Will P - Andy R,Will P,1855.6,1862.5,6.9,Andy R,1612.7,1604.6,-8.1,0.802,0.198
2025-09-01,L1-16,(W) Vadym - Lukas N,Vadym,1879.5,1892.6,13.1,Lukas N,1792.3,1779.1,-13.1,0.623,0.377
2025-09-01,L1-8,(W) Vivian - Eric L,Vivian,1914.3,1939.9,25.6,Eric L,1949.7,1924.1,-25.6,0.449,0.551
2025-09-01,L1-8,(W) Karsten - Alejo,Karsten,1832.9,1870.5,37.7,Alejo,1909.2,1880.9,-28.3,0.392,0.608
2025-09-01,L1-8,(W) Vincent - Will P,Vincent,1977.7,1993.5,15.8,Will P,1862.5,1846.7,-15.8,0.66,0.34
2025-09-01,L1-8,(W) Greg - Vadym,Greg,2142.2,2149.6,7.4,Vadym,1892.6,1883.7,-8.9,0.808,0.192
2025-09-01,L1-4,(W) Vivian - Karsten,Vivian,1939.9,1967.8,28.0,Karsten,1870.5,1833.2,-37.3,0.598,0.402
2025-09-01,L1-4,(W) Greg - Vincent,Greg,2149.6,2166.4,16.8,Vincent,1993.5,1973.4,-20.2,0.711,0.289
2025-09-01,L5-8,(W) Alejo - Eric L,Alejo,1880.9,1907.0,26.1,Eric L,1924.1,1898.0,-26.1,0.438,0.562
2025-09-01,L5-8,(W) Vadym - Will P,Vadym,1883.7,1904.5,20.8,Will P,1846.7,1825.9,-20.8,0.553,0.447
2025-09-01,L9-12,(W) Lukas N - Andy R,Lukas N,1779.1,1788.5,9.3,Andy R,1604.6,1593.7,-10.9,0.732,0.268
2025-09-01,L1-2,(W) Greg - Vivian,Greg,2166.4,2185.2,18.7,Vivian,1967.8,1945.4,-22.5,0.758,0.242
2025-09-01,L3-4,(W) Karsten - Vincent,Karsten,1833.2,1876.1,42.8,Vincent,1973.4,1941.2,-32.1,0.309,0.691
2025-09-01,L5-6,(W) Alejo - Vadym,Alejo,1907.0,1918.6,11.5,Vadym,1904.5,1892.9,-11.5,0.504,0.496
2025-09-01,L7-8,(W) Eric L - Will P,Eric L,1898.0,1907.2,9.2,Will P,1825.9,1816.6,-9.2,0.602,0.398
2025-09-01,L9-10,(W) Enrik - Lukas N,Enrik,1775.3,1787.3,12.1,Lukas N,1788.5,1776.4,-12.1,0.481,0.519
2025-09-09,Poule,(W) Vincent 5-4 Etienne,Vincent,1946.2,1944.1,-2.2,Etienne,1779.7,1782.3,2.5,0.723,0.073
2025-09-09,Poule,(W) Eric L 5-2 Vincent,Eric L,1907.2,1919.3,12.1,Vincent,1944.1,1932.0,-12.1,0.447,0.403
2025-09-09,Poule,(W) Shevy 5-4 Greg,Shevy,1921.4,1938.5,17.2,Greg,2210.2,2197.9,-12.3,0.159,0.491
2025-09-09,Poule,(W) Sameer 5-1 Perth,Sameer,1800,1810.9,10.9,Perth,1695.1,1684.1,-10.9,0.647,0.273
2025-09-09,Poule,(W) Sameer 5-4 Etienne,Sameer,1810.9,1815.3,4.4,Etienne,1782.3,1778.5,-3.8,0.541,0.109
2025-09-09,Poule,(W) Alejo 5-4 Colin R,Alejo,1918.6,1916.8,-1.8,Colin R,1763.6,1765.3,1.8,0.709,0.059
2025-09-09,Poule,(W) Eric L 5-4 Richard B,Eric L,1919.3,1916.5,-2.8,Richard B,1733.9,1736.7,2.8,0.744,0.094
2025-09-09,Poule,(W) Shevy 5-4 Steph,Shevy,1938.5,1936.7,-1.8,Steph,1789.3,1790.8,1.6,0.703,0.053
2025-09-09,Poule,(W) Lukas N 5-4 Colin R,Lukas N,1776.4,1780.4,4.0,Colin R,1765.3,1761.3,-4.0,0.516,0.134
2025-09-09,Poule,(W) Vincent 5-3 Colin R,Vincent,1932.0,1932.6,0.7,Colin R,1761.3,1760.7,-0.7,0.728,0.022
2025-09-09,Poule,(W) Sameer 5-3 Greg,Sameer,1815.3,1841.3,26.0,Greg,2197.9,2181.6,-16.3,0.1,0.65
2025-09-09,Poule,(W) Vincent 5-2 Steph,Vincent,1932.6,1937.3,4.7,Steph,1790.8,1786.1,-4.7,0.693,0.157
2025-09-09,Poule,(W) Alejo 5-3 Marg,Alejo,1916.8,1915.0,-1.8,Marg,1663.7,1665.6,1.8,0.811,0.061
2025-09-09,Poule,(W) Shevy 5-2 Perth,Shevy,1936.7,1938.1,1.4,Perth,1684.1,1682.6,-1.6,0.811,0.039
2025-09-09,Poule,(W) Vivian 5-1 Colin R,Vivian,1960.4,1965.2,4.8,Colin R,1760.7,1755.8,-4.8,0.759,0.161
2025-09-09,Poule,(W) Shevy 5-2 Vivian,Shevy,1938.1,1951.7,13.6,Vivian,1965.2,1953.5,-11.7,0.461,0.389
2025-09-09,Poule,(W) Richard B 5-4 Etienne,Richard B,1736.7,1743.0,6.3,Etienne,1778.5,1771.1,-7.3,0.44,0.21
2025-09-09,Poule,(W) Eric L 5-3 Etienne,Eric L,1916.5,1918.0,1.6,Etienne,1771.1,1769.3,-1.8,0.698,0.052
2025-09-09,Poule,(W) Greg 5-1 Perth,Greg,2181.6,2181.0,-0.7,Perth,1682.6,1683.6,1.1,0.946,0.026
2025-09-09,Poule,(W) Sameer 5-4 Garen,Sameer,1841.3,1844.9,3.6,Garen,1800,1796.4,-3.6,0.559,0.091
2025-09-09,Poule,(W) Eric L 5-2 Lukas N,Eric L,1918.0,1922.9,4.9,Lukas N,1780.4,1775.6,-4.9,0.688,0.162
2025-09-09,Poule,(W) Colin R 5-2 Perth,Colin R,1755.8,1763.3,7.4,Perth,1683.6,1673.7,-9.9,0.602,0.248
2025-09-09,Poule,(W) Sameer 5-1 Richard B,Sameer,1844.9,1856.0,11.1,Richard B,1743.0,1734.7,-8.3,0.643,0.277
2025-09-09,Poule,(W) Marg 5-2 Steph,Marg,1665.6,1681.1,15.5,Steph,1786.1,1770.6,-15.5,0.333,0.517
2025-09-09,Poule,(W) Vincent 5-1 Richard B,Vincent,1937.3,1942.1,4.7,Richard B,1734.7,1729.9,-4.7,0.763,0.157
2025-09-09,Poule,(W) Colin R 5-3 Marg,Colin R,1763.3,1767.3,4.0,Marg,1681.1,1677.1,-4.0,0.616,0.134
2025-09-09,Poule,(W) Alejo 5-1 Perth,Alejo,1915.0,1918.5,3.6,Perth,1673.7,1668.9,-4.8,0.8,0.12
2025-09-09,Poule,(W) Garen 5-3 Vincent,Garen,1796.4,1814.3,17.9,Vincent,1942.1,1928.6,-13.4,0.302,0.448
2025-09-09,Poule,(W) Steph 5-3 Richard B,Steph,1770.6,1776.4,5.8,Richard B,1729.9,1724.2,-5.8,0.558,0.192
2025-09-09,Poule,(W) Vincent 5-3 Lukas N,Vincent,1928.6,1929.9,1.3,Lukas N,1775.6,1774.3,-1.3,0.707,0.043
2025-09-09,Poule,(W) Richard B 5-2 Colin R,Richard B,1724.2,1736.5,12.4,Colin R,1767.3,1754.9,-12.4,0.438,0.412
2025-09-09,Poule,(W) Etienne 5-4 Marg,Etienne,1769.3,1770.0,0.7,Marg,1677.1,1676.5,-0.6,0.63,0.02
2025-09-09,Poule,(W) Garen 5-0 Perth,Garen,1814.3,1826.4,12.1,Perth,1668.9,1656.8,-12.1,0.698,0.302
2025-09-09,Poule,(W) Garen 5-4 Alejo,Garen,1826.4,1837.6,11.2,Alejo,1918.5,1910.2,-8.4,0.37,0.28
2025-09-09,Poule,(W) Garen 5-3 Colin R,Garen,1837.6,1842.9,5.3,Colin R,1754.9,1750.9,-4.0,0.617,0.133
2025-09-09,Poule,(W) Richard B 5-2 Marg,Richard B,1736.5,1744.5,7.9,Marg,1676.5,1668.5,-7.9,0.586,0.264
2025-09-09,Poule,(W) Colin R 5-4 Shevy,Colin R,1750.9,1763.2,12.3,Shevy,1951.7,1937.3,-14.4,0.239,0.411
2025-09-09,Poule,(W) Garen 5-3 Shevy,Garen,1842.9,1858.2,15.3,Shevy,1937.3,1923.9,-13.4,0.367,0.383
2025-09-09,Poule,(W) Eric L 5-4 Colin R,Eric L,1922.9,1920.9,-1.9,Colin R,1763.2,1765.2,1.9,0.715,0.065
2025-09-09,Poule,(W) Vincent 5-4 Greg,Vincent,1929.9,1943.7,13.8,Greg,2181.0,2169.5,-11.5,0.191,0.459
2025-09-09,Poule,(W) Greg 5-2 Marg,Greg,2169.5,2167.1,-2.4,Marg,1668.5,1671.4,2.9,0.947,0.097
2025-09-09,Poule,(W) Greg 5-4 Vivian,Greg,2167.1,2164.0,-3.1,Vivian,1953.5,1957.2,3.7,0.774,0.124
2025-09-09,Poule,(W) Vivian 5-2 Perth,Vivian,1957.2,1957.3,0.0,Perth,1656.8,1656.8,-0.0,0.849,0.001
2025-09-09,Poule,(W) Alejo 5-3 Greg,Alejo,1910.2,1927.0,16.9,Greg,2164.0,2149.9,-14.0,0.188,0.562
2025-09-09,Poule,(W) Greg 5-1 Lukas N,Greg,2149.9,2150.5,0.6,Lukas N,1774.3,1773.6,-0.7,0.897,0.023
2025-09-09,Poule,(W) Sameer 5-1 Steph,Sameer,1856.0,1868.3,12.3,Steph,1776.4,1767.2,-9.2,0.613,0.307
2025-09-09,Poule,(W) Sameer 5-2 Marg,Sameer,1868.3,1872.1,3.7,Marg,1671.4,1668.6,-2.8,0.756,0.094
2025-09-09,Poule,(W) Greg 5-4 Steph,Greg,2150.5,2144.2,-6.3,Steph,1767.2,1774.7,7.5,0.901,0.251
2025-09-09,Poule,(W) Eric L 5-1 Steph,Eric L,1920.9,1927.6,6.6,Steph,1774.7,1768.1,-6.6,0.699,0.221
2025-09-09,Poule,(W) Alejo 5-2 Lukas N,Alejo,1927.0,1931.3,4.3,Lukas N,1773.6,1769.3,-4.3,0.707,0.143
2025-09-09,Poule,(W) Lukas N 5-3 Etienne,Lukas N,1769.3,1776.9,7.5,Etienne,1770.0,1761.2,-8.8,0.499,0.251
2025-09-09,Poule,(W) Alejo 5-3 Shevy,Alejo,1931.3,1937.3,6.0,Shevy,1923.9,1915.6,-8.4,0.511,0.239
2025-09-09,Poule,(W) Lukas N 5-3 Richard B,Lukas N,1776.9,1783.0,6.1,Richard B,1744.5,1738.4,-6.1,0.546,0.204
2025-09-09,Poule,(W) Vincent 5-1 Perth,Vincent,1943.7,1946.1,2.4,Perth,1656.8,1653.6,-3.2,0.839,0.081
2025-09-09,Poule,(W) Perth 5-4 Lukas N,Perth,1653.6,1666.7,13.1,Lukas N,1783.0,1773.1,-9.8,0.322,0.328
2025-09-09,Poule,(W) Greg 5-3 Richard B,Greg,2144.2,2140.2,-4.0,Richard B,1738.4,1743.2,4.9,0.912,0.162
2025-09-09,Poule,(W) Eric L 5-4 Vivian,Eric L,1927.6,1933.4,5.8,Vivian,1957.3,1951.5,-5.8,0.457,0.193
2025-09-09,Poule,(W) Sameer 5-1 Lukas N,Sameer,1872.1,1883.3,11.3,Lukas N,1773.1,1764.7,-8.4,0.639,0.281
2025-09-09,Poule,(W) Shevy 5-1 Marg,Shevy,1915.6,1919.6,4.0,Marg,1668.6,1665.2,-3.4,0.806,0.114
2025-09-09,Poule,(W) Eric L 5-2 Shevy,Eric L,1933.4,1943.3,9.9,Shevy,1919.6,1909.7,-9.9,0.52,0.33
2025-09-09,Poule,(W) Sameer 5-2 Eric L,Sameer,1883.3,1900.7,17.4,Eric L,1943.3,1930.2,-13.1,0.415,0.435
2025-09-09,Poule,(W) Eric L 5-1 Perth,Eric L,1930.2,1933.2,3.0,Perth,1666.7,1662.7,-4.0,0.82,0.1
2025-09-09,Poule,(W) Steph 5-3 Colin R,Steph,1768.1,1775.4,7.4,Colin R,1765.2,1757.8,-7.4,0.504,0.246
2025-09-09,Poule,(W) Vincent 5-2 Marg,Vincent,1946.1,1946.6,0.5,Marg,1665.2,1664.7,-0.5,0.834,0.016
2025-09-09,L1-16,(W) Colin R - Richard B,Colin R,1757.8,1776.5,18.7,Richard B,1743.2,1724.6,-18.7,0.521,0.479
2025-09-09,L1-16,(W) Greg - Etienne,Greg,2140.2,2143.5,3.3,Etienne,1761.2,1756.6,-4.6,0.899,0.101
2025-09-09,L1-16,(W) Alejo - Perth,Alejo,1937.3,1942.8,5.5,Perth,1662.7,1654.9,-7.8,0.829,0.171
2025-09-09,L1-16,(W) Vivian - Shevy,Vivian,1951.5,1968.6,17.2,Shevy,1909.7,1892.5,-17.2,0.56,0.44
2025-09-09,L1-16,(W) Garen - Lukas N,Garen,1858.2,1877.4,19.2,Lukas N,1764.7,1750.3,-14.4,0.631,0.369
2025-09-09,L1-8,(W) Sameer - Colin R,Sameer,1900.7,1923.5,22.8,Colin R,1776.5,1759.4,-17.1,0.672,0.328
2025-09-09,L1-8,(W) Alejo - Greg,Alejo,1942.8,1975.7,32.9,Greg,2143.5,2110.6,-32.9,0.24,0.76
2025-09-09,L1-8,(W) Vivian - Vincent,Vivian,1968.6,1993.0,24.3,Vincent,1946.6,1922.2,-24.3,0.532,0.468
2025-09-09,L1-8,(W) Eric L - Garen,Eric L,1933.2,1955.0,21.8,Garen,1877.4,1848.2,-29.1,0.58,0.42
2025-09-09,L9-16,(W) Etienne - Perth,Etienne,1756.6,1772.9,16.3,Perth,1654.9,1638.7,-16.3,0.642,0.358
2025-09-09,L1-4,(W) Sameer - Alejo,Sameer,1923.5,1983.2,59.7,Alejo,1975.7,1938.4,-37.3,0.425,0.575
2025-09-09,L1-4,(W) Vivian - Eric L,Vivian,1993.0,2027.7,34.7,Eric L,1955.0,1920.3,-34.7,0.554,0.446
2025-09-09,L5-8,(W) Greg - Colin R,Greg,2110.6,2115.6,5.1,Colin R,1759.4,1753.3,-6.1,0.883,0.117
2025-09-09,L5-8,(W) Garen - Vincent,Garen,1848.2,1890.1,41.9,Vincent,1922.2,1890.8,-31.4,0.395,0.605
2025-09-09,L9-12,(W) Richard B - Etienne,Richard B,1724.6,1746.7,22.2,Etienne,1772.9,1747.0,-25.9,0.431,0.569
2025-09-09,L9-12,(W) Lukas N - Shevy,Lukas N,1750.3,1777.4,27.0,Shevy,1892.5,1865.5,-27.0,0.306,0.694
2025-09-09,L1-2,(W) Sameer - Vivian,Sameer,1983.2,2061.3,78.1,Vivian,2027.7,1969.1,-58.6,0.436,0.564
2025-09-09,L3-4,(W) Eric L - Alejo,Eric L,1920.3,1947.6,27.3,Alejo,1938.4,1915.6,-22.8,0.474,0.526
2025-09-09,L5-6,(W) Garen - Greg,Garen,1890.1,1917.4,27.2,Greg,2115.6,2098.6,-17.0,0.215,0.785
2025-09-09,L7-8,(W) Colin R - Vincent,Colin R,1753.3,1771.2,17.9,Vincent,1890.8,1872.9,-17.9,0.312,0.688
2025-09-09,L9-10,(W) Lukas N - Richard B,Lukas N,1777.4,1789.2,11.8,Richard B,1746.7,1734.9,-11.8,0.544,0.456
2025-09-09,L11-12,(W) Etienne - Shevy,Etienne,1747.0,1767.1,20.1,Shevy,1865.5,1848.2,-17.3,0.336,0.664
2025-09-16,Poule,(W) Eric L 5-1 Marinko,Eric L,1955.6,1958.7,3.1,Marinko,1695.8,1691.7,-4.1,0.817,0.103
2025-09-16,Poule,(W) Eugene 5-3 Marg,Eugene,1759.2,1762.7,3.5,Marg,1664.7,1661.2,-3.5,0.633,0.117
2025-09-16,Poule,(W) Eugene 5-4 Vivian,Eugene,1762.7,1775.6,12.9,Vivian,1984.1,1971.2,-12.9,0.218,0.432
2025-09-16,Poule,(W) Sammy 5-3 Vivian,Sammy,1926.8,1937.8,11.0,Vivian,1971.2,1961.8,-9.4,0.436,0.314
2025-09-16,Poule,(W) Colin R 5-2 Alex A,Colin R,1771.2,1793.0,21.8,Alex A,2112.7,2087.2,-25.4,0.123,0.727
2025-09-16,Poule,(W) Lukas N 5-1 Eugene,Lukas N,1789.2,1801.2,12.0,Eugene,1775.6,1763.6,-12.0,0.52,0.4
2025-09-16,Poule,(W) Colin R 5-4 Vivian,Colin R,1793.0,1804.3,11.3,Vivian,1961.8,1950.5,-11.3,0.275,0.375
2025-09-16,Poule,(W) Alejo 5-4 Vivian,Alejo,1920.6,1925.5,4.8,Vivian,1950.5,1944.7,-5.8,0.457,0.193
2025-09-16,Poule,(W) Vincent 5-3 Marg,Vincent,1872.9,1872.3,-0.7,Marg,1661.2,1661.9,0.7,0.772,0.022
2025-09-16,Poule,(W) Marg 5-0 Nat,Marg,1661.9,1673.0,11.1,Nat,1570.2,1557.3,-13.0,0.629,0.371
2025-09-16,Poule,(W) Alejo 5-0 Marinko,Alejo,1925.5,1930.6,5.2,Marinko,1691.7,1683.4,-8.3,0.793,0.207
2025-09-16,Poule,(W) Eugene 5-4 Colin R,Eugene,1763.6,1769.9,6.2,Colin R,1804.3,1798.0,-6.2,0.442,0.208
2025-09-16,Poule,(W) Lukas N 5-3 Marg,Lukas N,1801.2,1803.4,2.2,Marg,1673.0,1670.8,-2.2,0.677,0.073
2025-09-16,Poule,(W) Sammy 5-4 Alejo,Sammy,1937.8,1942.7,4.9,Alejo,1930.6,1927.1,-3.5,0.51,0.14
2025-09-16,Poule,(W) Sammy 5-1 Marg,Sammy,1942.7,1945.9,3.3,Marg,1670.8,1668.0,-2.8,0.827,0.093
2025-09-16,Poule,(W) Vivian 5-3 Vincent,Vivian,1944.7,1949.1,4.4,Vincent,1872.3,1867.9,-4.4,0.603,0.147
2025-09-16,Poule,(W) Vivian 5-3 Jonathan,Vivian,1949.1,1949.4,0.2,Jonathan,1765.0,1764.7,-0.3,0.743,0.007
2025-09-16,Poule,(W) Charlie 5-3 Lukas N,Charlie,1957.5,1958.8,1.3,Lukas N,1803.4,1802.2,-1.3,0.708,0.042
2025-09-16,Poule,(W) Vivian 5-2 Lukas N,Vivian,1949.4,1953.9,4.5,Lukas N,1802.2,1797.7,-4.5,0.7,0.15
2025-09-16,Poule,(W) Alex A 5-1 Richard B,Alex A,2087.2,2088.5,1.3,Richard B,1734.9,1733.8,-1.1,0.884,0.036
2025-09-16,Poule,(W) Charlie 5-3 Vincent,Charlie,1958.8,1962.5,3.7,Vincent,1867.9,1864.2,-3.7,0.628,0.122
2025-09-16,Poule,(W) Alejo 5-2 Colin R,Alejo,1927.1,1931.4,4.3,Colin R,1798.0,1792.9,-5.2,0.678,0.172
2025-09-16,Poule,(W) Greg 5-2 Vivian,Greg,2098.6,2102.4,3.8,Vivian,1953.9,1949.3,-4.6,0.697,0.153
2025-09-16,Poule,(W) Lukas N 5-4 Colin R,Lukas N,1797.7,1802.0,4.3,Colin R,1792.9,1788.6,-4.3,0.507,0.143
2025-09-16,Poule,(W) Richard B 5-2 Nat,Richard B,1733.8,1737.3,3.5,Nat,1557.3,1553.2,-4.1,0.734,0.116
2025-09-16,Poule,(W) Vincent 5-1 Marinko,Vincent,1864.2,1869.6,5.4,Marinko,1683.4,1676.2,-7.2,0.739,0.181
2025-09-16,Poule,(W) Lukas N 5-3 Marinko,Lukas N,1802.0,1804.3,2.3,Marinko,1676.2,1673.1,-3.1,0.673,0.077
2025-09-16,Poule,(W) Greg 5-4 Alejo,Greg,2102.4,2100.5,-1.9,Alejo,1931.4,1933.4,1.9,0.728,0.078
2025-09-16,Poule,(W) Eugene 5-3 Richard B,Eugene,1769.9,1776.0,6.1,Richard B,1737.3,1731.2,-6.1,0.547,0.203
2025-09-16,Poule,(W) Lukas N 5-3 Nat,Lukas N,1804.3,1802.5,-1.8,Nat,1553.2,1555.3,2.1,0.809,0.059
2025-09-16,Poule,(W) Greg 5-3 Charlie,Greg,2100.5,2102.0,1.5,Charlie,1962.5,1960.6,-1.8,0.689,0.061
2025-09-16,Poule,(W) Vincent 5-1 Jonathan,Vincent,1869.6,1877.8,8.2,Jonathan,1764.7,1753.8,-10.9,0.647,0.273
2025-09-16,Poule,(W) Marinko 5-4 Marg,Marinko,1673.1,1678.8,5.7,Marg,1668.0,1663.7,-4.3,0.507,0.143
2025-09-16,Poule,(W) Greg 5-1 Richard B,Greg,2102.0,2102.7,0.6,Richard B,1731.2,1730.4,-0.8,0.894,0.026
2025-09-16,Poule,(W) Eric L 5-2 Nat,Eric L,1958.7,1956.9,-1.8,Nat,1555.3,1557.4,2.1,0.911,0.061
2025-09-16,Poule,(W) Vincent 5-4 Sammy,Vincent,1877.8,1885.2,7.4,Sammy,1945.9,1937.3,-8.6,0.403,0.247
2025-09-16,Poule,(W) Vincent 5-1 Nat,Vincent,1885.2,1886.8,1.5,Nat,1557.4,1555.6,-1.8,0.868,0.052
2025-09-16,Poule,(W) Eric L 5-3 Sammy,Eric L,1956.9,1963.6,6.7,Sammy,1937.3,1929.5,-7.8,0.528,0.222
2025-09-16,Poule,(W) Eric L 5-2 Lukas N,Eric L,1963.6,1967.6,4.0,Lukas N,1802.5,1798.5,-4.0,0.717,0.133
2025-09-16,Poule,(W) Vincent 5-3 Alex A,Vincent,1886.8,1902.1,15.3,Alex A,2088.5,2070.6,-17.9,0.238,0.512
2025-09-16,Poule,(W) Greg 5-3 Lukas N,Greg,2102.7,2100.1,-2.6,Lukas N,1798.5,1801.5,3.1,0.852,0.102
2025-09-16,Poule,(W) Charlie 5-4 Vivian,Charlie,1960.6,1964.6,4.0,Vivian,1949.3,1945.3,-4.0,0.516,0.134
2025-09-16,Poule,(W) Jonathan 5-3 Eugene,Jonathan,1753.8,1763.6,9.9,Eugene,1776.0,1767.5,-8.5,0.468,0.282
2025-09-16,Poule,(W) Jonathan 5-3 Nat,Jonathan,1763.6,1763.0,-0.6,Nat,1555.6,1556.2,0.6,0.768,0.018
2025-09-16,Poule,(W) Charlie 5-3 Alex A,Charlie,1964.6,1976.6,11.9,Alex A,2070.6,2056.7,-13.9,0.352,0.398
2025-09-16,Poule,(W) Eric L 5-2 Richard B,Eric L,1967.6,1969.2,1.6,Richard B,1730.4,1728.8,-1.6,0.797,0.053
2025-09-16,Poule,(W) Eric L 5-4 Colin R,Eric L,1969.2,1966.5,-2.7,Colin R,1788.6,1791.2,2.7,0.739,0.089
2025-09-16,Poule,(W) Alex A 5-4 Eugene,Alex A,2056.7,2050.0,-6.7,Eugene,1767.5,1773.2,5.7,0.841,0.191
2025-09-16,Poule,(W) Eric L 5-4 Alejo,Eric L,1966.5,1969.6,3.1,Alejo,1933.4,1930.8,-2.6,0.548,0.102
2025-09-16,Poule,(W) Alejo 5-2 Richard B,Alejo,1930.8,1933.0,2.2,Richard B,1728.8,1726.2,-2.6,0.762,0.088
2025-09-16,Poule,(W) Alex A 5-1 Nat,Alex A,2050.0,2049.1,-0.9,Nat,1556.2,1557.1,0.9,0.945,0.025
2025-09-16,Poule,(W) Alex A 5-4 Jonathan,Alex A,2049.1,2042.5,-6.6,Jonathan,1763.0,1769.6,6.6,0.838,0.188
2025-09-16,Poule,(W) Alejo 5-2 Lukas N,Alejo,1933.0,1937.3,4.2,Lukas N,1801.5,1796.5,-5.1,0.681,0.169
2025-09-16,Poule,(W) Charlie 5-3 Sammy,Charlie,1976.6,1982.0,5.5,Sammy,1929.5,1923.1,-6.4,0.567,0.183
2025-09-16,Poule,(W) Greg 5-0 Nat,Greg,2100.1,2101.2,1.1,Nat,1557.1,1555.6,-1.5,0.958,0.042
2025-09-16,Poule,(W) Alejo 5-4 Marg,Alejo,1937.3,1932.8,-4.5,Marg,1663.7,1669.1,5.4,0.828,0.178
2025-09-16,Poule,(W) Vivian 5-4 Richard B,Vivian,1945.3,1941.4,-3.9,Richard B,1726.2,1730.0,3.9,0.779,0.129
2025-09-16,Poule,(W) Alejo 5-4 Jonathan,Alejo,1932.8,1931.1,-1.7,Jonathan,1769.6,1772.0,2.4,0.719,0.069
2025-09-16,Poule,(W) Vincent 5-3 Eugene,Vincent,1902.1,1904.3,2.2,Eugene,1773.2,1771.1,-2.2,0.677,0.073
2025-09-16,Poule,(W) Alejo 5-3 Vincent,Alejo,1931.1,1936.4,5.3,Vincent,1904.3,1898.0,-6.3,0.538,0.212
2025-09-16,Poule,(W) Greg 5-3 Jonathan,Greg,2101.2,2098.2,-3.0,Jonathan,1772.0,1776.2,4.2,0.869,0.119
2025-09-16,Poule,(W) Greg 5-2 Eric L,Greg,2098.2,2102.5,4.3,Eric L,1969.6,1964.4,-5.2,0.677,0.173
2025-09-16,Poule,(W) Lukas N 5-3 Richard B,Lukas N,1796.5,1801.1,4.7,Richard B,1730.0,1725.4,-4.7,0.594,0.156
2025-09-16,Poule,(W) Eric L 5-0 Alex A,Eric L,1964.4,1982.7,18.3,Alex A,2042.5,2021.1,-21.4,0.389,0.611
2025-09-16,Poule,(W) Colin R 5-2 Nat,Colin R,1791.2,1792.9,1.6,Nat,1555.6,1553.7,-1.9,0.795,0.055
2025-09-16,Poule,(W) Alex A 5-1 Marg,Alex A,2021.1,2022.4,1.3,Marg,1669.1,1668.0,-1.1,0.884,0.036
2025-09-16,Poule,(W) Alex A 5-2 Greg,Alex A,2022.4,2038.6,16.2,Greg,2102.5,2090.9,-11.6,0.387,0.463
2025-09-16,Poule,(W) Eric L 5-2 Eugene,Eric L,1982.7,1985.1,2.3,Eugene,1771.1,1768.7,-2.3,0.772,0.078
2025-09-16,Poule,(W) Colin R 5-2 Richard B,Colin R,1792.9,1800.5,7.6,Richard B,1725.4,1717.7,-7.6,0.596,0.254
2025-09-16,Poule,(W) Marinko 5-3 Richard B,Marinko,1678.8,1691.1,12.2,Richard B,1717.7,1708.6,-9.2,0.444,0.306
2025-09-16,Poule,(W) Vivian 5-3 Alex A,Vivian,1941.4,1953.0,11.6,Alex A,2038.6,2025.1,-13.5,0.364,0.386
2025-09-16,Poule,(W) Greg 5-1 Colin R,Greg,2090.9,2092.9,2.0,Colin R,1800.5,1798.2,-2.3,0.842,0.078
2025-09-16,Poule,(W) Charlie 5-2 Colin R,Charlie,1982.0,1985.3,3.2,Colin R,1798.2,1794.9,-3.2,0.742,0.108
2025-09-16,Poule,(W) Eric L 5-4 Charlie,Eric L,1985.1,1989.6,4.5,Charlie,1985.3,1980.8,-4.5,0.5,0.15
2025-09-16,L1-16,(W) Sammy - Vivian,Sammy,1923.1,1948.6,25.5,Vivian,1953.0,1931.1,-21.8,0.457,0.543
2025-09-16,L1-16,(W) Charlie - Jonathan,Charlie,1980.8,1990.2,9.5,Jonathan,1776.2,1765.1,-11.1,0.765,0.235
2025-09-16,L1-16,(W) Vincent - Marinko,Vincent,1898.0,1907.3,9.4,Marinko,1691.1,1678.6,-12.5,0.767,0.233
2025-09-16,L1-16,(W) Alejo - Richard B,Alejo,1936.4,1943.5,7.1,Richard B,1708.6,1700.0,-8.5,0.788,0.212
2025-09-16,L1-16,(W) Alex A - Eugene,Alex A,2025.1,2033.8,8.7,Eugene,1768.7,1761.2,-7.5,0.814,0.186
2025-09-16,L1-16,(W) Colin R - Lukas N,Colin R,1794.9,1815.4,20.5,Lukas N,1801.1,1780.6,-20.5,0.491,0.509
2025-09-16,L1-16,(W) Greg - Nat,Greg,2092.9,2094.3,1.4,Nat,1553.7,1551.7,-2.0,0.957,0.043
2025-09-16,L1-8,(W) Sammy - Eric L,Sammy,1948.6,1983.6,35.0,Eric L,1989.6,1959.6,-30.0,0.441,0.559
2025-09-16,L1-8,(W) Charlie - Vincent,Charlie,1990.2,2010.8,20.5,Vincent,1907.3,1886.8,-20.5,0.617,0.383
2025-09-16,L1-8,(W) Alejo - Alex A,Alejo,1943.5,1971.5,28.0,Alex A,2033.8,1994.6,-39.3,0.373,0.627
2025-09-16,L1-8,(W) Greg - Colin R,Greg,2094.3,2101.8,7.5,Colin R,1815.4,1806.4,-9.0,0.833,0.167
2025-09-16,L9-16,(W) Marinko - Jonathan,Marinko,1678.6,1711.9,33.4,Jonathan,1765.1,1735.9,-29.2,0.378,0.622
2025-09-16,L9-16,(W) Eugene - Richard B,Eugene,1761.2,1777.8,16.6,Richard B,1700.0,1683.4,-16.6,0.587,0.413
2025-09-16,L9-16,(W) Lukas N - Nat,Lukas N,1780.6,1789.1,8.5,Nat,1551.7,1541.8,-9.9,0.789,0.211
2025-09-16,L1-4,(W) Sammy - Charlie,Sammy,1983.6,2034.2,50.6,Charlie,2010.8,1967.4,-43.4,0.461,0.539
2025-09-16,L1-4,(W) Greg - Alejo,Greg,2101.8,2123.3,21.5,Alejo,1971.5,1950.0,-21.5,0.679,0.321
2025-09-16,L5-8,(W) Vincent - Eric L,Vincent,1886.8,1919.2,32.4,Eric L,1959.6,1927.2,-32.4,0.397,0.603
2025-09-16,L5-8,(W) Alex A - Colin R,Alex A,1994.6,2010.4,15.8,Colin R,1806.4,1792.9,-13.6,0.747,0.253
2025-09-16,L9-12,(W) Vivian - Marinko,Vivian,1931.1,1940.0,8.9,Marinko,1711.9,1700.1,-11.8,0.779,0.221
2025-09-16,L9-12,(W) Eugene - Lukas N,Eugene,1777.8,1798.6,20.8,Lukas N,1789.1,1768.4,-20.8,0.484,0.516
2025-09-16,L13-16,(W) Richard B - Nat,Richard B,1683.4,1694.1,10.7,Nat,1541.8,1529.3,-12.5,0.693,0.307
2025-09-16,L1-2,(W) Greg - Sammy,Greg,2123.3,2156.8,33.5,Sammy,2034.2,1987.3,-46.9,0.625,0.375
2025-09-16,L3-4,(W) Alejo - Charlie,Alejo,1950.0,1973.5,23.5,Charlie,1967.4,1939.2,-28.2,0.475,0.525
2025-09-16,L5-6,(W) Vincent - Alex A,Vincent,1919.2,1936.0,16.9,Alex A,2010.4,1990.7,-19.7,0.372,0.628
2025-09-16,L7-8,(W) Colin R - Eric L,Colin R,1792.9,1811.2,18.4,Eric L,1927.2,1908.9,-18.4,0.316,0.684
2025-09-16,L9-10,(W) Vivian - Eugene,Vivian,1940.0,1948.2,8.2,Eugene,1798.6,1790.4,-8.2,0.693,0.307
2025-09-16,L11-12,(W) Lukas N - Marinko,Lukas N,1768.4,1779.2,10.8,Marinko,1700.1,1685.7,-14.4,0.597,0.403
2025-09-16,L13-14,(W) Richard B - Jonathan,Richard B,1694.1,1709.1,15.0,Jonathan,1735.9,1718.4,-17.5,0.44,0.56
2025-09-23,Poule,(W) Willie 5-3 Charlie,Willie,1770.7,1789.9,19.2,Charlie,1944.2,1929.8,-14.4,0.269,0.481
2025-09-23,Poule,(W) Willie 5-4 Giles,Willie,1789.9,1794.5,4.6,Giles,1765.4,1761.4,-4.0,0.535,0.115
2025-09-23,Poule,(W) Greg 5-3 Vincent,Greg,2181.8,2180.5,-1.4,Vincent,1936.0,1937.7,1.6,0.805,0.055
2025-09-23,Poule,(W) Alejo 5-4 Marinko,Alejo,1981.5,1976.6,-4.9,Marinko,1685.7,1693.5,7.8,0.846,0.196
2025-09-23,Poule,(W) Will P 5-4 Tom,Will P,1816.6,1822.5,5.9,Tom,1848.6,1842.7,-5.9,0.454,0.196
2025-09-23,Poule,(W) Greg 5-4 Tom,Greg,2180.5,2174.8,-5.6,Tom,1842.7,1849.5,6.7,0.875,0.225
2025-09-23,Poule,(W) Tom 5-4 Charlie,Tom,1849.5,1857.4,7.9,Charlie,1929.8,1921.9,-7.9,0.386,0.264
2025-09-23,Poule,(W) Willie 5-3 Aisling,Willie,1794.5,1804.8,10.3,Aisling,1800,1789.7,-10.3,0.492,0.258
2025-09-23,Poule,(W) Charlie 5-1 Will P,Charlie,1921.9,1930.3,8.4,Will P,1822.5,1814.1,-8.4,0.639,0.281
2025-09-23,Poule,(W) Richard B 5-3 Lukas N,Richard B,1709.1,1719.6,10.5,Lukas N,1779.2,1768.7,-10.5,0.401,0.349
2025-09-23,Poule,(W) Richard B 5-4 Alejo,Richard B,1719.6,1733.6,13.9,Alejo,1976.6,1965.0,-11.6,0.186,0.464
2025-09-23,Poule,(W) Vivian 5-3 Darran,Vivian,1948.2,1952.3,4.1,Darran,1867.0,1861.6,-5.4,0.615,0.135
2025-09-23,Poule,(W) Vivian 5-3 Aisling,Vivian,1952.3,1953.2,1.0,Aisling,1789.7,1788.4,-1.3,0.718,0.032
2025-09-23,Poule,(W) Eric L 5-0 Marg,Eric L,1908.9,1914.9,6.0,Marg,1668.0,1662.0,-6.0,0.8,0.2
2025-09-23,Poule,(W) Vivian 5-2 Alonzo,Vivian,1953.2,1957.4,4.2,Alonzo,1796.5,1790.9,-5.5,0.711,0.139
2025-09-23,Poule,(W) Willie 5-2 Marinko,Willie,1804.8,1812.6,7.8,Marinko,1693.5,1686.7,-6.8,0.655,0.195
2025-09-23,Poule,(W) Vincent 5-3 Alonzo,Vincent,1937.7,1939.2,1.5,Alonzo,1790.9,1788.9,-2.0,0.699,0.051
2025-09-23,Poule,(W) Vivian 5-4 Lukas N,Vivian,1957.4,1954.5,-2.9,Lukas N,1768.7,1771.6,2.9,0.748,0.098
2025-09-23,Poule,(W) Aisling 5-4 Alejo,Aisling,1788.4,1803.8,15.4,Alejo,1965.0,1955.4,-9.6,0.266,0.384
2025-09-23,Poule,(W) Marinko 5-3 Marg,Marinko,1686.7,1694.2,7.5,Marg,1662.0,1655.6,-6.4,0.535,0.215
2025-09-23,Poule,(W) Alonzo 5-3 Marg,Alonzo,1788.9,1791.6,2.7,Marg,1655.6,1653.5,-2.0,0.683,0.067
2025-09-23,Poule,(W) Alonzo 5-4 Will P,Alonzo,1791.6,1798.9,7.3,Will P,1814.1,1808.6,-5.5,0.468,0.182
2025-09-23,Poule,(W) Richard B 5-3 Marinko,Richard B,1733.6,1739.4,5.8,Marinko,1694.2,1687.4,-6.8,0.556,0.194
2025-09-23,Poule,(W) Aisling 5-2 Martin H,Aisling,1803.8,1812.9,9.1,Martin H,1717.4,1709.4,-8.0,0.622,0.228
2025-09-23,Poule,(W) Marinko 5-4 Giles,Marinko,1687.4,1696.3,8.9,Giles,1761.4,1752.5,-8.9,0.395,0.255
2025-09-23,Poule,(W) Eric L 5-1 Tom,Eric L,1914.9,1925.0,10.1,Tom,1857.4,1847.2,-10.1,0.582,0.338
2025-09-23,Poule,(W) Greg 5-3 Aisling,Greg,2174.8,2171.4,-3.5,Aisling,1812.9,1818.5,5.6,0.889,0.139
2025-09-23,Poule,(W) Eric L 5-3 Will P,Eric L,1925.0,1927.6,2.7,Will P,1808.6,1806.0,-2.7,0.661,0.089
2025-09-23,Poule,(W) Eric L 5-3 Alejo,Eric L,1927.6,1936.3,8.7,Alejo,1955.4,1948.1,-7.2,0.46,0.29
2025-09-23,Poule,(W) Aisling 5-1 Marg,Aisling,1818.5,1826.4,8.0,Marg,1653.5,1647.6,-6.0,0.721,0.199
2025-09-23,Poule,(W) Alejo 5-3 Tom,Alejo,1948.1,1950.8,2.7,Tom,1847.2,1844.0,-3.3,0.641,0.109
2025-09-23,Poule,(W) Alonzo 5-1 Aisling,Alonzo,1798.9,1817.3,18.4,Aisling,1826.4,1808.1,-18.4,0.46,0.46
2025-09-23,Poule,(W) Alejo 5-3 Lukas N,Alejo,1950.8,1951.2,0.3,Lukas N,1771.6,1771.2,-0.4,0.737,0.013
2025-09-23,Poule,(W) Eric L 5-1 Giles,Eric L,1936.3,1941.7,5.3,Giles,1752.5,1746.3,-6.2,0.742,0.178
2025-09-23,Poule,(W) Willie 5-2 Alejo,Willie,1812.6,1834.2,21.6,Alejo,1951.2,1937.7,-13.5,0.311,0.539
2025-09-23,Poule,(W) Darran 5-4 Martin H,Darran,1861.6,1859.3,-2.2,Martin H,1709.4,1711.4,2.0,0.706,0.056
2025-09-23,Poule,(W) Charlie 5-2 Vincent,Charlie,1930.3,1941.2,10.9,Vincent,1939.2,1928.3,-10.9,0.487,0.363
2025-09-23,Poule,(W) Richard B 5-4 Vincent,Richard B,1739.4,1751.3,11.9,Vincent,1928.3,1916.4,-11.9,0.252,0.398
2025-09-23,Poule,(W) Martin H 5-3 Will P,Martin H,1711.4,1724.8,13.4,Will P,1806.0,1794.5,-11.5,0.367,0.383
2025-09-23,Poule,(W) Darran 5-3 Marg,Darran,1859.3,1858.4,-0.9,Marg,1647.6,1648.2,0.7,0.772,0.022
2025-09-23,Poule,(W) Richard B 5-3 Aisling,Richard B,1751.3,1761.2,9.9,Aisling,1808.1,1794.8,-13.2,0.419,0.331
2025-09-23,Poule,(W) Eric L 5-2 Alonzo,Eric L,1941.7,1947.0,5.3,Alonzo,1817.3,1810.1,-7.1,0.672,0.178
2025-09-23,Poule,(W) Tom 5-1 Martin H,Tom,1844.0,1851.6,7.6,Martin H,1724.8,1715.9,-8.9,0.665,0.255
2025-09-23,Poule,(W) Willie 5-4 Alonzo,Willie,1834.2,1838.8,4.6,Alonzo,1810.1,1805.5,-4.6,0.535,0.115
2025-09-23,Poule,(W) Greg 5-3 Vivian,Greg,2171.4,2170.7,-0.7,Vivian,1954.5,1955.3,0.8,0.777,0.027
2025-09-23,Poule,(W) Greg 5-3 Martin H,Greg,2170.7,2166.1,-4.6,Martin H,1715.9,1722.2,6.4,0.932,0.182
2025-09-23,Poule,(W) Vivian 5-3 Vincent,Vivian,1955.3,1961.1,5.8,Vincent,1916.4,1910.5,-5.8,0.556,0.194
2025-09-23,Poule,(W) Vincent 5-0 Marinko,Vincent,1910.5,1917.3,6.8,Marinko,1696.3,1688.4,-7.9,0.774,0.226
2025-09-23,Poule,(W) Vivian 5-3 Marg,Vivian,1961.1,1957.9,-3.2,Marg,1648.2,1651.5,3.2,0.858,0.108
2025-09-23,Poule,(W) Vivian 5-3 Martin H,Vivian,1957.9,1956.5,-1.4,Martin H,1722.2,1723.8,1.6,0.795,0.045
2025-09-23,Poule,(W) Giles 5-4 Vivian,Giles,1746.3,1761.0,14.7,Vivian,1956.5,1943.9,-12.6,0.23,0.42
2025-09-23,Poule,(W) Richard B 5-4 Tom,Richard B,1761.2,1769.5,8.3,Tom,1851.6,1843.3,-8.3,0.373,0.277
2025-09-23,Poule,(W) Martin H 5-2 Lukas N,Martin H,1723.8,1738.4,14.6,Lukas N,1771.2,1758.7,-12.5,0.432,0.418
2025-09-23,Poule,(W) Greg 5-4 Darran,Greg,2166.1,2161.0,-5.1,Darran,1858.4,1866.6,8.2,0.855,0.205
2025-09-23,Poule,(W) Willie 5-3 Vivian,Willie,1838.8,1854.7,15.9,Vivian,1943.9,1932.0,-11.9,0.353,0.397
2025-09-23,Poule,(W) Greg 5-3 Willie,Greg,2161.0,2158.4,-2.6,Willie,1854.7,1858.3,3.6,0.854,0.104
2025-09-23,Poule,(W) Charlie 5-2 Eric L,Charlie,1941.2,1951.9,10.8,Eric L,1947.0,1936.3,-10.8,0.492,0.358
2025-09-23,Poule,(W) Tom 5-0 Marinko,Tom,1843.3,1852.0,8.7,Marinko,1688.4,1678.3,-10.2,0.709,0.291
2025-09-23,Poule,(W) Eric L 5-4 Willie,Eric L,1936.3,1937.5,1.2,Willie,1858.3,1856.9,-1.4,0.61,0.04
2025-09-23,Poule,(W) Aisling 5-3 Lukas N,Aisling,1794.8,1802.8,7.9,Lukas N,1758.7,1752.8,-5.9,0.552,0.198
2025-09-23,Poule,(W) Greg 5-3 Giles,Greg,2158.4,2154.5,-3.9,Giles,1761.0,1766.5,5.5,0.908,0.158
2025-09-23,Poule,(W) Eric L 5-1 Lukas N,Eric L,1937.5,1942.8,5.3,Lukas N,1752.8,1747.5,-5.3,0.743,0.177
2025-09-23,Poule,(W) Eric L 5-4 Vincent,Eric L,1942.8,1946.2,3.4,Vincent,1917.3,1913.9,-3.4,0.537,0.113
2025-09-23,Poule,(W) Charlie 5-4 Alejo,Charlie,1951.9,1955.8,3.9,Alejo,1937.7,1934.4,-3.2,0.521,0.129
2025-09-23,Poule,(W) Martin H 5-3 Marinko,Martin H,1738.4,1744.2,5.7,Marinko,1678.3,1672.5,-5.7,0.586,0.164
2025-09-23,Poule,(W) Vincent 5-3 Alejo,Vincent,1913.9,1922.3,8.4,Alejo,1934.4,1927.5,-7.0,0.47,0.28
2025-09-23,Poule,(W) Richard B 5-4 Marg,Richard B,1769.5,1769.1,-0.4,Marg,1651.5,1651.9,0.4,0.664,0.014
2025-09-23,Poule,(W) Tom 5-4 Darran,Tom,1852.0,1857.1,5.1,Darran,1866.6,1859.8,-6.8,0.479,0.171
2025-09-23,Poule,(W) Eric L 5-1 Martin H,Eric L,1946.2,1950.9,4.7,Martin H,1744.2,1738.7,-5.5,0.762,0.158
2025-09-23,Poule,(W) Vincent 5-2 Lukas N,Vincent,1922.3,1925.8,3.5,Lukas N,1747.5,1743.9,-3.5,0.732,0.118
2025-09-23,Poule,(W) Charlie 5-2 Darran,Charlie,1955.8,1962.3,6.5,Darran,1859.8,1851.2,-8.6,0.635,0.215
2025-09-23,L1-16,(W) Greg - Lukas N,Greg,2154.5,2157.5,3.1,Lukas N,1743.9,1740.3,-3.7,0.914,0.086
2025-09-23,L1-16,(W) Alonzo - Aisling,Alonzo,1805.5,1833.7,28.2,Aisling,1802.8,1774.5,-28.2,0.504,0.496
2025-09-23,L1-16,(W) Charlie - Darran,Charlie,1962.3,1977.0,14.7,Darran,1851.2,1831.5,-19.7,0.655,0.345
2025-09-23,L1-16,(W) Richard B - Will P,Richard B,1769.1,1792.0,22.9,Will P,1794.5,1771.6,-22.9,0.464,0.536
2025-09-23,L1-16,(W) Willie - Marinko,Willie,1856.9,1869.7,12.8,Marinko,1672.5,1659.7,-12.8,0.743,0.257
2025-09-23,L1-16,(W) Vincent - Martin H,Vincent,1925.8,1936.7,10.8,Martin H,1738.7,1726.0,-12.7,0.746,0.254
2025-09-23,L1-16,(W) Alejo - Tom,Alejo,1927.5,1941.7,14.2,Tom,1857.1,1840.1,-17.1,0.6,0.4
2025-09-23,L1-16,(W) Vivian - Giles,Vivian,1932.0,1943.9,11.9,Giles,1766.5,1752.7,-13.9,0.722,0.278
2025-09-23,L1-8,(W) Greg - Alonzo,Greg,2157.5,2163.9,6.4,Alonzo,1833.7,1823.6,-10.2,0.866,0.134
2025-09-23,L1-8,(W) Charlie - Richard B,Charlie,1977.0,1991.6,14.6,Richard B,1792.0,1777.4,-14.6,0.744,0.256
2025-09-23,L1-8,(W) Vincent - Willie,Vincent,1936.7,1959.7,23.0,Willie,1869.7,1842.8,-26.9,0.595,0.405
2025-09-23,L1-8,(W) Alejo - Vivian,Alejo,1941.7,1965.6,23.9,Vivian,1943.9,1915.2,-28.6,0.497,0.503
2025-09-23,L9-16,(W) Aisling - Lukas N,Aisling,1774.5,1800.2,25.7,Lukas N,1740.3,1721.0,-19.2,0.549,0.451
2025-09-23,L9-16,(W) Darran - Will P,Darran,1831.5,1855.1,23.6,Will P,1771.6,1753.9,-17.7,0.585,0.415
2025-09-23,L9-16,(W) Martin H - Marinko,Martin H,1726.0,1746.2,20.2,Marinko,1659.7,1639.5,-20.2,0.594,0.406
2025-09-23,L9-16,(W) Giles - Tom,Giles,1752.7,1783.7,31.0,Tom,1840.1,1813.5,-26.6,0.377,0.623
2025-09-23,L1-4,(W) Greg - Charlie,Greg,2163.9,2183.2,19.3,Charlie,1991.6,1968.5,-23.1,0.729,0.271
2025-09-23,L1-4,(W) Alejo - Vincent,Alejo,1965.6,2000.5,35.0,Vincent,1959.7,1917.7,-42.0,0.508,0.492
2025-09-23,L5-8,(W) Richard B - Alonzo,Richard B,1777.4,1809.7,32.2,Alonzo,1823.6,1786.0,-37.6,0.434,0.566
2025-09-23,L5-8,(W) Willie - Vivian,Willie,1842.8,1882.9,40.0,Vivian,1915.2,1880.9,-34.3,0.397,0.603
2025-09-23,L9-12,(W) Darran - Aisling,Darran,1855.1,1876.1,21.0,Aisling,1800.2,1776.2,-24.0,0.578,0.422
2025-09-23,L9-12,(W) Martin H - Giles,Martin H,1746.2,1773.8,27.6,Giles,1783.7,1756.1,-27.6,0.446,0.554
2025-09-23,L13-16,(W) Will P - Lukas N,Will P,1753.9,1770.6,16.8,Lukas N,1721.0,1704.3,-16.8,0.547,0.453
2025-09-23,L13-16,(W) Marinko - Tom,Marinko,1639.5,1671.1,31.6,Tom,1813.5,1786.4,-27.1,0.269,0.731
2025-09-23,L1-2,(W) Alejo - Greg,Alejo,2000.5,2070.8,70.3,Greg,2183.2,2112.9,-70.3,0.259,0.741
2025-09-23,L3-4,(W) Vincent - Charlie,Vincent,1917.7,1950.3,32.6,Charlie,1968.5,1935.9,-32.6,0.427,0.573
2025-09-23,L5-6,(W) Willie - Richard B,Willie,1882.9,1896.0,13.2,Richard B,1809.7,1798.4,-11.3,0.604,0.396
2025-09-23,L7-8,(W) Vivian - Alonzo,Vivian,1880.9,1891.4,10.4,Alonzo,1786.0,1773.8,-12.2,0.633,0.367
2025-09-23,L9-10,(W) Darran - Martin H,Darran,1876.1,1888.0,11.8,Martin H,1773.8,1761.9,-11.8,0.643,0.357
2025-09-23,L11-12,(W) Aisling - Giles,Aisling,1776.2,1794.1,17.9,Giles,1756.1,1740.5,-15.6,0.529,0.471
2025-09-23,L13-14,(W) Will P - Marinko,Will P,1770.6,1780.9,10.3,Marinko,1671.1,1659.1,-12.0,0.639,0.361
2025-09-23,L15-16,(W) Lukas N - Tom,Lukas N,1704.3,1721.8,17.5,Tom,1786.4,1768.9,-17.5,0.384,0.616
2025-09-30,Poule,(W) Garen 5-3 Vivian,Garen,1917.4,1925.9,8.5,Vivian,1891.4,1885.0,-6.4,0.537,0.213
2025-09-30,Poule,(W) Tom 5-0 Jana,Tom,1768.9,1785.2,16.3,Jana,1800,1778.2,-21.8,0.455,0.545
2025-09-30,Poule,(W) Alejo 5-2 Vadym,Alejo,2095.8,2098.0,2.2,Vadym,1892.9,1890.3,-2.6,0.763,0.087
2025-09-30,Poule,(W) Vincent 5-2 Rakan,Vincent,1958.3,1962.4,4.1,Rakan,1800,1794.5,-5.5,0.713,0.137
2025-09-30,Poule,(W) Roeland 5-3 Vivian,Roeland,1868.7,1878.2,9.6,Vivian,1885.0,1876.8,-8.2,0.477,0.273
2025-09-30,Poule,(W) Richard B 5-4 Jonathan,Richard B,1798.4,1799.5,1.1,Jonathan,1718.4,1717.1,-1.3,0.613,0.037
2025-09-30,Poule,(W) Garen 5-3 Lukas N,Garen,1925.9,1925.3,-0.6,Lukas N,1721.8,1722.2,0.4,0.764,0.014
2025-09-30,Poule,(W) Sameer 5-3 Vivian,Sameer,2086.3,2085.5,-0.8,Vivian,1876.8,1877.4,0.6,0.77,0.02
2025-09-30,Poule,(W) Greg 5-1 Marinko,Greg,2127.9,2127.4,-0.4,Marinko,1659.1,1659.7,0.6,0.937,0.017
2025-09-30,Poule,(W) Eugene 5-0 Jana,Eugene,1790.4,1804.9,14.5,Jana,1778.2,1758.9,-19.3,0.518,0.482
2025-09-30,Poule,(W) Roeland 5-2 Eugene,Roeland,1878.2,1886.8,8.6,Eugene,1804.9,1797.5,-7.4,0.604,0.246
2025-09-30,Poule,(W) Roeland 5-2 Tom,Roeland,1886.8,1894.1,7.3,Tom,1785.2,1779.0,-6.2,0.642,0.208
2025-09-30,Poule,(W) Garen 5-0 Marinko,Garen,1925.3,1932.4,7.1,Marinko,1659.7,1653.5,-6.2,0.822,0.178
2025-09-30,Poule,(W) Vivian 5-2 Jana,Vivian,1877.4,1882.9,5.6,Jana,1758.9,1751.5,-7.4,0.664,0.186
2025-09-30,Poule,(W) Lukas N 5-0 Marinko,Lukas N,1722.2,1734.3,12.1,Marinko,1653.5,1639.4,-14.1,0.598,0.402
2025-09-30,Poule,(W) Vincent 5-3 Vivian,Vincent,1962.4,1966.6,4.1,Vivian,1882.9,1878.8,-4.1,0.612,0.138
2025-09-30,Poule,(W) Garen 5-3 Jonathan,Garen,1932.4,1931.4,-1.0,Jonathan,1717.1,1718.0,0.9,0.775,0.025
2025-09-30,Poule,(W) Vivian 5-4 Marinko,Vivian,1878.8,1874.4,-4.5,Marinko,1639.4,1644.6,5.2,0.799,0.149
2025-09-30,Poule,(W) Pablo 5-3 Eugene,Pablo,1698.2,1709.9,11.7,Eugene,1797.5,1785.8,-11.7,0.361,0.389
2025-09-30,Poule,(W) Vivian 5-4 Eugene,Vivian,1874.4,1875.1,0.8,Eugene,1785.8,1785.0,-0.8,0.625,0.025
2025-09-30,Poule,(W) Vivian 5-3 Tom,Vivian,1875.1,1878.6,3.5,Tom,1779.0,1775.5,-3.5,0.635,0.115
2025-09-30,Poule,(W) Greg 5-0 Jana,Greg,2127.4,2130.0,2.6,Jana,1751.5,1747.4,-4.1,0.897,0.103
2025-09-30,Poule,(W) Sameer 5-3 Lukas N,Sameer,2085.5,2080.2,-5.3,Lukas N,1734.3,1738.3,4.0,0.883,0.133
2025-09-30,Poule,(W) Richard B 5-4 Vadym,Richard B,1799.5,1807.8,8.3,Vadym,1890.3,1882.0,-8.3,0.372,0.278
2025-09-30,Poule,(W) Marinko 5-2 Jana,Marinko,1644.6,1661.9,17.3,Jana,1747.4,1727.6,-19.7,0.356,0.494
2025-09-30,Poule,(W) Lukas N 5-1 Roeland,Lukas N,1738.3,1757.2,18.9,Roeland,1894.1,1872.0,-22.1,0.29,0.63
2025-09-30,Poule,(W) Alejo 5-3 Marinko,Alejo,2098.0,2093.6,-4.4,Marinko,1661.9,1668.0,6.1,0.925,0.175
2025-09-30,Poule,(W) Greg 5-2 Lukas N,Greg,2130.0,2128.9,-1.1,Lukas N,1757.2,1758.5,1.4,0.895,0.045
2025-09-30,Poule,(W) Roeland 5-2 Pablo,Roeland,1872.0,1876.7,4.6,Pablo,1709.9,1705.9,-4.0,0.718,0.132
2025-09-30,Poule,(W) Vincent 5-2 Pablo,Vincent,1966.6,1967.5,1.0,Pablo,1705.9,1705.0,-1.0,0.818,0.032
2025-09-30,Poule,(W) Pablo 5-3 Rakan,Pablo,1705.0,1716.3,11.3,Rakan,1794.5,1779.5,-15.0,0.374,0.376
2025-09-30,Poule,(W) Sameer 5-1 Marinko,Sameer,2080.2,2080.4,0.2,Marinko,1668.0,1667.8,-0.2,0.915,0.005
2025-09-30,Poule,(W) Pablo 5-2 Tom,Pablo,1716.3,1729.3,13.0,Tom,1775.5,1762.5,-13.0,0.416,0.434
2025-09-30,Poule,(W) Eugene 5-3 Marinko,Eugene,1785.0,1787.7,2.6,Marinko,1667.8,1664.7,-3.1,0.663,0.087
2025-09-30,Poule,(W) Roeland 5-4 Richard B,Roeland,1876.7,1878.5,1.8,Richard B,1807.8,1806.3,-1.6,0.598,0.052
2025-09-30,Poule,(W) Marinko 5-3 Richard B,Marinko,1664.7,1680.3,15.5,Richard B,1806.3,1793.0,-13.3,0.307,0.443
2025-09-30,Poule,(W) Sameer 5-2 Vadym,Sameer,2080.4,2084.1,3.7,Vadym,1882.0,1879.2,-2.8,0.758,0.092
2025-09-30,Poule,(W) Roeland 5-4 Vincent,Roeland,1878.5,1888.1,9.6,Vincent,1967.5,1959.3,-8.3,0.375,0.275
2025-09-30,Poule,(W) Lukas N 5-4 Richard B,Lukas N,1758.5,1764.5,6.0,Richard B,1793.0,1787.0,-6.0,0.451,0.199
2025-09-30,Poule,(W) Pablo 5-4 Jana,Pablo,1729.3,1733.7,4.4,Jana,1727.6,1721.7,-5.9,0.502,0.148
2025-09-30,Poule,(W) Garen 5-3 Tom,Garen,1931.4,1932.4,1.0,Tom,1762.5,1761.8,-0.7,0.726,0.024
2025-09-30,Poule,(W) Greg 5-2 Rakan,Greg,2128.9,2128.1,-0.8,Rakan,1779.5,1780.8,1.3,0.882,0.032
2025-09-30,Poule,(W) Greg 5-4 Vadym,Greg,2128.1,2124.1,-3.9,Vadym,1879.2,1884.0,4.7,0.807,0.157
2025-09-30,Poule,(W) Vadym 5-2 Lukas N,Vadym,1884.0,1889.5,5.5,Lukas N,1764.5,1759.0,-5.5,0.665,0.185
2025-09-30,Poule,(W) Greg 5-4 Tom,Greg,2124.1,2118.2,-6.0,Tom,1761.8,1768.9,7.2,0.89,0.24
2025-09-30,Poule,(W) Vadym 5-4 Tom,Vadym,1889.5,1889.0,-0.5,Tom,1768.9,1769.4,0.5,0.667,0.017
2025-09-30,Poule,(W) Alejo 5-0 Greg,Alejo,2093.6,2107.0,13.4,Greg,2118.2,2104.8,-13.4,0.465,0.535
2025-09-30,Poule,(W) Pablo 5-4 Lukas N,Pablo,1733.7,1739.3,5.6,Lukas N,1759.0,1753.4,-5.6,0.464,0.186
2025-09-30,Poule,(W) Vadym 5-2 Marinko,Vadym,1889.0,1891.4,2.4,Marinko,1680.3,1677.4,-2.8,0.769,0.081
2025-09-30,Poule,(W) Vincent 5-4 Jonathan,Vincent,1959.3,1954.8,-4.5,Jonathan,1718.0,1723.3,5.3,0.8,0.15
2025-09-30,Poule,(W) Garen 5-3 Greg,Garen,1932.4,1951.6,19.2,Greg,2104.8,2092.8,-12.0,0.27,0.48
2025-09-30,Poule,(W) Garen 5-2 Rakan,Garen,1951.6,1956.5,4.9,Rakan,1780.8,1775.9,-4.9,0.728,0.122
2025-09-30,Poule,(W) Vadym 5-3 Pablo,Vadym,1891.4,1892.7,1.3,Pablo,1739.3,1738.0,-1.3,0.706,0.044
2025-09-30,Poule,(W) Sameer 5-4 Pablo,Sameer,2084.1,2074.9,-9.2,Pablo,1738.0,1744.9,6.9,0.88,0.23
2025-09-30,Poule,(W) Alejo 5-2 Rakan,Alejo,2107.0,2106.5,-0.5,Rakan,1775.9,1776.7,0.8,0.871,0.021
2025-09-30,Poule,(W) Sameer 5-2 Garen,Sameer,2074.9,2082.3,7.4,Garen,1956.5,1949.0,-7.4,0.664,0.186
2025-09-30,Poule,(W) Alejo 5-2 Eugene,Alejo,2106.5,2106.2,-0.3,Eugene,1787.7,1788.0,0.4,0.862,0.012
2025-09-30,Poule,(W) Sameer 5-3 Alejo,Sameer,2082.3,2093.7,11.4,Alejo,2106.2,2099.1,-7.1,0.466,0.284
2025-09-30,Poule,(W) Sameer 5-1 Rakan,Sameer,2093.7,2096.1,2.4,Rakan,1776.7,1774.3,-2.4,0.861,0.059
2025-09-30,L1-16,(W) Pablo - Vivian,Pablo,1744.9,1773.2,28.4,Vivian,1878.6,1850.2,-28.4,0.317,0.683
2025-09-30,L1-16,(W) Alejo - Eugene,Alejo,2099.1,2104.0,4.9,Eugene,1788.0,1782.1,-5.9,0.857,0.143
2025-09-30,L1-16,(W) Roeland - Marinko,Roeland,1888.1,1899.2,11.1,Marinko,1677.4,1666.3,-11.1,0.771,0.229
2025-09-30,L1-16,(W) Greg - Tom,Greg,2092.8,2097.4,4.7,Tom,1769.4,1763.9,-5.6,0.865,0.135
2025-09-30,L1-16,(W) Vincent - Richard B,Vincent,1954.8,1966.2,11.4,Richard B,1787.0,1775.5,-11.4,0.724,0.276
2025-09-30,L1-16,(W) Vadym - Lukas N,Vadym,1892.7,1905.6,12.8,Lukas N,1753.4,1740.6,-12.8,0.69,0.31
2025-09-30,L1-16,(W) Garen - Rakan,Garen,1949.0,1963.8,14.8,Rakan,1774.3,1759.5,-14.8,0.732,0.268
2025-09-30,L1-8,(W) Sameer - Pablo,Sameer,2096.1,2104.8,8.7,Pablo,1773.2,1765.8,-7.5,0.865,0.135
2025-09-30,L1-8,(W) Roeland - Alejo,Roeland,1899.2,1948.6,49.4,Alejo,2104.0,2068.8,-35.3,0.235,0.765
2025-09-30,L1-8,(W) Vincent - Greg,Vincent,1966.2,2003.8,37.6,Greg,2097.4,2066.1,-31.4,0.32,0.68
2025-09-30,L1-8,(W) Garen - Vadym,Garen,1963.8,1994.6,30.8,Vadym,1905.6,1882.5,-23.1,0.583,0.417
2025-09-30,L9-16,(W) Marinko - Eugene,Marinko,1666.3,1698.3,32.0,Eugene,1782.1,1754.7,-27.4,0.339,0.661
2025-09-30,L9-16,(W) Richard B - Tom,Richard B,1775.5,1795.6,20.0,Tom,1763.9,1743.8,-20.0,0.517,0.483
2025-09-30,L9-16,(W) Lukas N - Rakan,Lukas N,1740.6,1762.4,21.9,Rakan,1759.5,1730.4,-29.2,0.473,0.527
2025-09-30,L1-4,(W) Sameer - Roeland,Sameer,2104.8,2132.8,28.0,Roeland,1948.6,1920.6,-28.0,0.711,0.289
2025-09-30,L1-4,(W) Garen - Vincent,Garen,1994.6,2044.3,49.7,Vincent,2003.8,1961.2,-42.6,0.487,0.513
2025-09-30,L5-8,(W) Alejo - Pablo,Alejo,2068.8,2075.6,6.9,Pablo,1765.8,1757.5,-8.2,0.851,0.149
2025-09-30,L5-8,(W) Greg - Vadym,Greg,2066.1,2078.0,11.9,Vadym,1882.5,1868.3,-14.3,0.742,0.258
2025-09-30,L9-12,(W) Marinko - Vivian,Marinko,1698.3,1732.5,34.2,Vivian,1850.2,1820.9,-29.3,0.294,0.706
2025-09-30,L9-12,(W) Richard B - Lukas N,Richard B,1795.6,1814.4,18.8,Lukas N,1762.4,1743.7,-18.8,0.548,0.452
2025-09-30,L13-16,(W) Tom - Rakan,Tom,1743.8,1761.1,17.3,Rakan,1730.4,1707.3,-23.0,0.519,0.481
2025-09-30,L1-2,(W) Garen - Sameer,Garen,2044.3,2124.9,80.6,Sameer,2132.8,2052.1,-80.6,0.375,0.625
2025-09-30,L3-4,(W) Roeland - Vincent,Roeland,1920.6,1956.6,36.0,Vincent,1961.2,1930.4,-30.9,0.442,0.558
2025-09-30,L5-6,(W) Greg - Alejo,Greg,2078.0,2089.4,11.4,Alejo,2075.6,2064.2,-11.4,0.503,0.497
2025-09-30,L7-8,(W) Vadym - Pablo,Vadym,1868.3,1877.8,9.6,Pablo,1757.5,1748.0,-9.6,0.654,0.346
2025-09-30,L9-10,(W) Richard B - Marinko,Richard B,1814.4,1825.0,10.6,Marinko,1732.5,1720.1,-12.4,0.616,0.384
2025-09-30,L11-12,(W) Vivian - Lukas N,Vivian,1820.9,1831.7,10.8,Lukas N,1743.7,1732.9,-10.8,0.609,0.391
2025-09-30,L13-14,(W) Tom - Eugene,Tom,1761.1,1774.7,13.6,Eugene,1754.7,1741.1,-13.6,0.509,0.491
2025-10-07,Poule,(W) Sammy 5-1 Alonzo,Sammy,2002.3,2006.9,4.6,Alonzo,1773.8,1769.2,-4.6,0.788,0.132
2025-10-07,Poule,(W) Jonathan 5-3 Alonzo,Jonathan,1723.3,1734.3,11.1,Alonzo,1769.2,1758.1,-11.1,0.434,0.316
2025-10-07,Poule,(W) Greg 5-4 Shevy,Greg,2089.4,2085.7,-3.8,Shevy,1848.2,1852.7,4.5,0.8,0.15
2025-10-07,Poule,(W) Willie 5-2 Eugene,Willie,1896.0,1901.0,4.9,Eugene,1741.1,1736.9,-4.2,0.709,0.141
2025-10-07,Poule,(W) Steph 5-1 Richard B,Steph,1775.4,1790.2,14.7,Richard B,1825.0,1810.3,-14.7,0.429,0.491
2025-10-07,Poule,(W) Eric L 5-3 Shevy,Eric L,1950.9,1954.3,3.4,Shevy,1852.7,1849.3,-3.4,0.638,0.112
2025-10-07,Poule,(W) Eric L 5-0 Miriam,Eric L,1954.3,1963.0,8.7,Miriam,1800,1788.3,-11.7,0.708,0.292
2025-10-07,Poule,(W) Garen 5-2 Alonzo,Garen,2149.9,2148.0,-1.9,Alonzo,1758.1,1760.1,1.9,0.905,0.055
2025-10-07,Poule,(W) Willie 5-1 Sammy,Willie,1901.0,1920.8,19.9,Sammy,2006.9,1987.0,-19.9,0.352,0.568
2025-10-07,Poule,(W) Lukas N 5-3 Colin R,Lukas N,1732.9,1743.7,10.8,Colin R,1811.2,1802.2,-9.0,0.389,0.361
2025-10-07,Poule,(W) Marg 5-1 Steph,Marg,1651.9,1670.2,18.3,Steph,1790.2,1771.9,-18.3,0.311,0.609
2025-10-07,Poule,(W) Willie 5-3 Miriam,Willie,1920.8,1923.2,2.4,Miriam,1788.3,1785.6,-2.7,0.682,0.068
2025-10-07,Poule,(W) Eric L 5-4 Willie,Eric L,1963.0,1965.8,2.8,Willie,1923.2,1920.0,-3.3,0.557,0.093
2025-10-07,Poule,(W) Charlie 5-3 Sammy,Charlie,1940.9,1950.4,9.5,Sammy,1987.0,1976.0,-11.1,0.434,0.316
2025-10-07,Poule,(W) Jonathan 5-2 Shevy,Jonathan,1734.3,1752.2,17.8,Shevy,1849.3,1834.1,-15.3,0.34,0.51
2025-10-07,Poule,(W) Eric L 5-2 Colin R,Eric L,1965.8,1969.7,3.9,Colin R,1802.2,1798.9,-3.3,0.719,0.131
2025-10-07,Poule,(W) Tom 5-3 Richard B,Tom,1774.7,1783.7,9.0,Richard B,1810.3,1801.2,-9.0,0.449,0.301
2025-10-07,Poule,(W) Lukas N 5-2 Nat,Lukas N,1743.7,1745.9,2.3,Nat,1529.3,1526.7,-2.6,0.775,0.075
2025-10-07,Poule,(W) Vincent 5-0 Aisling,Vincent,1935.4,1944.6,9.2,Aisling,1794.1,1781.8,-12.3,0.693,0.307
2025-10-07,Poule,(W) Richard B 5-1 Aisling,Richard B,1801.2,1813.0,11.8,Aisling,1781.8,1766.1,-15.7,0.528,0.392
2025-10-07,Poule,(W) Anna A 5-4 Alonzo,Anna A,1790.2,1794.5,4.3,Alonzo,1760.1,1756.3,-3.7,0.543,0.107
2025-10-07,Poule,(W) Willie 5-2 Colin R,Willie,1920.0,1926.3,6.4,Colin R,1798.9,1794.4,-4.6,0.667,0.183
2025-10-07,Poule,(W) Eric L 5-2 Jonathan,Eric L,1969.7,1971.9,2.2,Jonathan,1752.2,1749.6,-2.5,0.778,0.072
2025-10-07,Poule,(W) Richard B 5-3 Miriam,Richard B,1813.0,1819.3,6.3,Miriam,1785.6,1777.2,-8.4,0.539,0.211
2025-10-07,Poule,(W) Eugene 5-4 Will P,Eugene,1736.9,1743.3,6.4,Will P,1780.9,1774.5,-6.4,0.437,0.213
2025-10-07,Poule,(W) Richard B 5-3 Marg,Richard B,1819.3,1820.7,1.4,Marg,1670.2,1668.7,-1.4,0.702,0.048
2025-10-07,Poule,(W) Colin R 5-3 Alonzo,Colin R,1794.4,1799.3,4.9,Alonzo,1756.3,1749.5,-6.8,0.555,0.195
2025-10-07,Poule,(W) Sammy 5-4 Aisling,Sammy,1976.0,1971.8,-4.2,Aisling,1766.1,1770.9,4.8,0.77,0.12
2025-10-07,Poule,(W) Garen 5-2 Shevy,Garen,2148.0,2147.7,-0.3,Shevy,1834.1,1834.3,0.3,0.859,0.009
2025-10-07,Poule,(W) Greg 5-3 Sammy,Greg,2085.7,2087.9,2.3,Sammy,1971.8,1968.6,-3.2,0.658,0.092
2025-10-07,Poule,(W) Will P 5-4 Vincent,Will P,1774.5,1785.8,11.3,Vincent,1944.6,1933.3,-11.3,0.273,0.377
2025-10-07,Poule,(W) Miriam 5-2 Lukas N,Miriam,1777.2,1789.4,12.2,Lukas N,1745.9,1736.8,-9.2,0.545,0.305
2025-10-07,Poule,(W) Miriam 5-2 Greg,Miriam,1789.4,1817.3,27.9,Greg,2087.9,2070.5,-17.4,0.152,0.698
2025-10-07,Poule,(W) Greg 5-4 Steph,Greg,2070.5,2065.5,-4.9,Steph,1771.9,1777.8,5.9,0.848,0.198
2025-10-07,Poule,(W) Greg 5-4 Anna A,Greg,2065.5,2061.1,-4.4,Anna A,1794.5,1801.5,7.1,0.826,0.176
2025-10-07,Poule,(W) Lukas N 5-2 Aisling,Lukas N,1736.8,1748.8,12.0,Aisling,1770.9,1754.9,-16.0,0.451,0.399
2025-10-07,Poule,(W) Anna A 5-4 Tom,Anna A,1801.5,1806.5,5.0,Tom,1783.7,1780.0,-3.7,0.526,0.124
2025-10-07,Poule,(W) Garen 5-2 Charlie,Garen,2147.7,2150.9,3.3,Charlie,1950.4,1947.6,-2.8,0.757,0.093
2025-10-07,Poule,(W) Greg 5-4 Colin R,Greg,2061.1,2056.9,-4.2,Colin R,1799.3,1803.5,4.2,0.819,0.169
2025-10-07,Poule,(W) Garen 5-3 Tom,Garen,2150.9,2145.9,-5.1,Tom,1780.0,1784.3,4.3,0.894,0.144
2025-10-07,Poule,(W) Tom 5-1 Eugene,Tom,1784.3,1795.1,10.8,Eugene,1743.3,1732.5,-10.8,0.559,0.361
2025-10-07,Poule,(W) Lukas N 5-4 Shevy,Lukas N,1748.8,1756.9,8.1,Shevy,1834.3,1826.2,-8.1,0.379,0.271
2025-10-07,Poule,(W) Lukas N 5-3 Will P,Lukas N,1756.9,1765.6,8.7,Will P,1785.8,1777.1,-8.7,0.458,0.292
2025-10-07,Poule,(W) Eric L 5-2 Marg,Eric L,1971.9,1971.9,-0.0,Marg,1668.7,1668.8,0.0,0.851,0.001
2025-10-07,Poule,(W) Tom 5-1 Nat,Tom,1795.1,1798.0,2.9,Nat,1526.7,1523.3,-3.4,0.824,0.096
2025-10-07,Poule,(W) Garen 5-2 Marg,Garen,2145.9,2142.7,-3.1,Marg,1668.8,1671.5,2.7,0.94,0.09
2025-10-07,Poule,(W) Anna A 5-2 Aisling,Anna A,1806.5,1817.6,11.1,Aisling,1754.9,1743.9,-11.1,0.574,0.276
2025-10-07,Poule,(W) Greg 5-1 Tom,Greg,2056.9,2059.5,2.6,Tom,1798.0,1794.9,-3.1,0.816,0.104
2025-10-07,Poule,(W) Garen 5-4 Vincent,Garen,2142.7,2138.6,-4.2,Vincent,1933.3,1936.9,3.6,0.77,0.12
2025-10-07,Poule,(W) Charlie 5-2 Greg,Charlie,1947.6,1962.8,15.2,Greg,2059.5,2046.9,-12.6,0.344,0.506
2025-10-07,Poule,(W) Marg 5-1 Nat,Marg,1671.5,1678.0,6.6,Nat,1523.3,1515.6,-7.7,0.701,0.219
2025-10-07,Poule,(W) Garen 5-1 Aisling,Garen,2138.6,2139.0,0.5,Aisling,1743.9,1743.3,-0.5,0.907,0.013
2025-10-07,Poule,(W) Eugene 5-4 Richard B,Eugene,1732.5,1740.7,8.2,Richard B,1820.7,1812.5,-8.2,0.376,0.274
2025-10-07,Poule,(W) Jonathan 5-2 Nat,Jonathan,1749.6,1751.6,2.0,Nat,1515.6,1513.7,-2.0,0.794,0.056
2025-10-07,Poule,(W) Eugene 5-2 Eric L,Eugene,1740.7,1759.9,19.2,Eric L,1971.9,1952.6,-19.2,0.209,0.641
2025-10-07,Poule,(W) Tom 5-4 Marg,Tom,1794.9,1794.5,-0.4,Marg,1678.0,1678.4,0.4,0.662,0.012
2025-10-07,Poule,(W) Lukas N 5-4 Steph,Lukas N,1765.6,1770.7,5.0,Steph,1777.8,1772.8,-5.0,0.482,0.168
2025-10-07,Poule,(W) Charlie 5-3 Eric L,Charlie,1962.8,1969.8,7.1,Eric L,1952.6,1945.6,-7.1,0.515,0.235
2025-10-07,Poule,(W) Sammy 5-3 Vincent,Sammy,1968.6,1975.7,7.2,Vincent,1936.9,1930.7,-6.1,0.546,0.204
2025-10-07,Poule,(W) Willie 5-4 Aisling,Willie,1926.3,1923.1,-3.2,Aisling,1743.3,1747.0,3.7,0.741,0.091
2025-10-07,Poule,(W) Colin R 5-2 Will P,Colin R,1803.5,1811.3,7.8,Will P,1777.1,1767.7,-9.4,0.538,0.312
2025-10-07,Poule,(W) Eric L 5-3 Lukas N,Eric L,1945.6,1946.1,0.5,Lukas N,1770.7,1770.1,-0.5,0.732,0.018
2025-10-07,Poule,(W) Shevy 5-1 Will P,Shevy,1826.2,1836.3,10.1,Will P,1767.7,1757.6,-10.1,0.583,0.337
2025-10-07,Poule,(W) Tom 5-4 Eric L,Tom,1794.5,1805.2,10.7,Eric L,1946.1,1935.4,-10.7,0.295,0.355
2025-10-07,Poule,(W) Shevy 5-2 Tom,Shevy,1836.3,1845.5,9.2,Tom,1805.2,1796.0,-9.2,0.545,0.305
2025-10-07,Poule,(W) Sammy 5-3 Shevy,Sammy,1975.7,1978.2,2.5,Shevy,1845.5,1843.3,-2.1,0.679,0.071
2025-10-07,Poule,(W) Tom 5-4 Colin R,Tom,1796.0,1801.2,5.2,Colin R,1811.3,1807.0,-4.3,0.478,0.172
2025-10-07,Poule,(W) Miriam 5-3 Alonzo,Miriam,1817.3,1823.5,6.1,Alonzo,1749.5,1744.1,-5.4,0.596,0.154
2025-10-07,Poule,(W) Garen 5-0 Will P,Garen,2139.0,2142.5,3.5,Will P,1757.6,1754.6,-3.0,0.9,0.1
2025-10-07,Poule,(W) Greg 5-4 Eugene,Greg,2046.9,2042.1,-4.7,Eugene,1759.9,1765.6,5.7,0.839,0.189
2025-10-07,Poule,(W) Colin R 5-1 Richard B,Colin R,1807.0,1817.7,10.7,Richard B,1812.5,1799.7,-12.8,0.492,0.428
2025-10-07,Poule,(W) Vincent 5-4 Lukas N,Vincent,1930.7,1928.7,-2.0,Lukas N,1770.1,1772.1,2.0,0.716,0.066
2025-10-07,Poule,(W) Tom 5-3 Willie,Tom,1801.2,1813.7,12.6,Willie,1923.1,1908.5,-14.7,0.331,0.419
2025-10-07,Poule,(W) Marg 5-2 Miriam,Marg,1678.4,1694.8,16.4,Miriam,1823.5,1801.6,-21.9,0.303,0.547
2025-10-07,Poule,(W) Will P 5-2 Aisling,Will P,1754.6,1764.8,10.2,Aisling,1747.0,1735.1,-11.9,0.511,0.339
2025-10-07,Poule,(W) Vincent 5-1 Miriam,Vincent,1928.7,1936.1,7.3,Miriam,1801.6,1791.8,-9.8,0.675,0.245
2025-10-07,Poule,(W) Marg 5-2 Aisling,Marg,1694.8,1707.1,12.2,Aisling,1735.1,1720.9,-14.3,0.442,0.408
2025-10-07,Poule,(W) Shevy 5-4 Charlie,Shevy,1843.3,1853.1,9.7,Charlie,1969.8,1960.1,-9.7,0.326,0.324
2025-10-07,Poule,(W) Willie 5-2 Steph,Willie,1908.5,1914.2,5.7,Steph,1772.8,1767.9,-4.9,0.686,0.164
2025-10-07,Poule,(W) Jonathan 5-2 Miriam,Jonathan,1751.6,1765.9,14.3,Miriam,1791.8,1775.5,-16.3,0.442,0.408
2025-10-07,Poule,(W) Shevy 5-3 Colin R,Shevy,1853.1,1859.0,6.0,Colin R,1817.7,1812.7,-5.0,0.551,0.199
2025-10-07,Poule,(W) Richard B 5-4 Lukas N,Richard B,1799.7,1803.0,3.3,Lukas N,1772.1,1768.8,-3.3,0.54,0.11
2025-10-07,Poule,(W) Lukas N 5-2 Eugene,Lukas N,1768.8,1779.2,10.4,Eugene,1765.6,1755.2,-10.4,0.505,0.345
2025-10-07,Poule,(W) Jonathan 5-3 Tom,Jonathan,1765.9,1777.0,11.1,Tom,1813.7,1804.2,-9.6,0.432,0.318
2025-10-07,Poule,(W) Greg 5-4 Lukas N,Greg,2042.1,2037.9,-4.2,Lukas N,1779.2,1784.2,5.1,0.82,0.17
2025-10-07,Poule,(W) Willie 5-0 Jonathan,Willie,1914.2,1925.2,10.9,Jonathan,1777.0,1766.1,-10.9,0.688,0.312
2025-10-07,Poule,(W) Eric L 5-2 Vincent,Eric L,1935.4,1946.0,10.5,Vincent,1936.1,1925.6,-10.5,0.499,0.351
2025-10-07,Poule,(W) Tom 5-3 Steph,Tom,1804.2,1810.1,5.9,Steph,1767.9,1761.9,-5.9,0.552,0.198
2025-10-07,Poule,(W) Greg 5-4 Willie,Greg,2037.9,2037.7,-0.2,Willie,1925.2,1925.4,0.2,0.657,0.007
2025-10-07,Poule,(W) Garen 5-2 Sammy,Garen,2142.5,2147.1,4.5,Sammy,1978.2,1973.7,-4.5,0.72,0.13
2025-10-07,L1-32,(W) Alonzo - Steph,Alonzo,1744.1,1768.2,24.1,Steph,1761.9,1741.3,-20.7,0.474,0.526
2025-10-07,L1-16,(W) Garen - Alonzo,Garen,2147.1,2152.7,5.6,Alonzo,1768.2,1762.6,-5.6,0.899,0.101
2025-10-07,L1-16,(W) Jonathan - Richard B,Jonathan,1766.1,1796.5,30.4,Richard B,1803.0,1776.9,-26.1,0.447,0.553
2025-10-07,L1-16,(W) Charlie - Willie,Charlie,1960.1,1981.4,21.2,Willie,1925.4,1900.6,-24.8,0.55,0.45
2025-10-07,L1-16,(W) Tom - Colin R,Tom,1810.1,1833.9,23.8,Colin R,1812.7,1792.9,-19.8,0.496,0.504
2025-10-07,L1-16,(W) Eric L - Eugene,Eric L,1946.0,1957.8,11.8,Eugene,1755.2,1743.4,-11.8,0.75,0.25
2025-10-07,L1-16,(W) Sammy - Shevy,Sammy,1973.7,1992.4,18.8,Shevy,1859.0,1843.0,-16.1,0.659,0.341
2025-10-07,L1-16,(W) Vincent - Lukas N,Vincent,1925.6,1940.1,14.5,Lukas N,1784.2,1769.7,-14.5,0.693,0.307
2025-10-07,L1-16,(W) Greg - Will P,Greg,2037.7,2044.5,6.8,Will P,1764.8,1756.7,-8.1,0.828,0.172
2025-10-07,L1-8,(W) Garen - Jonathan,Garen,2152.7,2161.0,8.4,Jonathan,1796.5,1788.2,-8.4,0.886,0.114
2025-10-07,L1-8,(W) Tom - Charlie,Tom,1833.9,1878.0,44.1,Charlie,1981.4,1937.3,-44.1,0.3,0.7
2025-10-07,L1-8,(W) Sammy - Eric L,Sammy,1992.4,2025.5,33.1,Eric L,1957.8,1929.4,-28.3,0.55,0.45
2025-10-07,L1-8,(W) Vincent - Greg,Vincent,1940.1,1980.7,40.6,Greg,2044.5,2010.6,-33.9,0.354,0.646
2025-10-07,L9-16,(W) Alonzo - Richard B,Alonzo,1762.6,1791.3,28.7,Richard B,1776.9,1752.3,-24.6,0.48,0.52
2025-10-07,L9-16,(W) Willie - Colin R,Willie,1900.6,1919.9,19.3,Colin R,1792.9,1779.1,-13.8,0.65,0.35
2025-10-07,L9-16,(W) Shevy - Eugene,Shevy,1843.0,1860.0,17.0,Eugene,1743.4,1726.4,-17.0,0.639,0.361
2025-10-07,L9-16,(W) Lukas N - Will P,Lukas N,1769.7,1792.5,22.7,Will P,1756.7,1734.0,-22.7,0.519,0.481
2025-10-07,L1-4,(W) Garen - Tom,Garen,2161.0,2179.1,18.1,Tom,1878.0,1862.5,-15.5,0.836,0.164
2025-10-07,L1-4,(W) Sammy - Vincent,Sammy,2025.5,2073.5,48.0,Vincent,1980.7,1939.6,-41.1,0.564,0.436
2025-10-07,L5-8,(W) Jonathan - Charlie,Jonathan,1788.2,1839.7,51.6,Charlie,1937.3,1893.1,-44.2,0.298,0.702
2025-10-07,L5-8,(W) Greg - Eric L,Greg,2010.6,2030.8,20.2,Eric L,1929.4,1905.2,-24.2,0.615,0.385
2025-10-07,L9-12,(W) Willie - Alonzo,Willie,1919.9,1937.7,17.8,Alonzo,1791.3,1773.5,-17.8,0.677,0.323
2025-10-07,L9-12,(W) Lukas N - Shevy,Lukas N,1792.5,1820.6,28.1,Shevy,1860.0,1831.9,-28.1,0.404,0.596
2025-10-07,L13-16,(W) Richard B - Colin R,Richard B,1752.3,1774.4,22.0,Colin R,1779.1,1760.8,-18.4,0.461,0.539
2025-10-07,L13-16,(W) Will P - Eugene,Will P,1734.0,1754.0,20.0,Eugene,1726.4,1706.4,-20.0,0.511,0.489
2025-10-07,L1-2,(W) Garen - Sammy,Garen,2179.1,2230.8,51.8,Sammy,2073.5,2021.7,-51.8,0.647,0.353
2025-10-07,L3-4,(W) Tom - Vincent,Tom,1862.5,1900.8,38.3,Vincent,1939.6,1901.2,-38.3,0.391,0.609
2025-10-07,L5-6,(W) Greg - Jonathan,Greg,2030.8,2037.4,6.5,Jonathan,1839.7,1830.6,-9.2,0.75,0.25
2025-10-07,L7-8,(W) Eric L - Charlie,Eric L,1905.2,1920.4,15.2,Charlie,1893.1,1877.9,-15.2,0.517,0.483
2025-10-07,L9-10,(W) Lukas N - Willie,Lukas N,1820.6,1841.4,20.8,Willie,1937.7,1913.3,-24.3,0.338,0.662
2025-10-07,L11-12,(W) Shevy - Alonzo,Shevy,1831.9,1845.0,13.1,Alonzo,1773.5,1758.2,-15.3,0.583,0.417
2025-10-07,L13-14,(W) Richard B - Will P,Richard B,1774.4,1789.2,14.8,Will P,1754.0,1739.1,-14.8,0.529,0.471
2025-10-07,L15-16,(W) Eugene - Colin R,Eugene,1706.4,1724.6,18.2,Colin R,1760.8,1745.6,-15.1,0.422,0.578
2025-10-14,Poule,(W) Julia T 5-3 Marg,Julia T,1800,1804.8,4.8,Marg,1707.1,1703.5,-3.6,0.631,0.119
2025-10-14,Poule,(W) Jonathan 5-4 Willie,Jonathan,1830.6,1839.9,9.3,Willie,1913.3,1904.0,-9.3,0.383,0.267
2025-10-14,Poule,(W) Caden 5-4 Eugene,Caden,1800,1801.7,1.7,Eugene,1724.6,1723.3,-1.3,0.607,0.043
2025-10-14,Poule,(W) Etienne 5-4 Alonzo,Etienne,1767.1,1771.9,4.8,Alonzo,1758.2,1753.4,-4.8,0.513,0.137
2025-10-14,Poule,(W) Mark M 5-1 Fergus,Mark M,1800,1816.8,16.8,Fergus,1800,1783.2,-16.8,0.5,0.42
2025-10-14,Poule,(W) Tom 5-1 Sammy,Tom,1908.8,1926.7,17.9,Sammy,2036.7,2018.8,-17.9,0.324,0.596
2025-10-14,Poule,(W) Caden 5-4 Jenna,Caden,1801.7,1807.6,5.9,Jenna,1800,1794.1,-5.9,0.502,0.148
2025-10-14,Poule,(W) Alonzo 5-0 Willie,Alonzo,1753.4,1778.1,24.6,Willie,1904.0,1879.4,-24.6,0.296,0.704
2025-10-14,Poule,(W) Charlie 5-4 Sammy,Charlie,1877.9,1888.2,10.3,Sammy,2018.8,2008.6,-10.3,0.308,0.342
2025-10-14,Poule,(W) Vivian 5-3 Jenna,Vivian,1831.7,1837.6,5.9,Jenna,1794.1,1786.3,-7.8,0.554,0.196
2025-10-14,Poule,(W) Willie 5-3 Eugene,Willie,1879.4,1880.7,1.4,Eugene,1723.3,1722.1,-1.2,0.711,0.039
2025-10-14,Poule,(W) Julia T 5-3 Jenna,Julia T,1804.8,1813.7,8.9,Jenna,1786.3,1777.3,-8.9,0.527,0.223
2025-10-14,Poule,(W) Fergus 5-2 Pablo,Fergus,1783.2,1795.2,12.0,Pablo,1748.0,1739.0,-9.0,0.551,0.299
2025-10-14,Poule,(W) Mark M 5-2 Eugene,Mark M,1816.8,1825.5,8.7,Eugene,1722.1,1715.6,-6.5,0.633,0.217
2025-10-14,Poule,(W) Jonathan 5-2 Alonzo,Jonathan,1839.9,1849.1,9.2,Alonzo,1778.1,1768.9,-9.2,0.588,0.262
2025-10-14,Poule,(W) Alonzo 5-2 Caden,Alonzo,1768.9,1783.1,14.2,Caden,1807.6,1791.4,-16.2,0.444,0.406
2025-10-14,Poule,(W) Vivian 5-3 Sammy,Vivian,1837.6,1852.0,14.3,Sammy,2008.6,1994.2,-14.3,0.272,0.478
2025-10-14,Poule,(W) Willie 5-3 Greg,Willie,1880.7,1896.9,16.1,Greg,2037.4,2025.8,-11.5,0.289,0.461
2025-10-14,Poule,(W) Lukas N 5-3 Eugene,Lukas N,1841.4,1843.7,2.3,Eugene,1715.6,1713.3,-2.3,0.674,0.076
2025-10-14,Poule,(W) Tom T 5-3 Vivian,Tom T,1800,1813.0,13.0,Vivian,1852.0,1842.2,-9.7,0.426,0.324
2025-10-14,Poule,(W) Tom T 5-3 Marg,Tom T,1813.0,1816.9,3.9,Marg,1703.5,1700.5,-2.9,0.653,0.097
2025-10-14,Poule,(W) Pablo 5-4 Mark M,Pablo,1739.0,1747.2,8.2,Mark M,1825.5,1814.6,-10.9,0.378,0.272
2025-10-14,Poule,(W) Fergus 5-3 Julia T,Fergus,1795.2,1806.2,11.1,Julia T,1813.7,1802.6,-11.1,0.473,0.277
2025-10-14,Poule,(W) Mark M 5-3 Willie,Mark M,1814.6,1829.3,14.6,Willie,1896.9,1884.1,-12.8,0.384,0.366
2025-10-14,Poule,(W) Greg 5-4 Sammy,Greg,2025.8,2028.5,2.6,Sammy,1994.2,1991.1,-3.1,0.545,0.105
2025-10-14,Poule,(W) Jonathan 5-3 Tom T,Jonathan,1849.1,1856.2,7.1,Tom T,1816.9,1808.7,-8.2,0.546,0.204
2025-10-14,Poule,(W) Charlie 5-3 Lukas N,Charlie,1888.2,1893.8,5.6,Lukas N,1843.7,1838.1,-5.6,0.564,0.186
2025-10-14,Poule,(W) Charlie 5-3 Julia T,Charlie,1893.8,1897.4,3.7,Julia T,1802.6,1797.8,-4.9,0.628,0.122
2025-10-14,Poule,(W) Vivian 5-3 Greg,Vivian,1842.2,1857.1,14.8,Greg,2028.5,2016.1,-12.4,0.255,0.495
2025-10-14,Poule,(W) Lukas N 5-2 Caden,Lukas N,1838.1,1846.6,8.5,Caden,1791.4,1780.1,-11.3,0.567,0.283
2025-10-14,Poule,(W) Lukas N 5-3 Jenna,Lukas N,1846.6,1851.2,4.5,Jenna,1777.3,1771.3,-6.1,0.598,0.152
2025-10-14,Poule,(W) Willie 5-2 Fergus,Willie,1884.1,1892.5,8.4,Fergus,1806.2,1796.7,-9.6,0.61,0.24
2025-10-14,Poule,(W) Lukas N 5-3 Marg,Lukas N,1851.2,1852.5,1.4,Marg,1700.5,1699.2,-1.4,0.704,0.046
2025-10-14,Poule,(W) Eugene 5-2 Jenna,Eugene,1713.3,1726.3,13.0,Jenna,1771.3,1754.0,-17.3,0.417,0.433
2025-10-14,Poule,(W) Charlie 5-1 Willie,Charlie,1897.4,1909.8,12.4,Willie,1892.5,1878.0,-14.4,0.507,0.413
2025-10-14,Poule,(W) Vivian 5-4 Marg,Vivian,1857.1,1855.2,-1.9,Marg,1699.2,1701.1,1.9,0.713,0.063
2025-10-14,Poule,(W) Jonathan 5-4 Sammy,Jonathan,1856.2,1867.9,11.7,Sammy,1991.1,1981.0,-10.0,0.315,0.335
2025-10-14,Poule,(W) Pablo 5-4 Sammy,Pablo,1747.2,1760.5,13.3,Sammy,1981.0,1967.7,-13.3,0.206,0.444
2025-10-14,Poule,(W) Tom T 5-2 Fergus,Tom T,1808.7,1822.0,13.3,Fergus,1796.7,1783.3,-13.3,0.517,0.333
2025-10-14,Poule,(W) Alonzo 5-2 Jenna,Alonzo,1783.1,1793.9,10.8,Jenna,1754.0,1741.6,-12.3,0.542,0.308
2025-10-14,Poule,(W) Sammy 5-3 Willie,Sammy,1967.7,1971.5,3.7,Willie,1878.0,1873.7,-4.3,0.626,0.124
2025-10-14,Poule,(W) Marg 5-4 Pablo,Marg,1701.1,1708.1,7.0,Pablo,1760.5,1753.4,-7.0,0.415,0.235
2025-10-14,Poule,(W) Charlie 5-3 Fergus,Charlie,1909.8,1912.1,2.3,Fergus,1783.3,1780.3,-3.0,0.674,0.076
2025-10-14,Poule,(W) Greg 5-2 Jonathan,Greg,2016.1,2019.8,3.7,Jonathan,1867.9,1862.7,-5.2,0.701,0.149
2025-10-14,Poule,(W) Greg 5-1 Marg,Greg,2019.8,2021.4,1.6,Marg,1708.1,1706.2,-1.9,0.857,0.063
2025-10-14,Poule,(W) Sammy 5-2 Eugene,Sammy,1971.5,1972.8,1.4,Eugene,1726.3,1724.9,-1.4,0.804,0.046
2025-10-14,Poule,(W) Fergus 5-2 Eugene,Fergus,1780.3,1791.2,10.8,Eugene,1724.9,1716.8,-8.1,0.579,0.271
2025-10-14,Poule,(W) Willie 5-3 Pablo,Willie,1873.7,1876.6,2.9,Pablo,1753.4,1750.9,-2.5,0.666,0.084
2025-10-14,Poule,(W) Vivian 5-4 Julia T,Vivian,1855.2,1857.2,2.0,Julia T,1797.8,1795.0,-2.7,0.582,0.068
2025-10-14,Poule,(W) Willie 5-3 Vivian,Willie,1876.6,1884.4,7.8,Vivian,1857.2,1850.6,-6.7,0.528,0.222
2025-10-14,Poule,(W) Caden 5-4 Tom T,Caden,1780.1,1788.5,8.4,Tom T,1822.0,1813.6,-8.4,0.44,0.21
2025-10-14,Poule,(W) Mark M 5-4 Lukas N,Mark M,1829.3,1836.6,7.3,Lukas N,1852.5,1847.0,-5.5,0.467,0.183
2025-10-14,Poule,(W) Sammy 5-3 Caden,Sammy,1972.8,1973.0,0.2,Caden,1788.5,1788.2,-0.3,0.743,0.007
2025-10-14,Poule,(W) Greg 5-3 Etienne,Greg,2021.4,2019.9,-1.4,Etienne,1771.9,1774.0,2.0,0.808,0.058
2025-10-14,Poule,(W) Marg 5-4 Jenna,Marg,1706.2,1712.2,6.0,Jenna,1741.6,1733.6,-8.0,0.449,0.201
2025-10-14,Poule,(W) Charlie 5-1 Mark M,Charlie,1912.1,1921.5,9.4,Mark M,1836.6,1824.1,-12.5,0.607,0.313
2025-10-14,Poule,(W) Greg 5-0 Mark M,Greg,2019.9,2026.0,6.1,Mark M,1824.1,1814.3,-9.8,0.755,0.245
2025-10-14,Poule,(W) Lukas N 5-4 Vivian,Lukas N,1847.0,1851.7,4.7,Vivian,1850.6,1845.9,-4.7,0.495,0.155
2025-10-14,Poule,(W) Lukas N 5-3 Alonzo,Lukas N,1851.7,1855.9,4.2,Alonzo,1793.9,1788.0,-5.9,0.582,0.168
2025-10-14,Poule,(W) Pablo 5-4 Eugene,Pablo,1750.9,1753.9,3.0,Eugene,1716.8,1713.7,-3.0,0.549,0.101
2025-10-14,Poule,(W) Julia T 5-3 Caden,Julia T,1795.0,1804.7,9.6,Caden,1788.2,1778.6,-9.6,0.51,0.24
2025-10-14,Poule,(W) Tom T 5-1 Eugene,Tom T,1813.6,1824.8,11.2,Eugene,1713.7,1705.3,-8.4,0.64,0.28
2025-10-14,Poule,(W) Greg 5-0 Eugene,Greg,2026.0,2029.4,3.4,Eugene,1705.3,1701.2,-4.1,0.864,0.136
2025-10-14,Poule,(W) Jonathan 5-4 Julia T,Jonathan,1862.7,1865.1,2.4,Julia T,1804.7,1802.0,-2.7,0.583,0.067
2025-10-14,Poule,(W) Pablo 5-3 Alonzo,Pablo,1753.9,1762.9,9.0,Alonzo,1788.0,1777.6,-10.5,0.451,0.299
2025-10-14,Poule,(W) Jonathan 5-4 Lukas N,Jonathan,1865.1,1869.9,4.8,Lukas N,1855.9,1852.5,-3.4,0.513,0.137
2025-10-14,Poule,(W) Caden 5-4 Pablo,Caden,1778.6,1783.7,5.1,Pablo,1762.9,1759.1,-3.8,0.523,0.127
2025-10-14,Poule,(W) Greg 5-1 Charlie,Greg,2029.4,2036.2,6.7,Charlie,1921.5,1913.4,-8.1,0.651,0.269
2025-10-14,L1-16,(W) Pablo - Caden,Pablo,1759.1,1782.6,23.5,Caden,1783.7,1752.4,-31.3,0.465,0.535
2025-10-14,L1-16,(W) Jonathan - Alonzo,Jonathan,1869.9,1888.8,18.9,Alonzo,1777.6,1758.6,-18.9,0.63,0.37
2025-10-14,L1-16,(W) Charlie - Sammy,Charlie,1913.4,1939.0,25.7,Sammy,1973.0,1947.4,-25.7,0.415,0.585
2025-10-14,L1-16,(W) Tom T - Fergus,Tom T,1824.8,1851.2,26.4,Fergus,1791.2,1764.7,-26.4,0.548,0.452
2025-10-14,L1-16,(W) Vivian - Julia T,Vivian,1845.9,1865.1,19.2,Julia T,1802.0,1776.4,-25.6,0.563,0.437
2025-10-14,L1-16,(W) Willie - Etienne,Willie,1884.4,1899.6,15.2,Etienne,1774.0,1756.2,-17.7,0.654,0.346
2025-10-14,L1-16,(W) Eugene - Lukas N,Eugene,1701.2,1732.2,30.9,Lukas N,1852.5,1826.7,-25.8,0.295,0.705
2025-10-14,L1-8,(W) Greg - Pablo,Greg,2036.2,2045.4,9.2,Pablo,1782.6,1771.5,-11.0,0.812,0.188
2025-10-14,L1-8,(W) Charlie - Jonathan,Charlie,1939.0,1964.1,25.0,Jonathan,1888.8,1863.8,-25.0,0.572,0.428
2025-10-14,L1-8,(W) Tom T - Vivian,Tom T,1851.2,1891.8,40.5,Vivian,1865.1,1834.7,-30.4,0.48,0.52
2025-10-14,L1-8,(W) Willie - Eugene,Willie,1899.6,1915.7,16.1,Eugene,1732.2,1716.0,-16.1,0.724,0.276
2025-10-14,L9-16,(W) Sammy - Alonzo,Sammy,1947.4,1958.4,11.1,Alonzo,1758.6,1745.7,-12.9,0.748,0.252
2025-10-14,L9-16,(W) Julia T - Fergus,Julia T,1776.4,1804.7,28.3,Fergus,1764.7,1736.5,-28.3,0.517,0.483
2025-10-14,L9-16,(W) Lukas N - Etienne,Lukas N,1826.7,1841.3,14.6,Etienne,1756.2,1735.8,-20.5,0.6,0.4
2025-10-14,L1-4,(W) Charlie - Greg,Charlie,1964.1,2018.0,53.9,Greg,2045.4,2000.4,-44.9,0.385,0.615
2025-10-14,L1-4,(W) Tom T - Willie,Tom T,1891.8,1954.3,62.5,Willie,1915.7,1868.8,-46.9,0.466,0.534
2025-10-14,L5-8,(W) Pablo - Jonathan,Pablo,1771.5,1808.4,36.8,Jonathan,1863.8,1826.9,-36.8,0.37,0.63
2025-10-14,L5-8,(W) Vivian - Eugene,Vivian,1834.7,1854.3,19.6,Eugene,1716.0,1696.4,-19.6,0.664,0.336
2025-10-14,L9-12,(W) Sammy - Caden,Sammy,1958.4,1968.7,10.3,Caden,1752.4,1738.7,-13.7,0.766,0.234
2025-10-14,L9-12,(W) Lukas N - Julia T,Lukas N,1841.3,1857.7,16.4,Julia T,1804.7,1778.5,-26.2,0.553,0.447
2025-10-14,L13-16,(W) Etienne - Fergus,Etienne,1735.8,1758.0,22.2,Fergus,1736.5,1711.1,-25.4,0.499,0.501
2025-10-14,L1-2,(W) Charlie - Tom T,Charlie,2018.0,2065.9,47.9,Tom T,1954.3,1890.5,-63.8,0.591,0.409
2025-10-14,L3-4,(W) Willie - Greg,Willie,1868.8,1908.6,39.8,Greg,2000.4,1967.2,-33.2,0.319,0.681
2025-10-14,L5-6,(W) Vivian - Pablo,Vivian,1854.3,1864.9,10.6,Pablo,1808.4,1795.7,-12.7,0.566,0.434
2025-10-14,L7-8,(W) Eugene - Jonathan,Eugene,1696.4,1716.3,19.9,Jonathan,1826.9,1807.1,-19.9,0.32,0.68
2025-10-14,L9-10,(W) Sammy - Lukas N,Sammy,1968.7,1978.8,10.1,Lukas N,1857.7,1849.3,-8.4,0.655,0.345
2025-10-14,L11-12,(W) Julia T - Caden,Julia T,1778.5,1795.8,17.3,Caden,1738.7,1721.4,-17.3,0.557,0.443
2025-10-14,L13-14,(W) Etienne - Alonzo,Etienne,1758.0,1774.5,16.5,Alonzo,1745.7,1729.2,-16.5,0.518,0.482
2025-10-21,Poule,(W) Eric L 5-3 Colin R,Eric L,1920.4,1920.9,0.5,Colin R,1745.6,1745.2,-0.4,0.732,0.018
2025-10-21,Poule,(W) Willie 5-3 Greg,Willie,1916.6,1926.5,9.9,Greg,1972.2,1964.0,-8.2,0.421,0.329
2025-10-21,Poule,(W) Richard B 5-1 Rakan,Richard B,1789.2,1798.3,9.1,Rakan,1707.3,1695.1,-12.2,0.616,0.304
2025-10-21,Poule,(W) Richard B 5-1 Fergus,Richard B,1798.3,1807.2,8.9,Fergus,1711.1,1699.2,-11.9,0.623,0.297
2025-10-21,Poule,(W) Vivian 5-4 Alix S,Vivian,1864.9,1866.3,1.4,Alix S,1800,1797.7,-2.3,0.592,0.058
2025-10-21,Poule,(W) Greg 5-4 Eric L,Greg,1964.0,1966.2,2.2,Eric L,1920.9,1918.3,-2.6,0.562,0.088
2025-10-21,Poule,(W) Greg 5-3 Will P,Greg,1966.2,1965.3,-0.9,Will P,1739.1,1740.3,1.1,0.787,0.037
2025-10-21,Poule,(W) Greg 5-2 Marg,Greg,1965.3,1966.3,1.0,Marg,1712.2,1711.1,-1.2,0.811,0.039
2025-10-21,Poule,(W) Will P 5-3 Fassel,Will P,1740.3,1750.3,10.1,Fassel,1800,1786.6,-13.4,0.415,0.335
2025-10-21,Poule,(W) Lukas N 5-3 Fassel,Lukas N,1849.3,1853.3,4.0,Fassel,1786.6,1780.2,-6.4,0.589,0.161
2025-10-21,Poule,(W) Vivian 5-2 Fergus,Vivian,1866.3,1869.5,3.2,Fergus,1699.2,1694.1,-5.1,0.724,0.126
2025-10-21,Poule,(W) Steph 5-4 Colin R,Steph,1741.3,1745.9,4.7,Colin R,1745.2,1741.3,-3.9,0.494,0.156
2025-10-21,Poule,(W) Vivian 5-4 Charlie,Vivian,1869.5,1880.3,10.8,Charlie,2090.9,2078.0,-12.9,0.218,0.432
2025-10-21,Poule,(W) Charlie 5-4 Greg,Charlie,2078.0,2077.8,-0.2,Greg,1966.3,1966.4,0.1,0.655,0.005
2025-10-21,Poule,(W) Charlie 5-4 Roeland,Charlie,2077.8,2077.6,-0.2,Roeland,1964.6,1964.9,0.3,0.657,0.007
2025-10-21,Poule,(W) Richard B 5-4 Lukas N,Richard B,1807.2,1813.7,6.5,Lukas N,1853.3,1847.9,-5.4,0.434,0.216
2025-10-21,Poule,(W) Marg 5-2 Vivian,Marg,1711.1,1728.4,17.3,Vivian,1880.3,1865.9,-14.4,0.274,0.576
2025-10-21,Poule,(W) Alex A 5-3 Roeland,Alex A,1990.7,1998.2,7.4,Roeland,1964.9,1957.4,-7.4,0.537,0.213
2025-10-21,Poule,(W) Steph 5-3 Fergus,Steph,1745.9,1751.2,5.3,Fergus,1694.1,1687.1,-7.0,0.574,0.176
2025-10-21,Poule,(W) Willie 5-4 Vincent,Willie,1926.5,1930.2,3.6,Vincent,1906.2,1902.6,-3.6,0.529,0.121
2025-10-21,Poule,(W) Charlie 5-1 Alex A,Charlie,2077.6,2086.8,9.2,Alex A,1998.2,1987.4,-10.8,0.612,0.308
2025-10-21,Poule,(W) Alex A 5-4 Greg,Alex A,1987.4,1991.6,4.2,Greg,1966.4,1963.4,-3.0,0.53,0.12
2025-10-21,Poule,(W) Richard B 5-4 Willie,Richard B,1813.7,1823.0,9.3,Willie,1930.2,1920.8,-9.3,0.338,0.312
2025-10-21,Poule,(W) Alex A 5-3 Anna A,Alex A,1991.6,1992.3,0.6,Anna A,1817.6,1816.8,-0.7,0.731,0.019
2025-10-21,Poule,(W) Vincent 5-2 Marg,Vincent,1902.6,1906.2,3.6,Marg,1728.4,1724.8,-3.6,0.732,0.118
2025-10-21,Poule,(W) Lukas N 5-3 Will P,Lukas N,1847.9,1850.7,2.8,Will P,1750.3,1746.9,-3.4,0.637,0.113
2025-10-21,Poule,(W) Will P 5-4 Rakan,Will P,1746.9,1749.2,2.3,Rakan,1695.1,1692.1,-3.0,0.574,0.076
2025-10-21,Poule,(W) Steph 5-0 Marg,Steph,1751.2,1765.1,13.9,Marg,1724.8,1710.9,-13.9,0.538,0.462
2025-10-21,Poule,(W) Richard B 5-4 Will P,Richard B,1823.0,1824.4,1.4,Will P,1749.2,1747.8,-1.4,0.605,0.045
2025-10-21,Poule,(W) Colin R 5-4 Will P,Colin R,1741.3,1745.3,4.0,Will P,1747.8,1743.1,-4.8,0.491,0.159
2025-10-21,Poule,(W) Vivian 5-4 Eric L,Vivian,1865.9,1871.5,5.6,Eric L,1918.3,1911.5,-6.7,0.425,0.225
2025-10-21,Poule,(W) Colin R 5-3 Richard B,Colin R,1745.3,1754.3,9.0,Richard B,1824.4,1813.5,-10.9,0.388,0.362
2025-10-21,Poule,(W) Anna A 5-4 Marg,Anna A,1816.8,1816.9,0.1,Marg,1710.9,1710.9,-0.1,0.648,0.002
2025-10-21,Poule,(W) Vincent 5-4 Will P,Vincent,1906.2,1904.1,-2.1,Will P,1743.1,1745.1,2.1,0.719,0.069
2025-10-21,Poule,(W) Steph 5-4 Fassel,Steph,1765.1,1770.2,5.2,Fassel,1780.2,1773.3,-6.9,0.478,0.172
2025-10-21,Poule,(W) Eric L 5-3 Alix S,Eric L,1911.5,1914.3,2.8,Alix S,1797.7,1794.0,-3.7,0.658,0.092
2025-10-21,Poule,(W) Roeland 5-3 Alix S,Roeland,1957.4,1958.5,1.1,Alix S,1794.0,1792.8,-1.2,0.719,0.031
2025-10-21,Poule,(W) Willie 5-4 Lukas N,Willie,1920.8,1922.3,1.5,Lukas N,1850.7,1849.4,-1.3,0.6,0.05
2025-10-21,Poule,(W) Eric L 5-1 Richard B,Eric L,1914.3,1922.6,8.4,Richard B,1813.5,1805.2,-8.4,0.641,0.279
2025-10-21,Poule,(W) Miriam 5-4 Colin R,Miriam,1775.5,1780.3,4.8,Colin R,1754.3,1751.3,-3.0,0.53,0.12
2025-10-21,Poule,(W) Roeland 5-4 Fassel,Roeland,1958.5,1955.2,-3.3,Fassel,1773.3,1777.0,3.8,0.744,0.094
2025-10-21,Poule,(W) Colin R 5-3 Lukas N,Colin R,1751.3,1761.0,9.7,Lukas N,1849.4,1839.8,-9.7,0.362,0.388
2025-10-21,Poule,(W) Steph 5-4 Alex A,Steph,1770.2,1783.2,13.0,Alex A,1992.3,1977.1,-15.1,0.218,0.432
2025-10-21,Poule,(W) Alex A 5-4 Will P,Alex A,1977.1,1972.2,-5.0,Will P,1745.1,1749.4,4.3,0.792,0.142
2025-10-21,Poule,(W) Steph 5-3 Richard B,Steph,1783.2,1791.6,8.4,Richard B,1805.2,1796.7,-8.4,0.468,0.282
2025-10-21,Poule,(W) Fassel 5-3 Marg,Fassel,1777.0,1783.3,6.2,Marg,1710.9,1706.2,-4.7,0.594,0.156
2025-10-21,Poule,(W) Lukas N 5-4 Steph,Lukas N,1839.8,1841.8,2.0,Steph,1791.6,1789.2,-2.4,0.569,0.081
2025-10-21,Poule,(W) Willie 5-2 Anna A,Willie,1922.3,1928.4,6.1,Anna A,1816.9,1808.8,-8.1,0.647,0.203
2025-10-21,Poule,(W) Colin R 5-4 Roeland,Colin R,1761.0,1771.1,10.1,Roeland,1955.2,1941.1,-14.1,0.246,0.404
2025-10-21,Poule,(W) Charlie 5-3 Will P,Charlie,2086.8,2083.1,-3.7,Will P,1749.4,1753.1,3.7,0.875,0.125
2025-10-21,Poule,(W) Willie 5-2 Fergus,Willie,1928.4,1929.9,1.5,Fergus,1687.1,1685.1,-2.0,0.8,0.05
2025-10-21,Poule,(W) Fassel 5-3 Rakan,Fassel,1783.3,1788.2,4.9,Rakan,1692.1,1687.2,-4.9,0.628,0.122
2025-10-21,Poule,(W) Alix S 5-4 Rakan,Alix S,1792.8,1792.9,0.1,Rakan,1687.2,1687.1,-0.1,0.647,0.003
2025-10-21,Poule,(W) Alex A 5-2 Colin R,Alex A,1972.2,1974.9,2.7,Colin R,1771.1,1768.9,-2.2,0.761,0.089
2025-10-21,Poule,(W) Vincent 5-4 Anna A,Vincent,1904.1,1904.6,0.5,Anna A,1808.8,1808.1,-0.6,0.634,0.016
2025-10-21,Poule,(W) Lukas N 5-4 Vivian,Lukas N,1841.8,1846.6,4.8,Vivian,1871.5,1866.7,-4.8,0.457,0.193
2025-10-21,Poule,(W) Roeland 5-4 Vivian,Roeland,1941.1,1942.6,1.6,Vivian,1866.7,1865.6,-1.1,0.605,0.045
2025-10-21,Poule,(W) Greg 5-1 Fassel,Greg,1963.4,1968.1,4.7,Fassel,1788.2,1780.7,-7.5,0.733,0.187
2025-10-21,Poule,(W) Alex A 5-2 Marg,Alex A,1974.9,1975.6,0.8,Marg,1706.2,1705.4,-0.8,0.824,0.026
2025-10-21,Poule,(W) Colin R 5-1 Alix S,Colin R,1768.9,1780.3,11.4,Alix S,1792.9,1774.7,-18.2,0.466,0.454
2025-10-21,Poule,(W) Eric L 5-2 Steph,Eric L,1922.6,1927.6,5.0,Steph,1789.2,1784.2,-5.0,0.683,0.167
2025-10-21,Poule,(W) Vivian 5-4 Miriam,Vivian,1865.6,1866.3,0.7,Miriam,1780.3,1779.1,-1.2,0.62,0.03
2025-10-21,Poule,(W) Eric L 5-4 Lukas N,Eric L,1927.6,1928.7,1.1,Lukas N,1846.6,1845.7,-0.9,0.615,0.035
2025-10-21,Poule,(W) Charlie 5-3 Vincent,Charlie,2083.1,2083.5,0.4,Vincent,1904.6,1904.2,-0.4,0.736,0.014
2025-10-21,Poule,(W) Vincent 5-2 Fergus,Vincent,1904.2,1906.3,2.1,Fergus,1685.1,1682.3,-2.8,0.779,0.071
2025-10-21,Poule,(W) Willie 5-3 Alix S,Willie,1929.9,1931.1,1.2,Alix S,1774.7,1773.1,-1.6,0.71,0.04
2025-10-21,Poule,(W) Alex A 5-2 Lukas N,Alex A,1975.6,1980.8,5.1,Lukas N,1845.7,1841.4,-4.3,0.679,0.171
2025-10-21,Poule,(W) Greg 5-3 Richard B,Greg,1968.1,1968.6,0.5,Richard B,1796.7,1796.1,-0.6,0.728,0.022
2025-10-21,Poule,(W) Richard B 5-4 Vincent,Richard B,1796.1,1805.2,9.1,Vincent,1906.3,1897.2,-9.1,0.346,0.304
2025-10-21,Poule,(W) Vincent 5-0 Lukas N,Vincent,1897.2,1909.8,12.6,Lukas N,1841.4,1830.9,-10.5,0.58,0.42
2025-10-21,Poule,(W) Willie 5-4 Alex A,Willie,1931.1,1937.7,6.6,Alex A,1980.8,1974.1,-6.6,0.429,0.221
2025-10-21,Poule,(W) Alex A 5-3 Rakan,Alex A,1974.1,1971.5,-2.7,Rakan,1687.1,1690.7,3.6,0.839,0.089
2025-10-21,Poule,(W) Greg 5-3 Lukas N,Greg,1968.6,1970.2,1.5,Lukas N,1830.9,1829.4,-1.5,0.688,0.062
2025-10-21,Poule,(W) Vincent 5-2 Miriam,Vincent,1909.8,1914.9,5.1,Miriam,1779.1,1772.3,-6.8,0.68,0.17
2025-10-21,Poule,(W) Charlie 5-1 Lukas N,Charlie,2083.5,2086.7,3.2,Lukas N,1829.4,1826.7,-2.7,0.812,0.108
2025-10-21,Poule,(W) Eric L 5-4 Alex A,Eric L,1928.7,1935.0,6.3,Alex A,1971.5,1965.1,-6.3,0.439,0.211
2025-10-21,Poule,(W) Charlie 5-2 Steph,Charlie,2086.7,2086.7,-0.0,Steph,1784.2,1784.2,0.0,0.851,0.001
2025-10-21,Poule,(W) Richard B 5-3 Roeland,Richard B,1805.2,1818.3,13.1,Roeland,1942.6,1927.3,-15.3,0.312,0.438
2025-10-21,Poule,(W) Greg 5-2 Colin R,Greg,1970.2,1972.7,2.5,Colin R,1780.3,1777.7,-2.5,0.749,0.101
2025-10-21,Poule,(W) Eric L 5-4 Rakan,Eric L,1935.0,1930.4,-4.6,Rakan,1690.7,1696.8,6.1,0.803,0.153
2025-10-21,Poule,(W) Greg 5-0 Alix S,Greg,1972.7,1978.7,6.0,Alix S,1773.1,1763.5,-9.6,0.759,0.241
2025-10-21,Poule,(W) Fassel 5-4 Willie,Fassel,1780.7,1795.1,14.5,Willie,1937.7,1926.9,-10.9,0.288,0.362
2025-10-21,Poule,(W) Eric L 5-0 Willie,Eric L,1930.4,1945.3,14.8,Willie,1926.9,1912.0,-14.8,0.505,0.495
2025-10-21,Poule,(W) Will P 5-3 Fergus,Will P,1753.1,1757.6,4.5,Fergus,1682.3,1676.3,-6.0,0.601,0.149
2025-10-21,Poule,(W) Fassel 5-1 Richard B,Fassel,1795.1,1813.3,18.1,Richard B,1818.3,1804.7,-13.6,0.467,0.453
2025-10-21,Poule,(W) Greg 5-0 Rakan,Greg,1978.7,1982.8,4.1,Rakan,1696.8,1690.2,-6.6,0.835,0.165
2025-10-21,Poule,(W) Eric L 5-2 Will P,Eric L,1945.3,1947.9,2.6,Will P,1757.6,1754.5,-3.1,0.747,0.103
2025-10-21,Poule,(W) Colin R 5-3 Rakan,Colin R,1777.7,1780.9,3.2,Rakan,1690.2,1685.2,-5.1,0.623,0.127
2025-10-21,Poule,(W) Roeland 5-4 Anna A,Roeland,1927.3,1926.8,-0.5,Anna A,1808.1,1808.7,0.6,0.665,0.015
2025-10-21,L1-16,(W) Greg - Fergus,Greg,1982.8,1988.3,5.5,Fergus,1676.3,1667.5,-8.8,0.854,0.146
2025-10-21,L1-16,(W) Richard B - Colin R,Richard B,1804.7,1825.7,21.0,Colin R,1780.9,1763.4,-17.5,0.534,0.466
2025-10-21,L1-16,(W) Willie - Lukas N,Willie,1912.0,1929.1,17.1,Lukas N,1826.7,1812.4,-14.2,0.62,0.38
2025-10-21,L1-16,(W) Charlie - Fassel,Charlie,2086.7,2094.4,7.7,Fassel,1813.3,1803.0,-10.3,0.828,0.172
2025-10-21,L1-16,(W) Alex A - Will P,Alex A,1965.1,1975.4,10.3,Will P,1754.5,1744.2,-10.3,0.771,0.229
2025-10-21,L1-16,(W) Roeland - Vincent,Roeland,1926.8,1952.1,25.4,Vincent,1914.9,1893.2,-21.7,0.517,0.483
2025-10-21,L1-16,(W) Vivian - Steph,Vivian,1866.3,1880.7,14.4,Steph,1784.2,1766.9,-17.3,0.616,0.384
2025-10-21,L1-16,(W) Eric L - Rakan,Eric L,1947.9,1954.7,6.8,Rakan,1685.2,1674.3,-10.8,0.819,0.181
2025-10-21,L1-8,(W) Greg - Richard B,Greg,1988.3,2002.4,14.1,Richard B,1825.7,1808.8,-16.9,0.718,0.282
2025-10-21,L1-8,(W) Willie - Charlie,Willie,1929.1,1972.4,43.3,Charlie,2094.4,2051.1,-43.3,0.279,0.721
2025-10-21,L1-8,(W) Roeland - Alex A,Roeland,1952.1,1989.5,37.3,Alex A,1975.4,1943.4,-32.0,0.467,0.533
2025-10-21,L1-8,(W) Eric L - Vivian,Eric L,1954.7,1974.4,19.8,Vivian,1880.7,1861.0,-19.8,0.605,0.395
2025-10-21,L9-16,(W) Colin R - Fergus,Colin R,1763.4,1777.1,13.7,Fergus,1667.5,1645.6,-21.9,0.635,0.365
2025-10-21,L9-16,(W) Fassel - Lukas N,Fassel,1803.0,1833.8,30.8,Lukas N,1812.4,1793.2,-19.3,0.486,0.514
2025-10-21,L9-16,(W) Vincent - Will P,Vincent,1893.2,1906.6,13.4,Will P,1744.2,1730.8,-13.4,0.702,0.298
2025-10-21,L9-16,(W) Rakan - Steph,Rakan,1674.3,1712.1,37.8,Steph,1766.9,1738.6,-28.4,0.37,0.63
2025-10-21,L1-4,(W) Willie - Greg,Willie,1972.4,2021.3,48.9,Greg,2002.4,1961.7,-40.7,0.457,0.543
2025-10-21,L1-4,(W) Eric L - Roeland,Eric L,1974.4,2013.5,39.1,Roeland,1989.5,1934.7,-54.8,0.478,0.522
2025-10-21,L5-8,(W) Richard B - Charlie,Richard B,1808.8,1856.9,48.1,Charlie,2051.1,2003.0,-48.1,0.199,0.801
2025-10-21,L5-8,(W) Alex A - Vivian,Alex A,1943.4,1966.4,23.0,Vivian,1861.0,1841.8,-19.2,0.617,0.383
2025-10-21,L9-12,(W) Fassel - Colin R,Fassel,1833.8,1858.9,25.2,Colin R,1777.1,1761.4,-15.7,0.581,0.419
2025-10-21,L9-12,(W) Rakan - Vincent,Rakan,1712.1,1757.4,45.2,Vincent,1906.6,1872.7,-33.9,0.246,0.754
2025-10-21,L13-16,(W) Lukas N - Fergus,Lukas N,1793.2,1802.9,9.7,Fergus,1645.6,1630.0,-15.6,0.7,0.3
2025-10-21,L1-2,(W) Willie - Eric L,Willie,2021.3,2079.9,58.7,Eric L,2013.5,1964.7,-48.9,0.511,0.489
2025-10-21,L3-4,(W) Roeland - Greg,Roeland,1934.7,1972.4,37.7,Greg,1961.7,1934.7,-26.9,0.461,0.539
2025-10-21,L5-6,(W) Richard B - Alex A,Richard B,1856.9,1876.4,19.6,Alex A,1966.4,1946.9,-19.6,0.347,0.653
2025-10-21,L7-8,(W) Vivian - Charlie,Vivian,1841.8,1859.7,17.9,Charlie,2003.0,1981.5,-21.5,0.283,0.717
2025-10-21,L9-10,(W) Rakan - Fassel,Rakan,1757.4,1779.8,22.5,Fassel,1858.9,1833.3,-25.7,0.358,0.642
2025-10-21,L11-12,(W) Vincent - Colin R,Vincent,1872.7,1883.0,10.4,Colin R,1761.4,1752.8,-8.6,0.655,0.345
2025-10-28,Poule,(W) Steph 5-1 Marg,Steph,1738.6,1749.8,11.2,Marg,1705.4,1694.3,-11.2,0.548,0.372
2025-10-28,Poule,(W) Willie 5-3 Vincent,Willie,2104.9,2104.0,-1.0,Vincent,1883.0,1884.0,1.0,0.782,0.032
2025-10-28,Poule,(W) Vadym 5-2 Alessandro,Vadym,1877.8,1885.0,7.2,Alessandro,1800,1790.4,-9.6,0.61,0.24
2025-10-28,Poule,(W) Steph 5-4 Vincent,Steph,1749.8,1759.8,10.0,Vincent,1884.0,1873.9,-10.0,0.316,0.334
2025-10-28,Poule,(W) Vadym 5-1 Feddy,Vadym,1885.0,1894.0,9.0,Feddy,1800,1788.0,-12.0,0.62,0.3
2025-10-28,Poule,(W) Steph 5-4 Aisling,Steph,1759.8,1762.6,2.8,Aisling,1720.9,1717.6,-3.3,0.556,0.094
2025-10-28,Poule,(W) Greg 5-3 Feddy,Greg,1939.7,1940.8,1.1,Feddy,1788.0,1786.2,-1.8,0.705,0.045
2025-10-28,Poule,(W) Greg 5-4 Adrian,Greg,1940.8,1939.8,-1.1,Adrian,1800,1801.7,1.7,0.692,0.042
2025-10-28,Poule,(W) Richard B 5-4 Feddy,Richard B,1876.4,1877.1,0.7,Feddy,1786.2,1785.3,-0.9,0.627,0.023
2025-10-28,Poule,(W) Alessandro 5-0 Feddy,Alessandro,1790.4,1810.1,19.7,Feddy,1785.3,1765.6,-19.7,0.507,0.493
2025-10-28,Poule,(W) Willie 5-3 Steph,Willie,2104.0,2100.2,-3.8,Steph,1762.6,1766.4,3.8,0.877,0.127
2025-10-28,Poule,(W) Greg 5-2 Fassel,Greg,1939.8,1944.8,5.0,Fassel,1833.3,1825.2,-8.1,0.649,0.201
2025-10-28,Poule,(W) Richard B 5-4 Vincent,Richard B,1877.1,1881.5,4.4,Vincent,1873.9,1869.6,-4.4,0.505,0.145
2025-10-28,Poule,(W) Charlie 5-3 Vincent,Charlie,1981.5,1983.9,2.4,Vincent,1869.6,1866.8,-2.8,0.656,0.094
2025-10-28,Poule,(W) Fassel 5-1 Richard B,Fassel,1825.2,1845.2,20.0,Richard B,1881.5,1866.5,-15.0,0.42,0.5
2025-10-28,Poule,(W) Fassel 5-4 Charlie,Fassel,1845.2,1858.8,13.6,Charlie,1983.9,1975.4,-8.5,0.31,0.34
2025-10-28,Poule,(W) Willie 5-1 Will P,Willie,2100.2,2101.0,0.8,Will P,1730.8,1730.0,-0.8,0.893,0.027
2025-10-28,Poule,(W) Willie 5-3 Adrian,Willie,2101.0,2098.0,-3.0,Adrian,1801.7,1805.6,3.9,0.848,0.098
2025-10-28,Poule,(W) Alessandro 5-1 Miriam,Alessandro,1810.1,1824.7,14.6,Miriam,1772.3,1757.6,-14.6,0.554,0.366
2025-10-28,Poule,(W) Vadym 5-4 Caden,Vadym,1894.0,1891.6,-2.4,Caden,1721.4,1724.6,3.2,0.73,0.08
2025-10-28,Poule,(W) Vadym 5-3 Marg,Vadym,1891.6,1891.4,-0.2,Marg,1694.3,1694.5,0.2,0.757,0.007
2025-10-28,Poule,(W) Charlie 5-2 Caden,Charlie,1975.4,1976.4,1.0,Caden,1724.6,1723.0,-1.6,0.809,0.041
2025-10-28,Poule,(W) Alessandro 5-3 Aisling,Alessandro,1824.7,1828.8,4.0,Aisling,1717.6,1714.1,-3.5,0.65,0.1
2025-10-28,Poule,(W) Greg 5-1 Richard B,Greg,1944.8,1952.5,7.7,Richard B,1866.5,1857.2,-9.3,0.611,0.309
2025-10-28,Poule,(W) Vadym 5-1 Richard B,Vadym,1891.4,1902.5,11.1,Richard B,1857.2,1846.1,-11.1,0.549,0.371
2025-10-28,Poule,(W) Alessandro 5-2 Caden,Alessandro,1828.8,1836.9,8.1,Caden,1723.0,1714.9,-8.1,0.648,0.202
2025-10-28,Poule,(W) Marg 5-4 Miriam,Marg,1694.5,1701.7,7.2,Miriam,1757.6,1748.0,-9.6,0.41,0.24
2025-10-28,Poule,(W) Alessandro 5-3 Will P,Alessandro,1836.9,1840.9,4.0,Will P,1730.0,1727.0,-3.0,0.649,0.101
2025-10-28,Poule,(W) Aisling 5-3 Fassel,Aisling,1714.1,1729.7,15.6,Fassel,1858.8,1840.9,-17.9,0.303,0.447
2025-10-28,Poule,(W) Aisling 5-4 Will P,Aisling,1729.7,1734.8,5.1,Will P,1727.0,1722.6,-4.4,0.504,0.146
2025-10-28,Poule,(W) Greg 5-3 Will P,Greg,1952.5,1951.6,-1.0,Will P,1722.6,1723.8,1.2,0.79,0.04
2025-10-28,Poule,(W) Alessandro 5-1 Adrian,Alessandro,1840.9,1855.7,14.8,Adrian,1805.6,1790.9,-14.8,0.551,0.369
2025-10-28,Poule,(W) Charlie 5-0 Vadym,Charlie,1976.4,1986.3,9.9,Vadym,1902.5,1890.7,-11.9,0.605,0.395
2025-10-28,Poule,(W) Vadym 5-2 Steph,Vadym,1890.7,1896.0,5.4,Steph,1766.4,1761.1,-5.4,0.672,0.178
2025-10-28,Poule,(W) Steph 5-4 Richard B,Steph,1761.1,1769.2,8.1,Richard B,1846.1,1838.0,-8.1,0.38,0.27
2025-10-28,Poule,(W) Will P 5-3 Richard B,Will P,1723.8,1736.0,12.3,Richard B,1838.0,1825.7,-12.3,0.341,0.409
2025-10-28,Poule,(W) Willie 5-1 Miriam,Willie,2098.0,2099.1,1.1,Miriam,1748.0,1746.5,-1.5,0.882,0.038
2025-10-28,Poule,(W) Greg 5-3 Vincent,Greg,1951.6,1954.8,3.3,Vincent,1866.8,1862.8,-3.9,0.62,0.13
2025-10-28,Poule,(W) Charlie 5-3 Greg,Charlie,1986.3,1991.4,5.1,Greg,1954.8,1949.7,-5.1,0.545,0.205
2025-10-28,Poule,(W) Vadym 5-3 Aisling,Vadym,1896.0,1897.0,1.0,Aisling,1734.8,1733.6,-1.2,0.717,0.033
2025-10-28,Poule,(W) Vincent 5-4 Caden,Vincent,1862.8,1861.3,-1.5,Caden,1714.9,1716.9,2.0,0.701,0.051
2025-10-28,Poule,(W) Steph 5-2 Feddy,Steph,1769.2,1779.5,10.3,Feddy,1765.6,1751.8,-13.8,0.505,0.345
2025-10-28,Poule,(W) Feddy 5-4 Marg,Feddy,1751.8,1754.9,3.1,Marg,1701.7,1699.3,-2.4,0.572,0.078
2025-10-28,Poule,(W) Willie 5-3 Aisling,Willie,2099.1,2094.9,-4.2,Aisling,1733.6,1738.6,4.9,0.891,0.141
2025-10-28,Poule,(W) Charlie 5-4 Will P,Charlie,1991.4,1987.4,-4.1,Will P,1736.0,1740.9,4.9,0.813,0.163
2025-10-28,L1-16,(W) Aisling - Richard B,Aisling,1738.6,1767.8,29.2,Richard B,1825.7,1800.7,-25.1,0.377,0.623
2025-10-28,L1-16,(W) Charlie - Feddy,Charlie,1987.4,1994.3,7.0,Feddy,1754.9,1743.8,-11.2,0.792,0.208
2025-10-28,L1-16,(W) Greg - Adrian,Greg,1949.7,1959.3,9.6,Adrian,1790.9,1775.5,-15.4,0.714,0.286
2025-10-28,L1-16,(W) Willie - Caden,Willie,2094.9,2099.0,4.1,Caden,1716.9,1711.5,-5.5,0.898,0.102
2025-10-28,L1-16,(W) Will P - Steph,Will P,1740.9,1763.3,22.4,Steph,1779.5,1757.2,-22.4,0.445,0.555
2025-10-28,L1-16,(W) Fassel - Vincent,Fassel,1840.9,1869.3,28.4,Vincent,1861.3,1840.0,-21.3,0.471,0.529
2025-10-28,L1-8,(W) Vadym - Aisling,Vadym,1897.0,1914.3,17.3,Aisling,1767.8,1747.7,-20.2,0.678,0.322
2025-10-28,L1-8,(W) Charlie - Greg,Charlie,1994.3,2014.4,20.1,Greg,1959.3,1939.2,-20.1,0.55,0.45
2025-10-28,L1-8,(W) Willie - Will P,Willie,2099.0,2105.8,6.8,Will P,1763.3,1756.5,-6.8,0.874,0.126
2025-10-28,L1-8,(W) Fassel - Alessandro,Fassel,1869.3,1903.7,34.4,Alessandro,1855.7,1821.3,-34.4,0.52,0.48
2025-10-28,L9-16,(W) Adrian - Feddy,Adrian,1775.5,1799.9,24.4,Feddy,1743.8,1719.4,-24.4,0.546,0.454
2025-10-28,L9-16,(W) Steph - Caden,Steph,1757.2,1774.7,17.5,Caden,1711.5,1688.1,-23.3,0.565,0.435
2025-10-28,L1-4,(W) Charlie - Vadym,Charlie,2014.4,2038.6,24.1,Vadym,1914.3,1885.4,-29.0,0.64,0.36
2025-10-28,L1-4,(W) Fassel - Willie,Fassel,1903.7,1985.5,81.8,Willie,2105.8,2044.5,-61.3,0.238,0.762
2025-10-28,L5-8,(W) Greg - Aisling,Greg,1939.2,1950.3,11.1,Aisling,1747.7,1732.1,-15.6,0.751,0.249
2025-10-28,L5-8,(W) Alessandro - Will P,Alessandro,1821.3,1850.5,29.2,Will P,1756.5,1734.6,-21.9,0.592,0.408
2025-10-28,L9-12,(W) Adrian - Richard B,Adrian,1799.9,1826.8,26.9,Richard B,1800.7,1780.5,-20.2,0.499,0.501
2025-10-28,L9-12,(W) Vincent - Steph,Vincent,1840.0,1856.4,16.4,Steph,1774.7,1758.3,-16.4,0.593,0.407
2025-10-28,L1-2,(W) Fassel - Charlie,Fassel,1985.5,2057.6,72.1,Charlie,2038.6,1987.1,-51.5,0.424,0.576
2025-10-28,L3-4,(W) Vadym - Willie,Vadym,1885.4,1923.7,38.3,Willie,2044.5,2006.1,-38.3,0.286,0.714
2025-10-28,L5-6,(W) Greg - Alessandro,Greg,1950.3,1958.4,8.1,Alessandro,1850.5,1837.6,-12.9,0.64,0.36
2025-10-28,L7-8,(W) Aisling - Will P,Aisling,1732.1,1747.8,15.8,Will P,1734.6,1721.1,-13.5,0.496,0.504
2025-10-28,L9-10,(W) Adrian - Vincent,Adrian,1826.8,1846.2,19.4,Vincent,1856.4,1841.8,-14.6,0.457,0.543
2025-10-28,L11-12,(W) Steph - Richard B,Steph,1758.3,1772.5,14.3,Richard B,1780.5,1766.2,-14.3,0.468,0.532
2025-10-28,L13-14,(W) Feddy - Caden,Feddy,1719.4,1735.7,16.3,Caden,1688.1,1671.9,-16.3,0.545,0.455
2025-11-04,Poule,(W) Greg 5-1 Fergus,Greg,1958.4,1959.7,1.3,Fergus,1630.0,1628.0,-2.0,0.869,0.051
2025-11-04,Poule,(W) Greg 5-4 Alejo,Greg,1959.7,1967.1,7.4,Alejo,2064.2,2056.8,-7.4,0.354,0.296
2025-11-04,Poule,(W) Will P 5-1 Tom,Will P,1721.1,1741.7,20.6,Tom,1926.7,1906.1,-20.6,0.234,0.686
2025-11-04,Poule,(W) Jonathan 5-1 Miriam,Jonathan,1807.1,1817.1,10.0,Miriam,1746.5,1733.2,-13.4,0.586,0.334
2025-11-04,Poule,(W) Tom 5-2 Alex A,Tom,1906.1,1918.4,12.2,Alex A,1946.9,1934.6,-12.2,0.442,0.408
2025-11-04,Poule,(W) Steph 5-4 Vivian,Steph,1772.5,1780.7,8.2,Vivian,1859.7,1852.9,-6.8,0.377,0.273
2025-11-04,Poule,(W) Will P 5-3 Dan,Will P,1741.7,1751.7,10.0,Dan,1800,1786.7,-13.3,0.417,0.333
2025-11-04,Poule,(W) Alejo 5-2 Jonathan,Alejo,2056.8,2058.1,1.3,Jonathan,1817.1,1815.5,-1.5,0.799,0.051
2025-11-04,Poule,(W) Richard B 5-4 Marg,Richard B,1766.2,1767.9,1.6,Marg,1699.3,1697.7,-1.6,0.595,0.055
2025-11-04,Poule,(W) Fassel 5-2 Richard B,Fassel,2082.6,2082.2,-0.3,Richard B,1767.9,1768.1,0.3,0.86,0.01
2025-11-04,Poule,(W) Alex A 5-3 Jonathan,Alex A,1934.6,1937.2,2.6,Jonathan,1815.5,1813.0,-2.6,0.665,0.085
2025-11-04,Poule,(W) Willie 5-3 Alex A,Willie,2011.1,2015.5,4.4,Alex A,1937.2,1932.8,-4.4,0.605,0.145
2025-11-04,Poule,(W) Greg 5-0 Eugene,Greg,1967.1,1971.8,4.8,Eugene,1716.3,1710.5,-5.7,0.809,0.191
2025-11-04,Poule,(W) Shevy 5-3 Fergus,Shevy,1845.0,1844.2,-0.8,Fergus,1628.0,1628.9,0.9,0.777,0.027
2025-11-04,Poule,(W) Willie 5-4 Miriam,Willie,2015.5,2009.9,-5.6,Miriam,1733.2,1740.6,7.4,0.835,0.185
2025-11-04,Poule,(W) Charlie 5-4 Alejo,Charlie,2002.1,2007.8,5.7,Alejo,2058.1,2052.3,-5.7,0.42,0.23
2025-11-04,Poule,(W) Jonathan 5-0 Eugene,Jonathan,1813.0,1823.7,10.7,Eugene,1710.5,1699.8,-10.7,0.643,0.357
2025-11-04,Poule,(W) Shevy 5-3 Willie,Shevy,1844.2,1858.3,14.2,Willie,2009.9,1995.8,-14.2,0.278,0.472
2025-11-04,Poule,(W) Willie 5-3 Caden,Willie,1995.8,1992.3,-3.5,Caden,1671.9,1676.5,4.6,0.866,0.116
2025-11-04,Poule,(W) Eric L 5-2 Miriam,Eric L,1979.7,1980.9,1.3,Miriam,1740.6,1738.5,-2.1,0.798,0.052
2025-11-04,Poule,(W) Marg 5-4 Vincent,Marg,1697.7,1708.1,10.4,Vincent,1841.8,1831.4,-10.4,0.304,0.346
2025-11-04,Poule,(W) Greg 5-2 Charlie,Greg,1971.8,1981.9,10.0,Charlie,2007.8,1997.8,-10.0,0.448,0.402
2025-11-04,Poule,(W) Martin H 5-4 Alex A,Martin H,1761.9,1773.3,11.3,Alex A,1932.8,1921.5,-11.3,0.272,0.378
2025-11-04,Poule,(W) Alejo 5-3 Shevy,Alejo,2052.3,2052.2,-0.1,Shevy,1858.3,1858.4,0.1,0.753,0.003
2025-11-04,Poule,(W) Jonathan 5-4 Tom,Jonathan,1823.7,1832.2,8.5,Tom,1918.4,1909.9,-8.5,0.367,0.283
2025-11-04,Poule,(W) Martin H 5-3 Fergus,Martin H,1773.3,1774.9,1.6,Fergus,1628.9,1627.1,-1.9,0.697,0.053
2025-11-04,Poule,(W) Eric L 5-3 Alex A,Eric L,1980.9,1985.1,4.1,Alex A,1921.5,1916.5,-5.0,0.585,0.165
2025-11-04,Poule,(W) Eric L 5-1 Marg,Eric L,1985.1,1987.3,2.2,Marg,1708.1,1705.4,-2.7,0.831,0.089
2025-11-04,Poule,(W) Jonathan 5-1 Alonzo,Jonathan,1832.2,1840.5,8.3,Alonzo,1729.2,1719.6,-9.7,0.644,0.276
2025-11-04,Poule,(W) Eric L 5-3 Steph,Eric L,1987.3,1986.9,-0.4,Steph,1780.7,1781.2,0.5,0.767,0.017
2025-11-04,Poule,(W) Fassel 5-4 Vivian,Fassel,2082.2,2077.4,-4.9,Vivian,1852.9,1856.4,3.5,0.789,0.139
2025-11-04,Poule,(W) Willie 5-4 Martin H,Willie,1992.3,1988.5,-3.8,Martin H,1774.9,1778.7,3.8,0.778,0.128
2025-11-04,Poule,(W) Colin R 5-3 Richard B,Colin R,1752.8,1759.6,6.8,Richard B,1768.1,1760.0,-8.2,0.478,0.272
2025-11-04,Poule,(W) Caden 5-1 Martin H,Caden,1676.5,1699.0,22.5,Martin H,1778.7,1761.8,-16.9,0.357,0.563
2025-11-04,Poule,(W) Fassel 5-1 Caden,Fassel,2077.4,2078.1,0.8,Caden,1699.0,1698.2,-0.8,0.898,0.022
2025-11-04,Poule,(W) Fassel 5-1 Willie,Fassel,2078.1,2088.4,10.3,Willie,1988.5,1979.6,-8.8,0.626,0.294
2025-11-04,Poule,(W) Charlie 5-2 Vivian,Charlie,1997.8,2001.7,3.9,Vivian,1856.4,1852.4,-3.9,0.693,0.157
2025-11-04,Poule,(W) Charlie 5-2 Will P,Charlie,2001.7,2002.7,1.0,Will P,1751.7,1750.4,-1.2,0.808,0.042
2025-11-04,Poule,(W) Alejo 5-2 Vivian,Alejo,2052.2,2054.5,2.3,Vivian,1852.4,1850.2,-2.3,0.76,0.09
2025-11-04,Poule,(W) Martin H 5-3 Alejo,Martin H,1761.8,1779.6,17.8,Alejo,2054.5,2039.7,-14.8,0.156,0.594
2025-11-04,Poule,(W) Vivian 5-3 Eric L,Vivian,1850.2,1861.1,10.9,Eric L,1986.9,1975.9,-10.9,0.313,0.437
2025-11-04,Poule,(W) Greg 5-2 Steph,Greg,1981.9,1984.1,2.2,Steph,1781.2,1778.5,-2.7,0.76,0.09
2025-11-04,Poule,(W) Martin H 5-2 Colin R,Martin H,1779.6,1789.3,9.6,Colin R,1759.6,1751.6,-8.0,0.529,0.321
2025-11-04,Poule,(W) Eric L 5-1 Richard B,Eric L,1975.9,1979.5,3.6,Richard B,1760.0,1755.7,-4.3,0.776,0.144
2025-11-04,Poule,(W) Fassel 5-3 Alonzo,Fassel,2088.4,2083.4,-5.0,Alonzo,1719.6,1724.6,5.0,0.893,0.143
2025-11-04,Poule,(W) Alejo 5-3 Fergus,Alejo,2039.7,2035.5,-4.1,Fergus,1627.1,1632.8,5.8,0.915,0.165
2025-11-04,Poule,(W) Will P 5-4 Eugene,Will P,1750.4,1752.7,2.3,Eugene,1699.8,1697.5,-2.3,0.572,0.078
2025-11-04,Poule,(W) Steph 5-3 Marg,Steph,1778.5,1782.9,4.4,Marg,1705.4,1701.0,-4.4,0.604,0.146
2025-11-04,Poule,(W) Richard B 5-3 Eugene,Richard B,1755.7,1760.7,5.0,Eugene,1697.5,1692.5,-5.0,0.583,0.167
2025-11-04,Poule,(W) Alejo 5-4 Alex A,Alejo,2035.5,2035.2,-0.4,Alex A,1916.5,1917.0,0.4,0.665,0.015
2025-11-04,Poule,(W) Alonzo 5-3 Martin H,Alonzo,1724.6,1736.6,12.0,Martin H,1789.3,1779.0,-10.3,0.408,0.342
2025-11-04,Poule,(W) Vincent 5-4 Will P,Vincent,1831.4,1832.6,1.2,Will P,1752.7,1751.6,-1.2,0.611,0.039
2025-11-04,Poule,(W) Shevy 5-4 Tom,Shevy,1858.4,1865.1,6.7,Tom,1909.9,1904.3,-5.6,0.426,0.224
2025-11-04,Poule,(W) Vincent 5-3 Shevy,Vincent,1832.6,1841.5,8.9,Shevy,1865.1,1856.2,-8.9,0.453,0.297
2025-11-04,Poule,(W) Alejo 5-3 Willie,Alejo,2035.2,2039.4,4.3,Willie,1979.6,1974.5,-5.1,0.579,0.171
2025-11-04,Poule,(W) Alejo 5-2 Marg,Alejo,2039.4,2038.8,-0.6,Marg,1701.0,1701.8,0.8,0.875,0.025
2025-11-04,Poule,(W) Eric L 5-2 Fergus,Eric L,1979.5,1978.8,-0.8,Fergus,1632.8,1633.9,1.1,0.88,0.03
2025-11-04,Poule,(W) Dan 5-1 Caden,Dan,1786.7,1798.5,11.8,Caden,1698.2,1687.9,-10.3,0.625,0.295
2025-11-04,Poule,(W) Fassel 5-1 Jonathan,Fassel,2083.4,2087.5,4.1,Jonathan,1840.5,1836.9,-3.5,0.802,0.118
2025-11-04,Poule,(W) Martin H 5-2 Eugene,Martin H,1779.0,1785.8,6.8,Eugene,1692.5,1685.6,-6.8,0.622,0.228
2025-11-04,Poule,(W) Vivian 5-2 Shevy,Vivian,1861.1,1869.7,8.6,Shevy,1856.2,1845.9,-10.3,0.507,0.343
2025-11-04,Poule,(W) Jonathan 5-1 Colin R,Jonathan,1836.9,1845.9,9.0,Colin R,1751.6,1744.1,-7.5,0.62,0.3
2025-11-04,Poule,(W) Alex A 5-3 Will P,Alex A,1917.0,1917.8,0.9,Will P,1751.6,1750.7,-0.9,0.722,0.028
2025-11-04,Poule,(W) Colin R 5-3 Miriam,Colin R,1744.1,1750.1,6.1,Miriam,1738.5,1728.8,-9.7,0.508,0.242
2025-11-04,Poule,(W) Tom 5-4 Marg,Tom,1904.3,1901.5,-2.8,Marg,1701.8,1705.1,3.4,0.762,0.112
2025-11-04,Poule,(W) Eugene 5-4 Tom,Eugene,1685.6,1698.4,12.8,Tom,1901.5,1890.9,-10.7,0.224,0.426
2025-11-04,Poule,(W) Richard B 5-4 Alex A,Richard B,1760.7,1771.5,10.9,Alex A,1917.8,1907.0,-10.9,0.288,0.362
2025-11-04,Poule,(W) Alex A 5-4 Caden,Alex A,1907.0,1903.1,-3.9,Caden,1687.9,1692.4,4.5,0.779,0.129
2025-11-04,Poule,(W) Richard B 5-4 Vincent,Richard B,1771.5,1779.0,7.5,Vincent,1841.5,1834.0,-7.5,0.401,0.249
2025-11-04,Poule,(W) Vincent 5-4 Eric L,Vincent,1834.0,1844.4,10.4,Eric L,1978.8,1970.1,-8.7,0.303,0.347
2025-11-04,Poule,(W) Richard B 5-4 Martin H,Richard B,1779.0,1783.0,4.0,Martin H,1785.8,1781.0,-4.8,0.49,0.16
2025-11-04,Poule,(W) Willie 5-4 Eric L,Willie,1974.5,1978.8,4.3,Eric L,1970.1,1966.5,-3.6,0.506,0.144
2025-11-04,Poule,(W) Charlie 5-2 Tom,Charlie,2002.7,2007.6,4.9,Tom,1890.9,1886.0,-4.9,0.656,0.194
2025-11-04,Poule,(W) Tom 5-3 Vivian,Tom,1886.0,1891.7,5.7,Vivian,1869.7,1864.0,-5.7,0.523,0.227
2025-11-04,Poule,(W) Greg 5-3 Tom,Greg,1984.1,1987.1,3.0,Tom,1891.7,1888.7,-3.0,0.63,0.12
2025-11-04,Poule,(W) Vivian 5-1 Alonzo,Vivian,1864.0,1870.1,6.1,Alonzo,1736.6,1728.0,-8.6,0.676,0.244
2025-11-04,Poule,(W) Fassel 5-3 Martin H,Fassel,2087.5,2083.9,-3.6,Martin H,1781.0,1784.2,3.1,0.854,0.104
2025-11-04,Poule,(W) Greg 5-2 Alonzo,Greg,1987.1,1988.0,0.8,Alonzo,1728.0,1726.8,-1.2,0.816,0.034
2025-11-04,Poule,(W) Charlie 5-2 Caden,Charlie,2007.6,2007.4,-0.2,Caden,1692.4,1692.8,0.3,0.86,0.01
2025-11-04,Poule,(W) Will P 5-3 Richard B,Will P,1750.7,1759.6,8.9,Richard B,1783.0,1775.6,-7.4,0.454,0.296
2025-11-04,Poule,(W) Alex A 5-2 Marg,Alex A,1903.1,1905.9,2.8,Marg,1705.1,1702.4,-2.8,0.758,0.092
2025-11-04,Poule,(W) Greg 5-3 Shevy,Greg,1988.0,1989.4,1.4,Shevy,1845.9,1844.2,-1.7,0.694,0.056
2025-11-04,Poule,(W) Vincent 5-0 Colin R,Vincent,1844.4,1855.5,11.0,Colin R,1750.1,1740.9,-9.2,0.632,0.368
2025-11-04,Poule,(W) Charlie 5-3 Vincent,Charlie,2007.4,2008.5,1.1,Vincent,1855.5,1854.1,-1.3,0.706,0.044
2025-11-04,Poule,(W) Fassel 5-3 Shevy,Fassel,2083.9,2082.2,-1.7,Shevy,1844.2,1845.7,1.5,0.799,0.049
2025-11-04,Poule,(W) Vivian 5-3 Miriam,Vivian,1870.1,1871.6,1.4,Miriam,1728.8,1726.6,-2.3,0.693,0.057
2025-11-04,Poule,(W) Jonathan 5-4 Fergus,Jonathan,1845.9,1842.2,-3.7,Fergus,1633.9,1638.2,4.3,0.772,0.122
2025-11-04,Poule,(W) Alejo 5-3 Tom,Alejo,2038.8,2040.0,1.2,Tom,1888.7,1887.5,-1.2,0.704,0.046
2025-11-04,Poule,(W) Willie 5-2 Alonzo,Willie,1978.8,1980.0,1.2,Alonzo,1726.8,1725.4,-1.4,0.81,0.04
2025-11-04,Poule,(W) Alex A 5-4 Colin R,Alex A,1905.9,1903.7,-2.1,Colin R,1740.9,1742.7,1.8,0.721,0.071
2025-11-04,Poule,(W) Shevy 5-3 Steph,Shevy,1845.7,1850.5,4.8,Steph,1782.9,1778.1,-4.8,0.589,0.161
2025-11-04,Poule,(W) Vincent 5-3 Steph,Vincent,1854.1,1857.7,3.6,Steph,1778.1,1773.8,-4.3,0.608,0.142
2025-11-04,Poule,(W) Colin R 5-3 Eugene,Colin R,1742.7,1747.4,4.7,Eugene,1698.4,1692.8,-5.6,0.563,0.187
2025-11-04,Poule,(W) Fassel 5-1 Eric L,Fassel,2082.2,2091.3,9.1,Eric L,1966.5,1960.0,-6.5,0.661,0.259
2025-11-04,Poule,(W) Tom 5-4 Richard B,Tom,1887.5,1887.4,-0.1,Richard B,1775.6,1775.7,0.1,0.656,0.006
2025-11-04,Poule,(W) Greg 5-3 Caden,Greg,1989.4,1987.0,-2.4,Caden,1692.8,1696.1,3.4,0.846,0.096
2025-11-04,Poule,(W) Charlie 5-4 Shevy,Charlie,2008.5,2006.9,-1.6,Shevy,1850.5,1852.4,1.9,0.713,0.063
2025-11-04,Poule,(W) Alejo 5-3 Colin R,Alejo,2040.0,2037.6,-2.3,Colin R,1747.4,1749.7,2.3,0.843,0.093
2025-11-04,Poule,(W) Will P 5-4 Colin R,Will P,1759.6,1763.7,4.1,Colin R,1749.7,1746.3,-3.4,0.514,0.136
2025-11-04,Poule,(W) Fassel 5-4 Charlie,Fassel,2091.3,2092.4,1.1,Charlie,2006.9,2006.1,-0.8,0.619,0.031
2025-11-04,Poule,(W) Caden 5-4 Eugene,Caden,1696.1,1701.2,5.1,Eugene,1692.8,1688.5,-4.4,0.505,0.145
2025-11-04,L1-32,(W) Steph - Caden,Steph,1773.8,1790.1,16.3,Caden,1701.2,1682.2,-19.0,0.603,0.397
2025-11-04,L1-32,(W) Vivian - Miriam,Vivian,1871.6,1881.9,10.4,Miriam,1726.6,1712.1,-14.5,0.697,0.303
2025-11-04,L1-32,(W) Eugene - Shevy,Eugene,1688.5,1718.0,29.6,Shevy,1852.4,1822.8,-29.6,0.28,0.72
2025-11-04,L1-32,(W) Tom - Alonzo,Tom,1887.4,1897.0,9.7,Alonzo,1725.4,1711.9,-13.5,0.718,0.282
2025-11-04,L1-32,(W) Richard B - Fergus,Richard B,1775.7,1786.4,10.7,Fergus,1638.2,1623.2,-14.9,0.688,0.312
2025-11-04,L1-32,(W) Colin R - Dan,Colin R,1746.3,1766.0,19.7,Dan,1798.5,1767.0,-31.5,0.425,0.575
2025-11-04,L1-16,(W) Fassel - Steph,Fassel,2092.4,2100.9,8.6,Steph,1790.1,1782.8,-7.4,0.851,0.149
2025-11-04,L1-16,(W) Will P - Martin H,Will P,1763.7,1789.8,26.1,Martin H,1784.2,1758.1,-26.1,0.471,0.529
2025-11-04,L1-16,(W) Vivian - Jonathan,Vivian,1881.9,1900.1,18.2,Jonathan,1842.2,1820.4,-21.8,0.557,0.443
2025-11-04,L1-16,(W) Charlie - Eugene,Charlie,2006.1,2012.7,6.6,Eugene,1718.0,1710.2,-7.9,0.84,0.16
2025-11-04,L1-16,(W) Alejo - Tom,Alejo,2037.6,2050.3,12.7,Tom,1897.0,1884.4,-12.7,0.692,0.308
2025-11-04,L1-16,(W) Willie - Richard B,Willie,1980.0,1992.2,12.2,Richard B,1786.4,1776.3,-10.1,0.753,0.247
2025-11-04,L1-16,(W) Alex A - Vincent,Alex A,1903.7,1925.1,21.4,Vincent,1857.7,1839.9,-17.8,0.566,0.434
2025-11-04,L1-16,(W) Greg - Colin R,Greg,1987.0,1995.9,9.0,Colin R,1766.0,1757.0,-9.0,0.781,0.219
2025-11-04,L1-8,(W) Fassel - Will P,Fassel,2100.9,2111.9,11.0,Will P,1789.8,1780.4,-9.4,0.857,0.143
2025-11-04,L1-8,(W) Charlie - Vivian,Charlie,2012.7,2031.5,18.8,Vivian,1900.1,1881.3,-18.8,0.657,0.343
2025-11-04,L1-8,(W) Alejo - Willie,Alejo,2050.3,2073.1,22.9,Willie,1992.2,1964.8,-27.4,0.583,0.417
2025-11-04,L1-8,(W) Greg - Alex A,Greg,1995.9,2017.8,21.9,Alex A,1925.1,1898.9,-26.3,0.601,0.399
2025-11-04,L9-16,(W) Martin H - Steph,Martin H,1758.1,1784.5,26.4,Steph,1782.8,1756.4,-26.4,0.464,0.536
2025-11-04,L9-16,(W) Jonathan - Eugene,Jonathan,1820.4,1837.5,17.1,Eugene,1710.2,1693.1,-17.1,0.654,0.346
2025-11-04,L9-16,(W) Richard B - Tom,Richard B,1776.3,1803.0,26.7,Tom,1884.4,1857.6,-26.7,0.349,0.651
2025-11-04,L9-16,(W) Vincent - Colin R,Vincent,1839.9,1855.6,15.7,Colin R,1757.0,1741.3,-15.7,0.617,0.383
2025-11-04,L17-24,(W) Miriam - Shevy,Miriam,1712.1,1737.1,25.1,Shevy,1822.8,1801.3,-21.5,0.346,0.654
2025-11-04,L17-24,(W) Alonzo - Fergus,Alonzo,1711.9,1724.2,12.3,Fergus,1623.2,1608.9,-14.4,0.625,0.375
2025-11-04,L1-4,(W) Fassel - Charlie,Fassel,2111.9,2156.3,44.4,Charlie,2031.5,1999.8,-31.7,0.614,0.386
2025-11-04,L1-4,(W) Greg - Alejo,Greg,2017.8,2065.4,47.6,Alejo,2073.1,2025.6,-47.6,0.421,0.579
2025-11-04,L5-8,(W) Will P - Vivian,Will P,1780.4,1822.5,42.1,Vivian,1881.3,1846.2,-35.1,0.359,0.641
2025-11-04,L5-8,(W) Alex A - Willie,Alex A,1898.9,1937.9,39.0,Willie,1964.8,1925.8,-39.0,0.406,0.594
2025-11-04,L9-12,(W) Martin H - Jonathan,Martin H,1784.5,1812.8,28.4,Jonathan,1837.5,1809.1,-28.4,0.424,0.576
2025-11-04,L9-12,(W) Vincent - Richard B,Vincent,1855.6,1873.0,17.5,Richard B,1803.0,1785.5,-17.5,0.575,0.425
2025-11-04,L13-16,(W) Eugene - Steph,Eugene,1693.1,1718.3,25.2,Steph,1756.4,1731.2,-25.2,0.41,0.59
2025-11-04,L13-16,(W) Colin R - Tom,Colin R,1741.3,1764.8,23.6,Tom,1857.6,1834.1,-23.6,0.339,0.661
2025-11-04,L17-20,(W) Miriam - Caden,Miriam,1737.1,1753.3,16.2,Caden,1682.2,1666.0,-16.2,0.578,0.422
2025-11-04,L17-20,(W) Dan - Alonzo,Dan,1767.0,1786.2,19.2,Alonzo,1724.2,1709.8,-14.4,0.561,0.439
2025-11-04,L1-2,(W) Greg - Fassel,Greg,2065.4,2134.2,68.8,Fassel,2156.3,2060.0,-96.3,0.372,0.628
2025-11-04,L3-4,(W) Alejo - Charlie,Alejo,2025.6,2050.9,25.4,Charlie,1999.8,1974.4,-25.4,0.537,0.463
2025-11-04,L5-6,(W) Alex A - Will P,Alex A,1937.9,1949.1,11.2,Will P,1822.5,1811.4,-11.2,0.66,0.34
2025-11-04,L7-8,(W) Vivian - Willie,Vivian,1846.2,1863.0,16.8,Willie,1925.8,1905.6,-20.1,0.387,0.613
2025-11-04,L9-10,(W) Martin H - Vincent,Martin H,1812.8,1832.1,19.3,Vincent,1873.0,1857.0,-16.0,0.414,0.586
2025-11-04,L11-12,(W) Richard B - Jonathan,Richard B,1785.5,1800.2,14.6,Jonathan,1809.1,1791.6,-17.5,0.466,0.534
2025-11-04,L13-14,(W) Colin R - Eugene,Colin R,1764.8,1776.7,11.9,Eugene,1718.3,1704.0,-14.2,0.567,0.433
2025-11-04,L15-16,(W) Steph - Tom,Steph,1731.2,1752.3,21.2,Tom,1834.1,1816.5,-17.6,0.356,0.644
2025-11-04,L17-18,(W) Miriam - Dan,Miriam,1753.3,1774.3,21.0,Dan,1786.2,1762.3,-24.0,0.453,0.547
2025-11-04,L19-20,(W) Caden - Alonzo,Caden,1666.0,1687.6,21.6,Alonzo,1709.8,1691.3,-18.5,0.437,0.563
2025-11-04,L21-22,(W) Fergus - Shevy,Fergus,1608.9,1637.7,28.8,Shevy,1801.3,1776.6,-24.7,0.248,0.752
2025-11-10,Poule,(W) Patrick 5-4 Lukas N,Patrick,1800,1806.2,6.2,Lukas N,1802.9,1799.1,-3.9,0.496,0.154
2025-11-10,Poule,(W) Aisling 5-2 Steph,Aisling,1747.8,1760.3,12.5,Steph,1752.3,1741.6,-10.7,0.494,0.356
2025-11-10,Poule,(W) Patrick 5-3 Steph,Patrick,1806.2,1812.5,6.3,Steph,1741.6,1736.9,-4.7,0.592,0.158
2025-11-10,Poule,(W) Patrick 5-1 Alex,Patrick,1812.5,1828.6,16.1,Alex,1800,1783.9,-16.1,0.518,0.402
2025-11-10,Poule,(W) Patrick 5-2 Bowen,Patrick,1828.6,1840.9,12.4,Bowen,1800,1787.6,-12.4,0.541,0.309
2025-11-10,Poule,(W) Roeland 5-4 Bowen,Roeland,1980.4,1976.8,-3.6,Bowen,1787.6,1791.7,4.1,0.752,0.102
2025-11-10,Poule,(W) Steph 5-4 Alex,Steph,1736.9,1743.4,6.5,Alex,1783.9,1775.2,-8.7,0.433,0.217
2025-11-10,Poule,(W) Willie 5-4 Patrick,Willie,1905.6,1907.4,1.7,Patrick,1840.9,1838.6,-2.3,0.592,0.058
2025-11-10,Poule,(W) Fassel 5-1 Charlie,Fassel,2075.0,2085.0,10.0,Charlie,1979.4,1972.3,-7.1,0.634,0.286
2025-11-10,Poule,(W) Roeland 5-3 Charlie,Roeland,1976.8,1985.4,8.5,Charlie,1972.3,1966.2,-6.1,0.507,0.243
2025-11-10,Poule,(W) Fergus 5-3 Alex,Fergus,1637.7,1653.0,15.3,Alex,1775.2,1757.7,-17.5,0.312,0.438
2025-11-10,Poule,(W) Will P 5-4 Alex,Will P,1811.4,1813.6,2.2,Alex,1757.7,1754.8,-2.9,0.577,0.073
2025-11-10,Poule,(W) Richard B 5-4 Roeland,Richard B,1800.2,1810.0,9.8,Roeland,1985.4,1971.6,-13.8,0.256,0.394
2025-11-10,Poule,(W) Fassel 5-2 Fergus,Fassel,2085.0,2082.5,-2.6,Fergus,1653.0,1655.6,2.6,0.923,0.073
2025-11-10,Poule,(W) Willie 5-3 Aisling,Willie,1907.4,1908.9,1.5,Aisling,1760.3,1758.5,-1.8,0.7,0.05
2025-11-10,Poule,(W) Bowen 5-3 Alejo,Bowen,1791.7,1814.7,22.9,Alejo,2058.9,2044.6,-14.3,0.177,0.573
2025-11-10,Poule,(W) Aisling 5-3 Alex,Aisling,1758.5,1767.1,8.6,Alex,1754.8,1745.0,-9.8,0.505,0.245
2025-11-10,Poule,(W) Charlie 5-2 Bowen,Charlie,1966.2,1969.8,3.6,Bowen,1814.7,1808.9,-5.8,0.705,0.145
2025-11-10,Poule,(W) Roeland 5-3 Willie,Roeland,1971.6,1977.2,5.6,Willie,1908.9,1904.1,-4.8,0.589,0.161
2025-11-10,Poule,(W) Tom 5-1 Steph,Tom,1816.5,1824.4,7.9,Steph,1743.4,1733.9,-9.5,0.604,0.316
2025-11-10,Poule,(W) Vivian 5-4 Richard B,Vivian,1863.0,1864.8,1.9,Richard B,1810.0,1808.2,-1.9,0.576,0.074
2025-11-10,Poule,(W) Vivian 5-3 Willie,Vivian,1864.8,1872.5,7.7,Willie,1904.1,1894.9,-9.2,0.444,0.306
2025-11-10,Poule,(W) Alejo 5-3 Charlie,Alejo,2044.6,2048.2,3.6,Charlie,1969.8,1966.2,-3.6,0.606,0.144
2025-11-10,Poule,(W) Alejo 5-4 Aisling,Alejo,2048.2,2043.6,-4.6,Aisling,1767.1,1773.6,6.5,0.835,0.185
2025-11-10,Poule,(W) Richard B 5-4 Will P,Richard B,1808.2,1812.1,3.9,Will P,1813.6,1808.8,-4.7,0.492,0.158
2025-11-10,Poule,(W) Roeland 5-1 Alex,Roeland,1977.2,1981.7,4.5,Alex,1745.0,1739.9,-5.1,0.792,0.128
2025-11-10,Poule,(W) Vivian 5-1 Fergus,Vivian,1872.5,1876.0,3.6,Fergus,1655.6,1650.6,-5.0,0.777,0.143
2025-11-10,Poule,(W) Alejo 5-3 Fergus,Alejo,2043.6,2039.7,-3.9,Fergus,1650.6,1656.0,5.4,0.906,0.156
2025-11-10,Poule,(W) Charlie 5-2 Richard B,Charlie,1966.2,1969.7,3.5,Richard B,1812.1,1808.6,-3.5,0.708,0.142
2025-11-10,Poule,(W) Fassel 5-3 Bowen,Fassel,2082.5,2079.7,-2.7,Bowen,1808.9,1812.0,3.1,0.828,0.078
2025-11-10,Poule,(W) Aisling 5-3 Vivian,Aisling,1773.6,1787.3,13.8,Vivian,1876.0,1866.2,-9.8,0.357,0.393
2025-11-10,Poule,(W) Charlie 5-1 Tom,Charlie,1969.7,1975.3,5.6,Tom,1824.4,1818.8,-5.6,0.698,0.222
2025-11-10,Poule,(W) Tom 5-1 Lukas N,Tom,1818.8,1828.6,9.8,Lukas N,1799.1,1789.3,-9.8,0.528,0.392
2025-11-10,Poule,(W) Fassel 5-3 Will P,Fassel,2079.7,2077.1,-2.7,Will P,1808.8,1811.1,2.3,0.826,0.076
2025-11-10,Poule,(W) Fassel 5-4 Vivian,Fassel,2077.1,2072.8,-4.2,Vivian,1866.2,1869.2,3.0,0.771,0.121
2025-11-10,Poule,(W) Fassel 5-2 Tom,Fassel,2072.8,2074.5,1.6,Tom,1828.6,1827.4,-1.2,0.803,0.047
2025-11-10,Poule,(W) Will P 5-3 Lukas N,Will P,1811.1,1817.7,6.6,Lukas N,1789.3,1783.8,-5.5,0.531,0.219
2025-11-10,Poule,(W) Roeland 5-1 Fergus,Roeland,1981.7,1983.3,1.6,Fergus,1656.0,1654.2,-1.9,0.867,0.053
2025-11-10,Poule,(W) Fassel 5-4 Alejo,Fassel,2074.5,2078.0,3.5,Alejo,2039.7,2037.2,-2.5,0.55,0.1
2025-11-10,Poule,(W) Charlie 5-3 Patrick,Charlie,1975.3,1976.9,1.6,Patrick,1838.6,1836.1,-2.5,0.687,0.063
2025-11-10,Poule,(W) Willie 5-1 Tom,Willie,1894.9,1904.6,9.7,Tom,1827.4,1819.3,-8.1,0.596,0.324
2025-11-10,Poule,(W) Tom 5-0 Richard B,Tom,1819.3,1831.4,12.1,Richard B,1808.6,1796.4,-12.1,0.515,0.485
2025-11-10,Poule,(W) Fassel 5-3 Aisling,Fassel,2078.0,2074.7,-3.2,Aisling,1787.3,1790.5,3.2,0.842,0.092
2025-11-10,Poule,(W) Lukas N 5-4 Richard B,Lukas N,1783.8,1788.0,4.2,Richard B,1796.4,1792.2,-4.2,0.482,0.168
2025-11-10,Poule,(W) Alejo 5-3 Willie,Alejo,2037.2,2038.9,1.7,Willie,1904.6,1902.6,-2.0,0.682,0.068
2025-11-10,Poule,(W) Aisling 5-4 Fergus,Aisling,1790.5,1789.3,-1.3,Fergus,1654.2,1655.5,1.3,0.687,0.037
2025-11-10,Poule,(W) Tom 5-4 Fergus,Tom,1831.4,1829.4,-2.1,Fergus,1655.5,1658.4,2.9,0.734,0.084
2025-11-10,Poule,(W) Tom 5-4 Will P,Tom,1829.4,1832.7,3.3,Will P,1817.7,1813.7,-4.0,0.517,0.133
2025-11-10,Poule,(W) Aisling 5-2 Lukas N,Aisling,1789.3,1801.4,12.2,Lukas N,1788.0,1779.3,-8.7,0.502,0.348
2025-11-10,Poule,(W) Charlie 5-2 Willie,Charlie,1976.9,1983.0,6.1,Willie,1902.6,1895.2,-7.3,0.605,0.245
2025-11-10,Poule,(W) Fassel 5-2 Richard B,Fassel,2074.7,2075.2,0.5,Richard B,1792.2,1791.9,-0.4,0.836,0.014
2025-11-10,Poule,(W) Roeland 5-3 Tom,Roeland,1983.3,1984.7,1.4,Tom,1832.7,1831.5,-1.1,0.704,0.046
2025-11-10,Poule,(W) Fassel 5-4 Patrick,Fassel,2075.2,2070.1,-5.2,Patrick,1836.1,1842.0,5.9,0.798,0.148
2025-11-10,Poule,(W) Lukas N 5-2 Fergus,Lukas N,1779.3,1783.9,4.6,Fergus,1658.4,1652.0,-6.4,0.667,0.183
2025-11-10,Poule,(W) Alejo 5-4 Will P,Alejo,2038.9,2035.5,-3.4,Will P,1813.7,1817.7,4.1,0.785,0.135
2025-11-10,L1-32,(W) Alex - Duncan,Alex,1739.9,1766.1,26.2,Duncan,1800,1773.8,-26.2,0.414,0.586
2025-11-10,L1-16,(W) Fassel - Alex,Fassel,2070.1,2077.0,7.0,Alex,1766.1,1758.1,-7.9,0.852,0.148
2025-11-10,L1-16,(W) Willie - Vivian,Willie,1895.2,1913.8,18.6,Vivian,1869.2,1853.7,-15.5,0.537,0.463
2025-11-10,L1-16,(W) Richard B - Alejo,Richard B,1791.9,1818.8,26.9,Alejo,2035.5,2008.6,-26.9,0.197,0.803
2025-11-10,L1-16,(W) Aisling - Bowen,Aisling,1801.4,1825.6,24.2,Bowen,1812.0,1784.4,-27.6,0.485,0.515
2025-11-10,L1-16,(W) Charlie - Steph,Charlie,1983.0,1989.4,6.5,Steph,1733.9,1726.2,-7.7,0.807,0.193
2025-11-10,L1-16,(W) Tom - Lukas N,Tom,1831.5,1846.0,14.5,Lukas N,1783.9,1769.4,-14.5,0.568,0.432
2025-11-10,L1-16,(W) Patrick - Will P,Patrick,1842.0,1867.0,25.0,Will P,1817.7,1799.0,-18.7,0.535,0.465
2025-11-10,L1-16,(W) Roeland - Fergus,Roeland,1984.7,1989.8,5.2,Fergus,1652.0,1646.0,-6.0,0.872,0.128
2025-11-10,L1-8,(W) Fassel - Willie,Fassel,2077.0,2094.6,17.6,Willie,1913.8,1898.8,-15.1,0.719,0.281
2025-11-10,L1-8,(W) Richard B - Aisling,Richard B,1818.8,1841.6,22.8,Aisling,1825.6,1793.7,-31.9,0.49,0.51
2025-11-10,L1-8,(W) Tom - Charlie,Tom,1846.0,1877.1,31.1,Charlie,1989.4,1958.3,-31.1,0.305,0.695
2025-11-10,L1-8,(W) Patrick - Roeland,Patrick,1867.0,1914.9,47.9,Roeland,1989.8,1953.9,-35.9,0.33,0.67
2025-11-10,L9-16,(W) Vivian - Alex,Vivian,1853.7,1866.0,12.3,Alex,1758.1,1738.5,-19.6,0.634,0.366
2025-11-10,L9-16,(W) Alejo - Bowen,Alejo,2008.6,2015.8,7.2,Bowen,1784.4,1772.8,-11.6,0.784,0.216
2025-11-10,L9-16,(W) Steph - Lukas N,Steph,1726.2,1748.8,22.6,Lukas N,1769.4,1750.5,-18.8,0.438,0.562
2025-11-10,L9-16,(W) Fergus - Will P,Fergus,1646.0,1679.2,33.2,Will P,1799.0,1770.6,-28.5,0.293,0.707
2025-11-10,L1-4,(W) Fassel - Richard B,Fassel,2094.6,2112.4,17.8,Richard B,1841.6,1828.9,-12.7,0.811,0.189
2025-11-10,L1-4,(W) Tom - Patrick,Tom,1877.1,1914.3,37.2,Patrick,1914.9,1855.4,-59.5,0.446,0.554
2025-11-10,L5-8,(W) Willie - Aisling,Willie,1898.8,1917.7,19.0,Aisling,1793.7,1771.6,-22.1,0.647,0.353
2025-11-10,L5-8,(W) Roeland - Charlie,Roeland,1953.9,1981.1,27.2,Charlie,1958.3,1935.7,-22.6,0.494,0.506
2025-11-10,L9-12,(W) Alejo - Vivian,Alejo,2015.8,2025.8,10.0,Vivian,1866.0,1856.0,-10.0,0.703,0.297
2025-11-10,L9-12,(W) Steph - Fergus,Steph,1748.8,1764.9,16.1,Fergus,1679.2,1660.3,-18.8,0.599,0.401
2025-11-10,L13-16,(W) Lukas N - Will P,Lukas N,1750.5,1765.9,15.4,Will P,1770.6,1752.1,-18.4,0.471,0.529
2025-11-18,Poule,(W) Greg 5-0 Matilda,Greg,2159.2,2162.0,2.8,Matilda,1800,1795.5,-4.5,0.888,0.112
2025-11-18,Poule,(W) Charlie 5-3 Anna A,Charlie,1935.7,1937.6,1.9,Anna A,1808.7,1805.7,-3.0,0.675,0.075
2025-11-18,Poule,(W) Colin R 5-4 Shevy,Colin R,1776.7,1780.4,3.7,Shevy,1776.6,1772.1,-4.5,0.5,0.15
2025-11-18,Poule,(W) Richard B 5-1 Matilda,Richard B,1828.9,1838.2,9.3,Matilda,1795.5,1780.6,-14.9,0.548,0.372
2025-11-18,Poule,(W) Will P 5-3 Alejo,Will P,1752.1,1769.5,17.4,Alejo,2025.8,2011.3,-14.5,0.171,0.579
2025-11-18,Poule,(W) Vivian 5-3 Richard B,Vivian,1856.0,1861.6,5.6,Richard B,1838.2,1832.6,-5.6,0.526,0.224
2025-11-18,Poule,(W) Greg 5-0 Adrian,Greg,2162.0,2165.5,3.5,Adrian,1846.2,1840.6,-5.6,0.86,0.14
2025-11-18,Poule,(W) Anna A 5-1 Colin R,Anna A,1805.7,1821.1,15.3,Colin R,1780.4,1770.8,-9.6,0.536,0.384
2025-11-18,Poule,(W) Garen 5-4 Charlie,Garen,2255.8,2248.4,-7.4,Charlie,1937.6,1942.9,5.3,0.862,0.212
2025-11-18,Poule,(W) Adrian 5-2 Caden,Adrian,1840.6,1846.3,5.7,Caden,1687.6,1682.6,-5.0,0.707,0.143
2025-11-18,Poule,(W) Shevy 5-4 Vivian,Shevy,1772.1,1780.4,8.3,Vivian,1861.6,1854.7,-6.9,0.374,0.276
2025-11-18,Poule,(W) Joshua 5-2 Matilda,Joshua,1783.0,1795.1,12.1,Matilda,1780.6,1766.8,-13.9,0.503,0.347
2025-11-18,Poule,(W) Jonathan 5-4 Caden,Jonathan,1791.6,1791.5,-0.1,Caden,1682.6,1682.7,0.1,0.652,0.002
2025-11-18,Poule,(W) Shevy 5-2 Adrian,Shevy,1780.4,1793.7,13.3,Adrian,1846.3,1828.6,-17.7,0.406,0.444
2025-11-18,Poule,(W) Roeland 5-2 Eugene,Roeland,1981.1,1981.6,0.6,Eugene,1704.0,1703.5,-0.6,0.831,0.019
2025-11-18,Poule,(W) Adrian 5-1 Roeland,Adrian,1828.6,1853.7,25.1,Roeland,1981.6,1962.8,-18.8,0.293,0.627
2025-11-18,Poule,(W) Lukas N 5-2 Joshua,Lukas N,1765.9,1775.7,9.8,Joshua,1795.1,1781.4,-13.7,0.458,0.392
2025-11-18,Poule,(W) Jonathan 5-4 Adrian,Jonathan,1791.5,1798.7,7.2,Adrian,1853.7,1844.1,-9.5,0.411,0.239
2025-11-18,Poule,(W) Colin R 5-3 Alejo,Colin R,1770.8,1784.6,13.7,Alejo,2011.3,1997.6,-13.7,0.2,0.55
2025-11-18,Poule,(W) Jonathan 5-2 Eugene,Jonathan,1798.7,1805.1,6.5,Eugene,1703.5,1697.0,-6.5,0.634,0.216
2025-11-18,Poule,(W) Lukas N 5-3 Eugene,Lukas N,1775.7,1779.2,3.5,Eugene,1697.0,1692.8,-4.2,0.611,0.139
2025-11-18,Poule,(W) Will P 5-4 Lukas N,Will P,1769.5,1774.4,4.9,Lukas N,1779.2,1775.1,-4.1,0.486,0.164
2025-11-18,Poule,(W) Fergus 5-0 Matilda,Fergus,1660.3,1683.0,22.7,Matilda,1766.8,1740.8,-25.9,0.351,0.649
2025-11-18,Poule,(W) Steph 5-4 Adrian,Steph,1764.9,1772.8,7.9,Adrian,1844.1,1833.6,-10.5,0.388,0.262
2025-11-18,Poule,(W) Richard B 5-2 Colin R,Richard B,1832.6,1839.6,7.0,Colin R,1784.6,1777.5,-7.0,0.569,0.281
2025-11-18,Poule,(W) Caden 5-4 Fergus,Caden,1682.7,1687.9,5.3,Fergus,1683.0,1677.8,-5.3,0.499,0.151
2025-11-18,Poule,(W) Anna A 5-3 Adrian,Anna A,1821.1,1831.8,10.7,Adrian,1833.6,1822.9,-10.7,0.482,0.268
2025-11-18,Poule,(W) Vivian 5-1 Marg,Vivian,1854.7,1860.1,5.3,Marg,1702.4,1696.0,-6.4,0.706,0.214
2025-11-18,Poule,(W) Colin R 5-4 Vivian,Colin R,1777.5,1784.2,6.7,Vivian,1860.1,1853.4,-6.7,0.383,0.267
2025-11-18,Poule,(W) Roeland 5-4 Will P,Roeland,1962.8,1959.9,-2.9,Will P,1774.4,1777.3,2.9,0.747,0.097
2025-11-18,Poule,(W) Garen 5-3 Colin R,Garen,2248.4,2241.9,-6.5,Colin R,1784.2,1788.8,4.6,0.935,0.185
2025-11-18,Poule,(W) Caden 5-2 Joshua,Caden,1687.9,1704.8,16.8,Joshua,1781.4,1764.6,-16.8,0.369,0.481
2025-11-18,Poule,(W) Greg 5-2 Colin R,Greg,2165.5,2164.3,-1.2,Colin R,1788.8,1790.0,1.2,0.897,0.047
2025-11-18,Poule,(W) Marg 5-3 Shevy,Marg,1696.0,1707.6,11.6,Shevy,1793.7,1782.1,-11.6,0.363,0.387
2025-11-18,Poule,(W) Jonathan 5-1 Joshua,Jonathan,1805.1,1816.0,10.9,Joshua,1764.6,1751.9,-12.7,0.558,0.362
2025-11-18,Poule,(W) Matilda 5-3 Colin R,Matilda,1740.8,1753.6,12.8,Colin R,1790.0,1782.0,-8.0,0.43,0.32
2025-11-18,Poule,(W) Roeland 5-3 Richard B,Roeland,1959.9,1962.4,2.5,Richard B,1839.6,1837.6,-2.1,0.666,0.084
2025-11-18,Poule,(W) Roeland 5-1 Joshua,Roeland,1962.4,1966.9,4.5,Joshua,1751.9,1746.7,-5.2,0.771,0.149
2025-11-18,Poule,(W) Alejo 5-4 Joshua,Alejo,1997.6,1993.6,-4.0,Joshua,1746.7,1752.2,5.6,0.809,0.159
2025-11-18,Poule,(W) Charlie 5-2 Alejo,Charlie,1942.9,1953.4,10.6,Alejo,1993.6,1983.0,-10.6,0.428,0.422
2025-11-18,Poule,(W) Colin R 5-2 Eugene,Colin R,1782.0,1787.6,5.6,Eugene,1692.8,1686.1,-6.7,0.626,0.224
2025-11-18,Poule,(W) Alejo 5-3 Jonathan,Alejo,1983.0,1983.7,0.7,Jonathan,1816.0,1815.2,-0.8,0.723,0.027
2025-11-18,Poule,(W) Anna A 5-1 Marg,Anna A,1831.8,1841.7,9.9,Marg,1707.6,1700.1,-7.5,0.672,0.248
2025-11-18,Poule,(W) Steph 5-2 Eugene,Steph,1772.8,1779.6,6.8,Eugene,1686.1,1679.3,-6.8,0.622,0.228
2025-11-18,Poule,(W) Lukas N 5-4 Shevy,Lukas N,1775.1,1779.1,4.0,Shevy,1782.1,1777.3,-4.8,0.49,0.16
2025-11-18,Poule,(W) Greg 5-3 Caden,Greg,2164.3,2159.7,-4.6,Caden,1704.8,1711.2,6.4,0.934,0.184
2025-11-18,Poule,(W) Richard B 5-1 Joshua,Richard B,1837.6,1845.0,7.5,Joshua,1752.2,1741.7,-10.5,0.62,0.3
2025-11-18,Poule,(W) Jonathan 5-2 Fergus,Jonathan,1815.2,1820.1,4.9,Fergus,1677.8,1672.1,-5.7,0.688,0.162
2025-11-18,Poule,(W) Roeland 5-4 Caden,Roeland,1966.9,1962.0,-4.9,Caden,1711.2,1716.9,5.7,0.813,0.163
2025-11-18,Poule,(W) Charlie 5-2 Caden,Charlie,1953.4,1954.8,1.4,Caden,1716.9,1715.0,-1.9,0.796,0.054
2025-11-18,Poule,(W) Lukas N 5-2 Vivian,Lukas N,1779.1,1790.5,11.4,Vivian,1853.4,1842.0,-11.4,0.395,0.455
2025-11-18,Poule,(W) Jonathan 5-0 Greg,Jonathan,1820.1,1846.3,26.3,Greg,2159.7,2137.8,-21.9,0.124,0.876
2025-11-18,Poule,(W) Richard B 5-1 Greg,Richard B,1845.0,1864.1,19.1,Greg,2137.8,2118.7,-19.1,0.156,0.764
2025-11-18,Poule,(W) Greg 5-3 Charlie,Greg,2118.7,2119.5,0.8,Charlie,1954.8,1954.0,-0.8,0.72,0.03
2025-11-18,Poule,(W) Roeland 5-1 Fergus,Roeland,1962.0,1964.3,2.4,Fergus,1672.1,1669.3,-2.8,0.841,0.079
2025-11-18,Poule,(W) Will P 5-4 Vivian,Will P,1777.3,1784.6,7.3,Vivian,1842.0,1836.0,-6.1,0.408,0.242
2025-11-18,Poule,(W) Eugene 5-4 Will P,Eugene,1679.3,1688.2,8.9,Will P,1784.6,1775.7,-8.9,0.353,0.297
2025-11-18,Poule,(W) Vivian 5-4 Garen,Vivian,1836.0,1850.0,14.0,Garen,2241.9,2222.3,-19.7,0.088,0.562
2025-11-18,Poule,(W) Greg 5-4 Roeland,Greg,2119.5,2118.0,-1.5,Roeland,1964.3,1966.1,1.8,0.71,0.06
2025-11-18,Poule,(W) Charlie 5-3 Joshua,Charlie,1954.0,1953.5,-0.6,Joshua,1741.7,1742.4,0.7,0.772,0.022
2025-11-18,Poule,(W) Colin R 5-3 Steph,Colin R,1787.6,1793.6,6.0,Steph,1779.6,1772.5,-7.2,0.512,0.238
2025-11-18,Poule,(W) Greg 5-3 Joshua,Greg,2118.0,2114.3,-3.7,Joshua,1742.4,1746.8,4.4,0.897,0.147
2025-11-18,Poule,(W) Lukas N 5-3 Richard B,Lukas N,1790.5,1799.3,8.9,Richard B,1864.1,1855.3,-8.9,0.396,0.354
2025-11-18,Poule,(W) Roeland 5-1 Alejo,Roeland,1966.1,1979.5,13.4,Alejo,1983.7,1972.6,-11.1,0.475,0.445
2025-11-18,Poule,(W) Shevy 5-3 Roeland,Shevy,1777.3,1792.7,15.4,Roeland,1979.5,1964.1,-15.4,0.238,0.512
2025-11-18,Poule,(W) Lukas N 5-4 Colin R,Lukas N,1799.3,1802.9,3.5,Colin R,1793.6,1790.0,-3.5,0.508,0.142
2025-11-18,Poule,(W) Alejo 5-3 Garen,Alejo,1972.6,1986.5,14.0,Garen,2222.3,2202.7,-19.5,0.192,0.558
2025-11-18,Poule,(W) Anna A 5-1 Lukas N,Anna A,1841.7,1856.3,14.6,Lukas N,1802.9,1793.8,-9.1,0.556,0.364
2025-11-18,Poule,(W) Vivian 5-2 Adrian,Vivian,1850.0,1857.8,7.8,Adrian,1822.9,1810.5,-12.4,0.539,0.311
2025-11-18,Poule,(W) Greg 5-4 Marg,Greg,2114.3,2107.7,-6.6,Marg,1700.1,1708.1,8.0,0.916,0.266
2025-11-18,Poule,(W) Will P 5-4 Matilda,Will P,1775.7,1779.2,3.6,Matilda,1753.6,1748.9,-4.7,0.532,0.118
2025-11-18,Poule,(W) Greg 5-3 Vivian,Greg,2107.7,2106.2,-1.5,Vivian,1857.8,1859.3,1.5,0.808,0.058
2025-11-18,Poule,(W) Anna A 5-4 Joshua,Anna A,1856.3,1856.2,-0.1,Joshua,1746.8,1746.9,0.1,0.653,0.003
2025-11-18,Poule,(W) Lukas N 5-4 Steph,Lukas N,1793.8,1796.8,3.0,Steph,1772.5,1768.9,-3.6,0.531,0.119
2025-11-18,Poule,(W) Alejo 5-4 Eugene,Alejo,1986.5,1981.6,-4.9,Eugene,1688.2,1694.1,5.9,0.848,0.198
2025-11-18,Poule,(W) Alejo 5-2 Lukas N,Alejo,1981.6,1984.2,2.7,Lukas N,1796.8,1794.1,-2.7,0.743,0.107
2025-11-18,Poule,(W) Vivian 5-2 Roeland,Vivian,1859.3,1871.7,12.4,Roeland,1964.1,1949.2,-14.9,0.354,0.496
2025-11-18,Poule,(W) Richard B 5-4 Jonathan,Richard B,1855.3,1858.7,3.4,Jonathan,1846.3,1842.2,-4.1,0.513,0.137
2025-11-18,Poule,(W) Charlie 5-0 Steph,Charlie,1953.5,1959.9,6.4,Steph,1768.9,1761.2,-7.7,0.743,0.257
2025-11-18,Poule,(W) Shevy 5-3 Eugene,Shevy,1792.7,1796.0,3.4,Eugene,1694.1,1690.8,-3.4,0.638,0.112
2025-11-18,Poule,(W) Alejo 5-3 Marg,Alejo,1984.2,1982.2,-2.0,Marg,1708.1,1710.5,2.4,0.831,0.081
2025-11-18,Poule,(W) Marg 5-3 Matilda,Marg,1710.5,1719.6,9.2,Matilda,1748.9,1736.7,-12.2,0.445,0.305
2025-11-18,Poule,(W) Eugene 5-3 Joshua,Eugene,1690.8,1700.7,9.9,Joshua,1746.9,1737.0,-9.9,0.42,0.33
2025-11-18,Poule,(W) Caden 5-4 Steph,Caden,1715.0,1722.6,7.6,Steph,1761.2,1754.7,-6.5,0.434,0.216
2025-11-18,Poule,(W) Charlie 5-3 Adrian,Charlie,1959.9,1961.1,1.2,Adrian,1810.5,1808.6,-1.9,0.703,0.047
2025-11-18,Poule,(W) Anna A 5-3 Will P,Anna A,1856.2,1861.9,5.6,Will P,1779.2,1775.7,-3.5,0.609,0.141
2025-11-18,Poule,(W) Steph 5-3 Greg,Steph,1754.7,1773.7,19.0,Greg,2106.2,2090.4,-15.8,0.117,0.633
2025-11-18,L1-32,(W) Eugene - Adrian,Eugene,1700.7,1725.7,25.0,Adrian,1808.6,1775.3,-33.3,0.35,0.65
2025-11-18,L1-32,(W) Steph - Joshua,Steph,1773.7,1790.9,17.2,Joshua,1737.0,1719.8,-17.2,0.553,0.447
2025-11-18,L1-32,(W) Caden - Matilda,Caden,1722.6,1745.9,23.3,Matilda,1736.7,1710.0,-26.7,0.48,0.52
2025-11-18,L1-32,(W) Garen - Fergus,Garen,2202.7,2204.7,2.0,Fergus,1669.3,1667.4,-2.0,0.956,0.044
2025-11-18,L1-16,(W) Greg - Eugene,Greg,2090.4,2094.6,4.2,Eugene,1725.7,1720.6,-5.0,0.891,0.109
2025-11-18,L1-16,(W) Vivian - Richard B,Vivian,1871.7,1890.2,18.5,Richard B,1858.7,1840.2,-18.5,0.519,0.481
2025-11-18,L1-16,(W) Charlie - Will P,Charlie,1961.1,1970.9,9.8,Will P,1775.7,1765.9,-9.8,0.744,0.256
2025-11-18,L1-16,(W) Steph - Anna A,Steph,1790.9,1814.0,23.1,Anna A,1861.9,1829.5,-32.3,0.399,0.601
2025-11-18,L1-16,(W) Lukas N - Caden,Lukas N,1794.1,1810.7,16.6,Caden,1745.9,1722.7,-23.2,0.569,0.431
2025-11-18,L1-16,(W) Jonathan - Shevy,Jonathan,1842.2,1862.2,20.0,Shevy,1796.0,1776.0,-20.0,0.566,0.434
2025-11-18,L1-16,(W) Colin R - Alejo,Colin R,1790.0,1818.9,28.9,Alejo,1982.2,1953.3,-28.9,0.249,0.751
2025-11-18,L1-16,(W) Roeland - Garen,Roeland,1949.2,1986.7,37.5,Garen,2204.7,2161.0,-43.7,0.187,0.813
2025-11-18,L1-8,(W) Vivian - Greg,Vivian,1890.2,1929.3,39.2,Greg,2094.6,2055.4,-39.2,0.236,0.764
2025-11-18,L1-8,(W) Charlie - Steph,Charlie,1970.9,1985.7,14.8,Steph,1814.0,1799.2,-14.8,0.712,0.288
2025-11-18,L1-8,(W) Lukas N - Jonathan,Lukas N,1810.7,1840.0,29.4,Jonathan,1862.2,1827.0,-35.3,0.426,0.574
2025-11-18,L1-8,(W) Roeland - Colin R,Roeland,1986.7,2003.7,17.0,Colin R,1818.9,1804.8,-14.1,0.724,0.276
2025-11-18,L9-16,(W) Richard B - Eugene,Richard B,1840.2,1853.1,12.8,Eugene,1720.6,1705.2,-15.4,0.666,0.334
2025-11-18,L9-16,(W) Will P - Anna A,Will P,1765.9,1788.6,22.7,Anna A,1829.5,1797.8,-31.8,0.409,0.591
2025-11-18,L9-16,(W) Caden - Shevy,Caden,1722.7,1753.7,31.0,Shevy,1776.0,1749.5,-26.6,0.424,0.576
2025-11-18,L9-16,(W) Alejo - Garen,Alejo,1953.3,1982.8,29.5,Garen,2161.0,2119.7,-41.3,0.232,0.768
2025-11-18,L1-4,(W) Vivian - Charlie,Vivian,1929.3,1973.9,44.6,Charlie,1985.7,1941.1,-44.6,0.42,0.58
2025-11-18,L1-4,(W) Roeland - Lukas N,Roeland,2003.7,2029.5,25.9,Lukas N,1840.0,1818.5,-21.6,0.719,0.281
2025-11-18,L5-8,(W) Steph - Greg,Steph,1799.2,1840.9,41.7,Greg,2055.4,2013.7,-41.7,0.186,0.814
2025-11-18,L5-8,(W) Colin R - Jonathan,Colin R,1804.8,1832.0,27.2,Jonathan,1827.0,1794.3,-32.7,0.468,0.532
2025-11-18,L9-12,(W) Will P - Richard B,Will P,1788.6,1811.3,22.7,Richard B,1853.1,1830.3,-22.7,0.408,0.592
2025-11-18,L9-12,(W) Caden - Alejo,Caden,1753.7,1796.2,42.4,Alejo,1982.8,1952.5,-30.3,0.211,0.789
2025-11-18,L13-16,(W) Eugene - Anna A,Eugene,1705.2,1730.4,25.2,Anna A,1797.8,1768.4,-29.4,0.37,0.63
2025-11-18,L13-16,(W) Shevy - Garen,Shevy,1749.5,1785.2,35.7,Garen,2119.7,2078.0,-41.7,0.106,0.894
2025-11-18,L17-20,(W) Adrian - Joshua,Adrian,1775.3,1792.5,17.3,Joshua,1719.8,1706.9,-12.9,0.579,0.421
2025-11-18,L17-20,(W) Matilda - Fergus,Matilda,1710.0,1728.0,18.0,Fergus,1667.4,1651.6,-15.7,0.561,0.439
2025-11-18,L1-2,(W) Roeland - Vivian,Roeland,2029.5,2081.3,51.7,Vivian,1973.9,1930.8,-43.1,0.579,0.421
2025-11-18,L3-4,(W) Lukas N - Charlie,Lukas N,1818.5,1852.8,34.3,Charlie,1941.1,1906.8,-34.3,0.331,0.669
2025-11-18,L5-6,(W) Steph - Colin R,Steph,1840.9,1853.4,12.5,Colin R,1832.0,1819.6,-12.5,0.513,0.487
2025-11-18,L7-8,(W) Greg - Jonathan,Greg,2013.7,2019.4,5.6,Jonathan,1794.3,1787.5,-6.8,0.78,0.22
2025-11-18,L9-10,(W) Will P - Caden,Will P,1811.3,1823.5,12.3,Caden,1796.2,1779.0,-17.2,0.522,0.478
2025-11-18,L11-12,(W) Richard B - Alejo,Richard B,1830.3,1847.5,17.1,Alejo,1952.5,1935.4,-17.1,0.331,0.669
2025-11-18,L13-14,(W) Eugene - Shevy,Eugene,1730.4,1748.2,17.8,Shevy,1785.2,1767.4,-17.8,0.422,0.578
2025-11-18,L15-16,(W) Anna A - Garen,Anna A,1768.4,1799.1,30.7,Garen,2078.0,2047.3,-30.7,0.144,0.856
2025-11-18,L17-18,(W) Adrian - Matilda,Adrian,1792.5,1809.2,16.7,Matilda,1728.0,1711.3,-16.7,0.592,0.408
2025-11-18,L19-20,(W) Fergus - Joshua,Fergus,1651.6,1672.4,20.8,Joshua,1706.9,1689.1,-17.8,0.421,0.579
2025-11-25,Poule,(W) Sameer 5-4 Adrian L,Sameer,2041.5,2036.2,-5.3,Adrian L,1800,1806.0,6.0,0.801,0.151
2025-11-25,Poule,(W) Lukas N 5-1 Tom,Lukas N,1860.8,1873.2,12.4,Tom,1914.3,1901.9,-12.4,0.424,0.496
2025-11-25,Poule,(W) Greg 5-0 Marg,Greg,2019.4,2023.1,3.8,Marg,1719.6,1715.1,-4.5,0.849,0.151
2025-11-25,Poule,(W) Eric L 5-4 Tom,Eric L,1960.0,1961.7,1.7,Tom,1901.9,1900.2,-1.7,0.583,0.067
2025-11-25,Poule,(W) Adam S 5-0 Joshua,Adam S,1800,1813.8,13.8,Joshua,1689.1,1678.7,-10.4,0.654,0.346
2025-11-25,Poule,(W) Vivian 5-2 Alonzo,Vivian,1945.8,1946.8,0.9,Alonzo,1691.3,1690.2,-1.1,0.812,0.038
2025-11-25,Poule,(W) Lukas N 5-3 Eric L,Lukas N,1873.2,1882.6,9.4,Eric L,1961.7,1952.3,-9.4,0.375,0.375
2025-11-25,Poule,(W) Sameer 5-3 Vincent,Sameer,2036.2,2036.6,0.4,Vincent,1857.0,1856.7,-0.3,0.737,0.013
2025-11-25,Poule,(W) Vivian 5-0 Fassel,Vivian,1946.8,1964.8,18.0,Fassel,2112.4,2087.1,-25.3,0.278,0.722
2025-11-25,Poule,(W) Eugene 5-4 Rowena,Eugene,1748.2,1754.9,6.7,Rowena,1800,1791.0,-9.0,0.426,0.224
2025-11-25,Poule,(W) Greg 5-2 Adam S,Greg,2023.1,2025.2,2.0,Adam S,1813.8,1810.6,-3.2,0.769,0.081
2025-11-25,Poule,(W) Nick 5-3 Alix S,Nick,1800,1807.9,7.9,Alix S,1763.5,1755.6,-7.9,0.552,0.198
2025-11-25,Poule,(W) Charlie 5-2 Adam S,Charlie,1911.8,1917.0,5.2,Adam S,1810.6,1802.3,-8.3,0.642,0.208
2025-11-25,Poule,(W) Nicholas 5-3 Adrian L,Nicholas,1800,1810.3,10.3,Adrian L,1806.0,1795.7,-10.3,0.491,0.259
2025-11-25,Poule,(W) Vincent 5-4 Lukas N,Vincent,1856.7,1861.4,4.7,Lukas N,1882.6,1877.9,-4.7,0.463,0.187
2025-11-25,Poule,(W) Richard B 5-3 Anna A,Richard B,1847.5,1852.0,4.5,Anna A,1799.1,1792.8,-6.3,0.569,0.181
2025-11-25,Poule,(W) Adam S 5-3 Nick,Adam S,1802.3,1812.6,10.3,Nick,1807.9,1797.6,-10.3,0.492,0.258
2025-11-25,Poule,(W) Sammy 5-2 Greg,Sammy,1978.8,1991.3,12.5,Greg,2025.2,2014.8,-10.4,0.434,0.416
2025-11-25,Poule,(W) Fassel 5-4 Tom,Fassel,2087.1,2083.7,-3.3,Tom,1900.2,1902.6,2.4,0.746,0.096
2025-11-25,Poule,(W) Anna A 5-2 Alix S,Anna A,1792.8,1803.1,10.4,Alix S,1755.6,1743.7,-11.9,0.553,0.297
2025-11-25,Poule,(W) Greg 5-4 Eric L,Greg,2014.8,2016.3,1.5,Eric L,1952.3,1950.8,-1.5,0.589,0.061
2025-11-25,Poule,(W) Eric L 5-1 Alex Y,Eric L,1950.8,1959.3,8.5,Alex Y,1893.9,1883.7,-10.2,0.581,0.339
2025-11-25,Poule,(W) Richard B 5-4 Alejo,Richard B,1852.0,1858.7,6.7,Alejo,1935.4,1928.7,-6.7,0.382,0.268
2025-11-25,Poule,(W) Alix S 5-4 Rowena,Alix S,1743.7,1752.4,8.7,Rowena,1791.0,1782.3,-8.7,0.432,0.218
2025-11-25,Poule,(W) Adam S 5-4 Vivian,Adam S,1812.6,1826.8,14.2,Vivian,1964.8,1955.9,-8.9,0.294,0.356
2025-11-25,Poule,(W) Vincent 5-1 Richard B,Vincent,1861.4,1871.8,10.4,Richard B,1858.7,1848.3,-10.4,0.504,0.416
2025-11-25,Poule,(W) Vivian 5-3 Anna A,Vivian,1955.9,1957.0,1.1,Anna A,1803.1,1801.6,-1.5,0.707,0.043
2025-11-25,Poule,(W) Anna A 5-1 Rowena,Anna A,1801.6,1815.4,13.7,Rowena,1782.3,1766.6,-15.7,0.528,0.392
2025-11-25,Poule,(W) Greg 5-2 Will P,Greg,2016.3,2018.7,2.4,Will P,1823.5,1821.1,-2.4,0.752,0.098
2025-11-25,Poule,(W) Sameer 5-2 Lukas N,Sameer,2036.6,2041.4,4.8,Lukas N,1877.9,1874.5,-3.4,0.714,0.136
2025-11-25,Poule,(W) Adrian L 5-4 Sammy,Adrian L,1795.7,1811.9,16.2,Sammy,1991.3,1979.1,-12.2,0.245,0.405
2025-11-25,Poule,(W) Fassel 5-0 Joshua,Fassel,2083.7,2086.4,2.7,Joshua,1678.7,1676.1,-2.7,0.911,0.089
2025-11-25,Poule,(W) Adam S 5-0 Eugene,Adam S,1826.8,1842.7,15.9,Eugene,1754.9,1742.9,-11.9,0.602,0.398
2025-11-25,Poule,(W) Greg 5-4 Sameer,Greg,2018.7,2023.3,4.6,Sameer,2041.4,2035.0,-6.4,0.467,0.183
2025-11-25,Poule,(W) Sammy 5-3 Nicholas,Sammy,1979.1,1979.9,0.7,Nicholas,1810.3,1809.4,-1.0,0.725,0.025
2025-11-25,Poule,(W) Alex Y 5-3 Alonzo,Alex Y,1883.7,1883.6,-0.1,Alonzo,1690.2,1690.3,0.1,0.753,0.003
2025-11-25,Poule,(W) Fassel 5-3 Nicholas,Fassel,2086.4,2084.0,-2.4,Nicholas,1809.4,1812.6,3.3,0.831,0.081
2025-11-25,Poule,(W) Sammy 5-2 Vivian,Sammy,1979.9,1989.4,9.5,Vivian,1957.0,1949.1,-7.9,0.533,0.317
2025-11-25,Poule,(W) Vincent 5-3 Sammy,Vincent,1871.8,1882.1,10.3,Sammy,1989.4,1977.0,-12.4,0.337,0.413
2025-11-25,Poule,(W) Will P 5-3 Alix S,Will P,1821.1,1824.9,3.8,Alix S,1752.4,1746.3,-6.1,0.598,0.152
2025-11-25,Poule,(W) Lukas N 5-4 Joshua,Lukas N,1874.5,1871.8,-2.7,Joshua,1676.1,1679.3,3.2,0.758,0.108
2025-11-25,Poule,(W) Greg 5-4 Rowena,Greg,2023.3,2019.2,-4.1,Rowena,1766.6,1773.2,6.6,0.814,0.164
2025-11-25,Poule,(W) Fassel 5-3 Sammy,Fassel,2084.0,2087.0,3.0,Sammy,1977.0,1974.0,-3.0,0.649,0.101
2025-11-25,Poule,(W) Alejo 5-2 Joshua,Alejo,1928.7,1929.7,1.1,Joshua,1679.3,1678.0,-1.3,0.808,0.042
2025-11-25,Poule,(W) Eric L 5-2 Alonzo,Eric L,1959.3,1959.9,0.6,Alonzo,1690.3,1689.5,-0.8,0.825,0.025
2025-11-25,Poule,(W) Charlie 5-2 Vivian,Charlie,1917.0,1926.9,9.9,Vivian,1949.1,1939.2,-9.9,0.454,0.396
2025-11-25,Poule,(W) Tom 5-0 Rowena,Tom,1902.6,1910.6,8.0,Rowena,1773.2,1760.3,-12.9,0.678,0.322
2025-11-25,Poule,(W) Rowena 5-3 Marg,Rowena,1760.3,1767.7,7.4,Marg,1715.1,1709.6,-5.6,0.565,0.185
2025-11-25,Poule,(W) Fassel 5-0 Eugene,Fassel,2087.0,2090.6,3.6,Eugene,1742.9,1739.3,-3.6,0.879,0.121
2025-11-25,Poule,(W) Rowena 5-2 Nicholas,Rowena,1767.7,1784.3,16.6,Nicholas,1812.6,1796.0,-16.6,0.436,0.414
2025-11-25,Poule,(W) Greg 5-4 Charlie,Greg,2019.2,2019.7,0.5,Charlie,1926.9,1926.4,-0.5,0.63,0.02
2025-11-25,Poule,(W) Charlie 5-4 Tom,Charlie,1926.4,1929.6,3.2,Tom,1910.6,1907.5,-3.2,0.523,0.127
2025-11-25,Poule,(W) Eric L 5-2 Adrian L,Eric L,1959.9,1963.6,3.7,Adrian L,1811.9,1805.9,-6.0,0.701,0.149
2025-11-25,Poule,(W) Nicholas 5-4 Alonzo,Nicholas,1796.0,1796.1,0.1,Alonzo,1689.5,1689.5,-0.0,0.649,0.001
2025-11-25,Poule,(W) Adrian L 5-2 Alex Y,Adrian L,1805.9,1824.3,18.4,Alex Y,1883.6,1869.8,-13.8,0.39,0.46
2025-11-25,Poule,(W) Will P 5-2 Rowena,Will P,1824.9,1832.2,7.3,Rowena,1784.3,1772.6,-11.7,0.558,0.292
2025-11-25,Poule,(W) Tom 5-2 Alejo,Tom,1907.5,1917.0,9.6,Alejo,1929.7,1920.2,-9.6,0.468,0.382
2025-11-25,Poule,(W) Richard B 5-3 Tom,Richard B,1848.3,1857.0,8.7,Tom,1917.0,1908.3,-8.7,0.402,0.348
2025-11-25,Poule,(W) Joshua 5-0 Rowena,Joshua,1678.0,1697.0,19.0,Rowena,1772.6,1747.3,-25.3,0.367,0.633
2025-11-25,Poule,(W) Fassel 5-2 Alex Y,Fassel,2090.6,2092.7,2.1,Alex Y,1869.8,1867.8,-2.1,0.781,0.069
2025-11-25,Poule,(W) Vincent 5-2 Tom,Vincent,1882.1,1891.8,9.7,Tom,1908.3,1898.6,-9.7,0.462,0.388
2025-11-25,Poule,(W) Fassel 5-4 Adrian L,Fassel,2092.7,2087.5,-5.2,Adrian L,1824.3,1831.3,7.0,0.824,0.174
2025-11-25,Poule,(W) Alonzo 5-4 Joshua,Alonzo,1689.5,1694.3,4.8,Joshua,1697.0,1692.2,-4.8,0.489,0.161
2025-11-25,Poule,(W) Eric L 5-0 Joshua,Eric L,1963.6,1968.0,4.3,Joshua,1692.2,1687.0,-5.2,0.827,0.173
2025-11-25,Poule,(W) Lukas N 5-4 Richard B,Lukas N,1871.8,1875.0,3.2,Richard B,1857.0,1853.7,-3.2,0.521,0.129
2025-11-25,Poule,(W) Eugene 5-2 Alix S,Eugene,1739.3,1750.1,10.8,Alix S,1746.3,1731.9,-14.4,0.49,0.36
2025-11-25,Poule,(W) Tom 5-1 Alix S,Tom,1898.6,1903.6,4.9,Alix S,1731.9,1724.0,-7.9,0.723,0.197
2025-11-25,Poule,(W) Will P 5-4 Eugene,Will P,1832.2,1833.1,0.9,Eugene,1750.1,1749.1,-1.0,0.616,0.034
2025-11-25,Poule,(W) Vincent 5-1 Marg,Vincent,1891.8,1896.3,4.5,Marg,1709.6,1704.2,-5.4,0.741,0.179
2025-11-25,Poule,(W) Lukas N 5-3 Will P,Lukas N,1875.0,1879.7,4.7,Will P,1833.1,1828.3,-4.7,0.56,0.19
2025-11-25,Poule,(W) Lukas N 5-3 Eugene,Lukas N,1879.7,1881.5,1.8,Eugene,1749.1,1747.0,-2.1,0.68,0.07
2025-11-25,Poule,(W) Fassel 5-1 Marg,Fassel,2087.5,2088.0,0.6,Marg,1704.2,1703.6,-0.6,0.901,0.019
2025-11-25,Poule,(W) Richard B 5-3 Vivian,Richard B,1853.7,1863.0,9.3,Vivian,1939.2,1929.9,-9.3,0.379,0.371
2025-11-25,Poule,(W) Eric L 5-1 Nicholas,Eric L,1968.0,1972.7,4.8,Nicholas,1796.1,1788.5,-7.6,0.729,0.191
2025-11-25,Poule,(W) Vivian 5-4 Will P,Vivian,1929.9,1930.1,0.2,Will P,1828.3,1828.1,-0.2,0.642,0.008
2025-11-25,Poule,(W) Adrian L 5-4 Vivian,Adrian L,1831.3,1842.8,11.5,Vivian,1930.1,1922.9,-7.2,0.362,0.288
2025-11-25,Poule,(W) Anna A 5-2 Adam S,Anna A,1815.4,1829.0,13.6,Adam S,1842.7,1827.2,-15.6,0.461,0.389
2025-11-25,Poule,(W) Fassel 5-4 Anna A,Fassel,2088.0,2083.1,-5.0,Anna A,1829.0,1834.8,5.8,0.816,0.166
2025-11-25,Poule,(W) Anna A 5-4 Nicholas,Anna A,1834.8,1837.7,2.9,Nicholas,1788.5,1785.1,-3.3,0.566,0.084
2025-11-25,Poule,(W) Tom 5-3 Greg,Tom,1903.6,1913.8,10.3,Greg,2019.7,2009.4,-10.3,0.339,0.411
2025-11-25,Poule,(W) Nicholas 5-0 Joshua,Nicholas,1785.1,1799.6,14.5,Joshua,1687.0,1676.1,-10.9,0.638,0.362
2025-11-25,Poule,(W) Alex Y 5-4 Eugene,Alex Y,1867.8,1867.3,-0.5,Eugene,1747.0,1747.5,0.5,0.667,0.017
2025-11-25,Poule,(W) Alejo 5-4 Vincent,Alejo,1920.2,1923.1,2.9,Vincent,1896.3,1893.4,-2.9,0.534,0.116
2025-11-25,Poule,(W) Eric L 5-2 Richard B,Eric L,1972.7,1977.7,4.9,Richard B,1863.0,1858.1,-4.9,0.653,0.197
2025-11-25,Poule,(W) Eric L 5-4 Alejo,Eric L,1977.7,1979.5,1.8,Alejo,1923.1,1921.3,-1.8,0.578,0.072
2025-11-25,Poule,(W) Fassel 5-1 Rowena,Fassel,2083.1,2084.4,1.4,Rowena,1747.3,1745.5,-1.9,0.874,0.046
2025-11-25,Poule,(W) Eric L 5-1 Sammy,Eric L,1979.5,1989.8,10.3,Sammy,1974.0,1961.6,-12.4,0.508,0.412
2025-11-25,Poule,(W) Alejo 5-3 Will P,Alejo,1921.3,1924.3,3.0,Will P,1828.1,1825.1,-3.0,0.631,0.119
2025-11-25,Poule,(W) Greg 5-2 Alix S,Greg,2009.4,2009.7,0.3,Alix S,1724.0,1723.5,-0.5,0.838,0.012
2025-11-25,Poule,(W) Charlie 5-3 Vincent,Charlie,1929.6,1934.5,5.0,Vincent,1893.4,1888.4,-5.0,0.552,0.198
2025-11-25,Poule,(W) Alejo 5-2 Vivian,Alejo,1924.3,1933.0,8.7,Vivian,1922.9,1914.2,-8.7,0.502,0.348
2025-11-25,Poule,(W) Sammy 5-3 Eugene,Sammy,1961.6,1960.9,-0.7,Eugene,1747.5,1748.2,0.7,0.774,0.024
2025-11-25,Poule,(W) Vivian 5-3 Greg,Vivian,1914.2,1923.8,9.6,Greg,2009.7,2000.1,-9.6,0.366,0.384
2025-11-25,Poule,(W) Eric L 5-0 Marg,Eric L,1989.8,1993.8,4.0,Marg,1703.6,1698.8,-4.8,0.839,0.161
2025-11-25,Poule,(W) Eric L 5-0 Alix S,Eric L,1993.8,1998.2,4.4,Alix S,1723.5,1716.6,-7.0,0.826,0.174
2025-11-25,Poule,(W) Lukas N 5-4 Vivian,Lukas N,1881.5,1886.8,5.3,Vivian,1923.8,1918.5,-5.3,0.439,0.211
2025-11-25,Poule,(W) Tom 5-2 Marg,Tom,1913.8,1915.7,1.9,Marg,1698.8,1696.5,-2.2,0.775,0.075
2025-11-25,Poule,(W) Charlie 5-3 Will P,Charlie,1934.5,1937.0,2.4,Will P,1825.1,1822.7,-2.4,0.652,0.098
2025-11-25,Poule,(W) Lukas N 5-3 Alix S,Lukas N,1886.8,1887.3,0.6,Alix S,1716.6,1715.7,-0.9,0.727,0.023
2025-11-25,Poule,(W) Vincent 5-3 Fassel,Vincent,1888.4,1901.1,12.6,Fassel,2084.4,2069.3,-15.2,0.244,0.506
2025-11-25,Poule,(W) Charlie 5-2 Fassel,Charlie,1937.0,1950.3,13.3,Fassel,2069.3,2053.3,-16.0,0.318,0.532
2025-11-25,Poule,(W) Sameer 5-4 Charlie,Sameer,2035.0,2036.1,1.1,Charlie,1950.3,1949.5,-0.8,0.62,0.03
2025-11-25,Poule,(W) Marg 5-3 Alejo,Marg,1696.5,1712.9,16.4,Alejo,1933.0,1919.3,-13.6,0.204,0.546
2025-11-25,Poule,(W) Charlie 5-3 Richard B,Charlie,1949.5,1952.5,3.0,Richard B,1858.1,1855.0,-3.0,0.629,0.121
2025-11-25,Poule,(W) Nicholas 5-3 Eugene,Nicholas,1799.6,1806.7,7.1,Eugene,1748.2,1742.9,-5.3,0.573,0.177
2025-11-25,L1-32,(W) Will P - Alex Y,Will P,1822.7,1842.4,19.7,Alex Y,1867.3,1843.6,-23.6,0.436,0.564
2025-11-25,L1-32,(W) Alejo - Alonzo,Alejo,1919.3,1926.8,7.5,Alonzo,1694.3,1685.3,-9.0,0.785,0.215
2025-11-25,L1-32,(W) Nicholas - Rowena,Nicholas,1806.7,1829.7,23.1,Rowena,1745.5,1722.4,-23.1,0.587,0.413
2025-11-25,L1-32,(W) Richard B - Eugene,Richard B,1855.0,1867.1,12.0,Eugene,1742.9,1728.5,-14.4,0.656,0.344
2025-11-25,L1-32,(W) Sameer - Alix S,Sameer,2036.1,2042.8,6.7,Alix S,1715.7,1708.0,-7.6,0.863,0.137
2025-11-25,L1-32,(W) Adrian L - Joshua,Adrian L,1842.8,1858.3,15.5,Joshua,1676.1,1664.5,-11.6,0.723,0.277
2025-11-25,L1-16,(W) Will P - Eric L,Will P,1842.4,1872.2,29.8,Eric L,1998.2,1968.4,-29.8,0.29,0.71
2025-11-25,L1-16,(W) Tom - Vivian,Tom,1915.7,1936.8,21.1,Vivian,1918.5,1897.4,-21.1,0.496,0.504
2025-11-25,L1-16,(W) Alejo - Charlie,Alejo,1926.8,1949.3,22.5,Charlie,1952.5,1930.0,-22.5,0.463,0.537
2025-11-25,L1-16,(W) Lukas N - Nicholas,Lukas N,1887.3,1904.9,17.5,Nicholas,1829.7,1801.7,-28.0,0.582,0.418
2025-11-25,L1-16,(W) Greg - Richard B,Greg,2000.1,2013.4,13.3,Richard B,1867.1,1853.8,-13.3,0.683,0.317
2025-11-25,L1-16,(W) Sameer - Vincent,Sameer,2042.8,2060.8,18.0,Vincent,1901.1,1888.2,-12.9,0.693,0.307
2025-11-25,L1-16,(W) Sammy - Anna A,Sammy,1960.9,1977.5,16.6,Anna A,1837.7,1818.4,-19.4,0.67,0.33
2025-11-25,L1-16,(W) Fassel - Adrian L,Fassel,2053.3,2065.7,12.4,Adrian L,1858.3,1841.8,-16.5,0.754,0.246
2025-11-25,L1-8,(W) Tom - Will P,Tom,1936.8,1959.6,22.8,Will P,1872.2,1849.4,-22.8,0.592,0.408
2025-11-25,L1-8,(W) Alejo - Lukas N,Alejo,1949.3,1973.7,24.4,Lukas N,1904.9,1880.5,-24.4,0.564,0.436
2025-11-25,L1-8,(W) Greg - Sameer,Greg,2013.4,2045.2,31.7,Sameer,2060.8,2016.3,-44.4,0.432,0.568
2025-11-25,L1-8,(W) Sammy - Fassel,Sammy,1977.5,2019.4,41.9,Fassel,2065.7,2023.8,-41.9,0.376,0.624
2025-11-25,L9-16,(W) Eric L - Vivian,Eric L,1968.4,1985.1,16.7,Vivian,1897.4,1880.7,-16.7,0.601,0.399
2025-11-25,L9-16,(W) Nicholas - Charlie,Nicholas,1801.7,1847.1,45.4,Charlie,1930.0,1901.6,-28.4,0.323,0.677
2025-11-25,L9-16,(W) Richard B - Vincent,Richard B,1853.8,1876.8,23.0,Vincent,1888.2,1865.2,-23.0,0.451,0.549
2025-11-25,L9-16,(W) Adrian L - Anna A,Adrian L,1841.8,1873.1,31.3,Anna A,1818.4,1791.0,-27.4,0.534,0.466
2025-11-25,L17-24,(W) Rowena - Alonzo,Rowena,1722.4,1742.4,20.0,Alonzo,1685.3,1670.3,-15.0,0.553,0.447
2025-11-25,L17-24,(W) Eugene - Alix S,Eugene,1728.5,1744.3,15.8,Alix S,1708.0,1687.0,-21.0,0.529,0.471
2025-11-25,L1-4,(W) Tom - Alejo,Tom,1959.6,2003.3,43.6,Alejo,1973.7,1930.1,-43.6,0.48,0.52
2025-11-25,L1-4,(W) Greg - Sammy,Greg,2045.2,2084.0,38.8,Sammy,2019.4,1972.8,-46.6,0.537,0.463
2025-11-25,L5-8,(W) Lukas N - Will P,Lukas N,1880.5,1905.9,25.5,Will P,1849.4,1823.9,-25.5,0.545,0.455
2025-11-25,L5-8,(W) Fassel - Sameer,Fassel,2023.8,2056.6,32.8,Sameer,2016.3,1978.0,-38.3,0.511,0.489
2025-11-25,L9-12,(W) Eric L - Nicholas,Eric L,1985.1,1998.2,13.0,Nicholas,1847.1,1826.2,-20.9,0.689,0.311
2025-11-25,L9-12,(W) Adrian L - Richard B,Adrian L,1873.1,1907.0,33.9,Richard B,1876.8,1855.6,-21.2,0.495,0.505
2025-11-25,L13-16,(W) Vivian - Charlie,Vivian,1880.7,1899.9,19.3,Charlie,1901.6,1882.4,-19.3,0.47,0.53
2025-11-25,L13-16,(W) Vincent - Anna A,Vincent,1865.2,1879.5,14.3,Anna A,1791.0,1770.9,-20.1,0.605,0.395
2025-11-25,L17-20,(W) Alex Y - Rowena,Alex Y,1843.6,1855.6,12.0,Rowena,1742.4,1726.3,-16.0,0.642,0.358
2025-11-25,L17-20,(W) Eugene - Joshua,Eugene,1744.3,1757.3,13.0,Joshua,1664.5,1651.5,-13.0,0.613,0.387
2025-11-25,L1-2,(W) Greg - Tom,Greg,2084.0,2127.1,43.1,Tom,2003.3,1960.1,-43.1,0.614,0.386
2025-11-25,L3-4,(W) Sammy - Alejo,Sammy,1972.8,2002.2,29.4,Alejo,1930.1,1905.6,-24.5,0.561,0.439
2025-11-25,L5-6,(W) Fassel - Lukas N,Fassel,2056.6,2066.5,9.9,Lukas N,1905.9,1897.7,-8.3,0.704,0.296
2025-11-25,L7-8,(W) Will P - Sameer,Will P,1823.9,1843.7,19.8,Sameer,1978.0,1950.3,-27.7,0.292,0.708
2025-11-25,L9-10,(W) Adrian L - Eric L,Adrian L,1907.0,1935.1,28.1,Eric L,1998.2,1980.6,-17.6,0.372,0.628
2025-11-25,L11-12,(W) Richard B - Nicholas,Richard B,1855.6,1868.4,12.8,Nicholas,1826.2,1805.8,-20.5,0.542,0.458
2025-11-25,L13-14,(W) Vincent - Vivian,Vincent,1879.5,1894.3,14.8,Vivian,1899.9,1885.1,-14.8,0.471,0.529
2025-11-25,L15-16,(W) Anna A - Charlie,Anna A,1770.9,1796.6,25.6,Charlie,1882.4,1864.1,-18.3,0.345,0.655
2025-11-25,L17-18,(W) Alex Y - Eugene,Alex Y,1855.6,1867.8,12.1,Eugene,1757.3,1745.1,-12.1,0.638,0.362
2025-11-25,L19-20,(W) Joshua - Rowena,Joshua,1651.5,1671.8,20.3,Rowena,1726.3,1699.2,-27.1,0.394,0.606
2025-11-25,L21-22,(W) Alix S - Alonzo,Alix S,1687.0,1708.3,21.3,Alonzo,1670.3,1654.3,-16.0,0.524,0.476
2025-12-02,Poule,(W) Tom T 5-2 Richard B,Tom T,1905.0,1916.9,11.9,Richard B,1868.4,1861.0,-7.4,0.553,0.297
2025-12-02,Poule,(W) Anna A 5-4 Anna Z,Anna A,1796.6,1802.0,5.4,Anna Z,1800,1793.8,-6.2,0.495,0.155
2025-12-02,Poule,(W) Greg 5-2 Marinko,Greg,2152.1,2150.3,-1.8,Marinko,1720.1,1722.6,2.6,0.923,0.073
2025-12-02,Poule,(W) Greg 5-3 Richard B,Greg,2150.3,2148.0,-2.3,Richard B,1861.0,1863.2,2.3,0.841,0.091
2025-12-02,Poule,(W) Tom S 5-3 Adam S,Tom S,1800,1811.6,11.6,Adam S,1827.2,1815.6,-11.6,0.461,0.289
2025-12-02,Poule,(W) Vincent 5-1 Anna Z,Vincent,1894.3,1901.3,7.0,Anna Z,1793.8,1782.6,-11.2,0.641,0.279
2025-12-02,Poule,(W) Anna A 5-4 Marg,Anna A,1802.0,1802.8,0.9,Marg,1712.9,1712.2,-0.7,0.625,0.025
2025-12-02,Poule,(W) Eric L 5-2 Tom S,Eric L,1980.6,1983.7,3.1,Tom S,1811.6,1806.6,-5.0,0.726,0.124
2025-12-02,Poule,(W) Lukas N 5-2 Marinko,Lukas N,1897.7,1900.6,2.9,Marinko,1722.6,1718.5,-4.1,0.733,0.117
2025-12-02,Poule,(W) Eric L 5-2 Lukas N,Eric L,1983.7,1989.5,5.8,Lukas N,1900.6,1894.8,-5.8,0.617,0.233
2025-12-02,Poule,(W) Eric L 5-2 Vivian,Eric L,1989.5,1994.6,5.1,Vivian,1885.1,1880.0,-5.1,0.646,0.204
2025-12-02,Poule,(W) Vincent 5-4 Charlie,Vincent,1901.3,1903.7,2.4,Charlie,1864.1,1861.7,-2.4,0.553,0.097
2025-12-02,Poule,(W) Richard B 5-4 Adam S,Richard B,1863.2,1865.3,2.0,Adam S,1815.6,1812.3,-3.3,0.568,0.082
2025-12-02,Poule,(W) Matilda 5-2 Anna Z,Matilda,1711.3,1729.3,18.0,Anna Z,1782.6,1764.6,-18.0,0.399,0.451
2025-12-02,Poule,(W) Greg 5-3 Vincent,Greg,2148.0,2146.7,-1.3,Vincent,1903.7,1905.0,1.3,0.803,0.053
2025-12-02,Poule,(W) Fergus 5-4 Alix S,Fergus,1672.4,1679.4,7.1,Alix S,1708.3,1700.2,-8.1,0.449,0.201
2025-12-02,Poule,(W) Fassel 5-4 Vivian,Fassel,2066.5,2063.7,-2.9,Vivian,1880.0,1882.4,2.4,0.745,0.095
2025-12-02,Poule,(W) Anna A 5-3 Matilda,Anna A,1802.8,1807.9,5.1,Matilda,1729.3,1723.5,-5.8,0.604,0.146
2025-12-02,Poule,(W) Eric L 5-3 Charlie,Eric L,1994.6,1996.3,1.7,Charlie,1861.7,1860.0,-1.7,0.683,0.067
2025-12-02,Poule,(W) Alex Y 5-0 Matilda,Alex Y,1867.8,1876.9,9.1,Matilda,1723.5,1711.4,-12.1,0.696,0.304
2025-12-02,Poule,(W) Anna Z 5-2 Eric L,Anna Z,1764.6,1790.2,25.7,Eric L,1996.3,1980.3,-16.0,0.208,0.642
2025-12-02,Poule,(W) Vivian 5-3 Charlie,Vivian,1882.4,1887.8,5.4,Charlie,1860.0,1854.5,-5.4,0.532,0.218
2025-12-02,Poule,(W) Eric L 5-1 Marg,Eric L,1980.3,1982.7,2.4,Marg,1712.2,1709.3,-2.9,0.824,0.096
2025-12-02,Poule,(W) Vincent 5-1 Alix S,Vincent,1905.0,1908.9,3.9,Alix S,1700.2,1694.8,-5.4,0.765,0.155
2025-12-02,Poule,(W) Alex Y 5-3 Anna A,Alex Y,1876.9,1881.5,4.6,Anna A,1807.9,1802.6,-5.3,0.598,0.152
2025-12-02,Poule,(W) Marg 5-4 Anna Z,Marg,1709.3,1717.2,7.9,Anna Z,1790.2,1779.7,-10.6,0.386,0.264
2025-12-02,Poule,(W) Fassel 5-4 Richard B,Fassel,2063.7,2060.4,-3.2,Richard B,1865.3,1868.0,2.7,0.758,0.108
2025-12-02,Poule,(W) Vincent 5-1 Marinko,Vincent,1908.9,1913.2,4.3,Marinko,1718.5,1712.5,-6.0,0.75,0.17
2025-12-02,Poule,(W) Tom S 5-0 Marinko,Tom S,1806.6,1821.3,14.7,Marinko,1712.5,1699.7,-12.9,0.632,0.368
2025-12-02,Poule,(W) Greg 5-2 Steph,Greg,2146.7,2146.8,0.1,Steph,1853.4,1853.2,-0.1,0.844,0.006
2025-12-02,Poule,(W) Richard B 5-3 Lukas N,Richard B,1868.0,1875.2,7.2,Lukas N,1894.8,1887.6,-7.2,0.462,0.288
2025-12-02,Poule,(W) Tom T 5-2 Joshua,Tom T,1916.9,1918.8,1.8,Joshua,1671.8,1670.5,-1.4,0.804,0.046
2025-12-02,Poule,(W) Vivian 5-3 Fergus,Vivian,1887.8,1887.4,-0.5,Fergus,1679.4,1680.1,0.6,0.768,0.018
2025-12-02,Poule,(W) Fassel 5-2 Steph,Fassel,2060.4,2062.9,2.5,Steph,1853.2,1851.2,-2.1,0.767,0.083
2025-12-02,Poule,(W) Tom T 5-2 Tom S,Tom T,1918.8,1927.3,8.5,Tom S,1821.3,1812.8,-8.5,0.637,0.213
2025-12-02,Poule,(W) Steph 5-4 Joshua,Steph,1851.2,1848.9,-2.2,Joshua,1670.5,1673.1,2.7,0.739,0.089
2025-12-02,Poule,(W) Tom T 5-3 Marinko,Tom T,1927.3,1925.8,-1.5,Marinko,1699.7,1701.0,1.3,0.788,0.038
2025-12-02,Poule,(W) Steph 5-3 Adrian L,Steph,1848.9,1858.2,9.3,Adrian L,1935.1,1920.3,-14.9,0.378,0.372
2025-12-02,Poule,(W) Tom S 5-3 Marg,Tom S,1812.8,1817.4,4.6,Marg,1717.2,1713.7,-3.5,0.634,0.116
2025-12-02,Poule,(W) Tom S 5-3 Alix S,Tom S,1817.4,1820.6,3.2,Alix S,1694.8,1692.0,-2.8,0.669,0.081
2025-12-02,Poule,(W) Steph 5-4 Eric L,Steph,1858.2,1866.3,8.0,Eric L,1982.7,1974.6,-8.0,0.328,0.322
2025-12-02,Poule,(W) Greg 5-0 Adrian L,Greg,2146.8,2152.2,5.3,Adrian L,1920.3,1911.7,-8.5,0.787,0.213
2025-12-02,Poule,(W) Charlie 5-4 Steph,Charlie,1854.5,1858.7,4.2,Steph,1866.3,1862.1,-4.2,0.483,0.167
2025-12-02,Poule,(W) Anna A 5-2 Lukas N,Anna A,1802.6,1819.1,16.4,Lukas N,1887.6,1875.8,-11.7,0.38,0.47
2025-12-02,Poule,(W) Tom T 5-3 Lukas N,Tom T,1925.8,1932.9,7.1,Lukas N,1875.8,1871.4,-4.5,0.571,0.179
2025-12-02,Poule,(W) Anna A 5-4 Fassel,Anna A,1819.1,1834.9,15.8,Fassel,2062.9,2049.3,-13.6,0.197,0.453
2025-12-02,Poule,(W) Alex Y 5-2 Vivian,Alex Y,1881.5,1892.2,10.8,Vivian,1887.4,1878.4,-9.0,0.491,0.359
2025-12-02,Poule,(W) Vincent 5-4 Steph,Vincent,1913.2,1915.1,1.9,Steph,1862.1,1860.2,-1.9,0.573,0.077
2025-12-02,Poule,(W) Fassel 5-3 Adrian L,Fassel,2049.3,2051.2,1.9,Adrian L,1911.7,1909.2,-2.5,0.688,0.062
2025-12-02,Poule,(W) Tom T 5-2 Alex Y,Tom T,1932.9,1944.6,11.7,Alex Y,1892.2,1883.5,-8.7,0.558,0.292
2025-12-02,Poule,(W) Marg 5-4 Marinko,Marg,1713.7,1717.7,3.9,Marinko,1701.0,1697.0,-3.9,0.518,0.132
2025-12-02,Poule,(W) Richard B 5-1 Marinko,Richard B,1875.2,1879.8,4.6,Marinko,1697.0,1691.5,-5.5,0.736,0.184
2025-12-02,Poule,(W) Anna Z 5-1 Alix S,Anna Z,1779.7,1791.5,11.9,Alix S,1692.0,1681.6,-10.4,0.624,0.296
2025-12-02,Poule,(W) Matilda 5-4 Lukas N,Matilda,1711.4,1726.0,14.6,Lukas N,1871.4,1862.2,-9.1,0.285,0.365
2025-12-02,Poule,(W) Greg 5-3 Tom S,Greg,2152.2,2149.2,-3.0,Tom S,1820.6,1825.5,4.8,0.871,0.121
2025-12-02,Poule,(W) Steph 5-2 Marinko,Steph,1860.2,1863.3,3.1,Marinko,1691.5,1687.8,-3.7,0.725,0.125
2025-12-02,Poule,(W) Tom S 5-2 Steph,Tom S,1825.5,1841.6,16.2,Steph,1863.3,1853.2,-10.1,0.446,0.404
2025-12-02,Poule,(W) Tom S 5-2 Matilda,Tom S,1841.6,1849.2,7.6,Matilda,1726.0,1718.4,-7.6,0.661,0.189
2025-12-02,Poule,(W) Alejo 5-4 Lukas N,Alejo,1910.6,1912.6,2.0,Lukas N,1862.2,1860.2,-2.0,0.569,0.081
2025-12-02,Poule,(W) Tom T 5-3 Greg,Tom T,1944.6,1965.2,20.6,Greg,2149.2,2136.3,-12.9,0.236,0.514
2025-12-02,Poule,(W) Tom T 5-2 Adrian L,Tom T,1965.2,1976.0,10.8,Adrian L,1909.2,1898.4,-10.8,0.58,0.27
2025-12-02,Poule,(W) Marinko 5-2 Fassel,Marinko,1687.8,1710.0,22.2,Fassel,2051.2,2029.0,-22.2,0.11,0.74
2025-12-02,Poule,(W) Eric L 5-0 Alix S,Eric L,1974.6,1978.5,3.9,Alix S,1681.6,1676.1,-5.5,0.844,0.156
2025-12-02,Poule,(W) Joshua 5-3 Lukas N,Joshua,1673.1,1688.0,14.9,Lukas N,1860.2,1847.8,-12.4,0.254,0.496
2025-12-02,Poule,(W) Joshua 5-4 Vivian,Joshua,1688.0,1700.0,12.0,Vivian,1878.4,1868.4,-10.0,0.25,0.4
2025-12-02,Poule,(W) Greg 5-2 Vivian,Greg,2136.3,2136.9,0.7,Vivian,1868.4,1867.8,-0.7,0.824,0.026
2025-12-02,Poule,(W) Greg 5-3 Marg,Greg,2136.9,2132.7,-4.2,Marg,1717.7,1722.7,5.0,0.918,0.168
2025-12-02,Poule,(W) Richard B 5-4 Vivian,Richard B,1879.8,1883.1,3.3,Vivian,1867.8,1864.5,-3.3,0.517,0.133
2025-12-02,Poule,(W) Alejo 5-4 Anna Z,Alejo,1912.6,1912.2,-0.4,Anna Z,1791.5,1792.2,0.7,0.668,0.018
2025-12-02,Poule,(W) Alejo 5-4 Fassel,Alejo,1912.2,1920.0,7.8,Fassel,2029.0,2019.6,-9.4,0.338,0.312
2025-12-02,Poule,(W) Eric L 5-0 Joshua,Eric L,1978.5,1982.7,4.2,Joshua,1700.0,1695.0,-5.0,0.833,0.167
2025-12-02,Poule,(W) Adrian L 5-4 Vivian,Adrian L,1898.4,1902.5,4.1,Vivian,1864.5,1861.9,-2.5,0.549,0.101
2025-12-02,Poule,(W) Anna Z 5-3 Lukas N,Anna Z,1792.2,1805.4,13.2,Lukas N,1847.8,1839.6,-8.2,0.421,0.329
2025-12-02,Poule,(W) Tom S 5-2 Joshua,Tom S,1849.2,1854.9,5.7,Joshua,1695.0,1690.7,-4.2,0.708,0.142
2025-12-02,Poule,(W) Fergus 5-3 Richard B,Fergus,1680.1,1698.0,18.0,Richard B,1883.1,1870.3,-12.8,0.237,0.513
2025-12-02,Poule,(W) Vincent 5-4 Alex Y,Vincent,1915.1,1917.7,2.6,Alex Y,1883.5,1880.3,-3.1,0.545,0.105
2025-12-02,Poule,(W) Steph 5-4 Matilda,Steph,1853.2,1852.3,-0.9,Matilda,1718.4,1719.8,1.4,0.685,0.035
2025-12-02,Poule,(W) Anna A 5-4 Eric L,Anna A,1834.9,1847.2,12.3,Eric L,1982.7,1974.0,-8.8,0.299,0.351
2025-12-02,Poule,(W) Tom S 5-2 Lukas N,Tom S,1854.9,1868.0,13.1,Lukas N,1839.6,1831.4,-8.2,0.522,0.328
2025-12-02,Poule,(W) Richard B 5-3 Joshua,Richard B,1870.3,1870.6,0.3,Joshua,1690.7,1690.4,-0.4,0.738,0.012
2025-12-02,Poule,(W) Anna A 5-2 Alix S,Anna A,1847.2,1851.5,4.3,Alix S,1676.1,1671.9,-4.3,0.728,0.122
2025-12-02,Poule,(W) Fassel 5-3 Vincent,Fassel,2019.6,2022.9,3.2,Vincent,1917.7,1915.0,-2.7,0.643,0.107
2025-12-02,Poule,(W) Alejo 5-4 Vivian,Alejo,1920.0,1921.6,1.7,Vivian,1861.9,1860.2,-1.7,0.583,0.067
2025-12-02,Poule,(W) Matilda 5-2 Fergus,Matilda,1719.8,1732.5,12.7,Fergus,1698.0,1686.9,-11.2,0.531,0.319
2025-12-02,Poule,(W) Alejo 5-4 Fergus,Alejo,1921.6,1918.0,-3.6,Fergus,1686.9,1691.2,4.3,0.794,0.144
2025-12-02,Poule,(W) Richard B 5-3 Matilda,Richard B,1870.6,1872.1,1.5,Matilda,1732.5,1730.1,-2.4,0.689,0.061
2025-12-02,Poule,(W) Alejo 5-3 Greg,Alejo,1918.0,1931.1,13.1,Greg,2132.7,2119.6,-13.1,0.225,0.525
2025-12-02,Poule,(W) Tom S 5-4 Alejo,Tom S,1868.0,1877.6,9.6,Alejo,1931.1,1925.2,-6.0,0.41,0.24
2025-12-02,Poule,(W) Anna A 5-4 Marinko,Anna A,1851.5,1849.9,-1.5,Marinko,1710.0,1711.3,1.3,0.693,0.043
2025-12-02,Poule,(W) Charlie 5-2 Alex Y,Charlie,1858.7,1868.2,9.5,Alex Y,1880.3,1868.9,-11.4,0.469,0.381
2025-12-02,Poule,(W) Richard B 5-4 Steph,Richard B,1872.1,1875.2,3.0,Steph,1852.3,1849.3,-3.0,0.528,0.122
2025-12-02,Poule,(W) Eric L 5-2 Adam S,Eric L,1974.0,1977.3,3.3,Adam S,1812.3,1807.0,-5.3,0.717,0.133
2025-12-02,Poule,(W) Charlie 5-4 Fassel,Charlie,1868.2,1877.2,9.0,Fassel,2022.9,2012.1,-10.8,0.291,0.359
2025-12-02,Poule,(W) Matilda 5-4 Alix S,Matilda,1730.1,1732.8,2.7,Alix S,1671.9,1669.5,-2.3,0.583,0.067
2025-12-02,Poule,(W) Fassel 5-0 Alex Y,Fassel,2012.1,2021.2,9.1,Alex Y,1868.9,1859.7,-9.1,0.695,0.305
2025-12-02,Poule,(W) Fassel 5-1 Joshua,Fassel,2021.2,2022.7,1.5,Joshua,1690.4,1688.9,-1.5,0.87,0.05
2025-12-02,Poule,(W) Vincent 5-4 Adrian L,Vincent,1915.0,1918.3,3.3,Adrian L,1902.5,1897.2,-5.3,0.518,0.132
2025-12-02,Poule,(W) Charlie 5-2 Tom S,Charlie,1877.2,1886.0,8.8,Tom S,1877.6,1863.6,-14.0,0.499,0.351
2025-12-02,L1-32,(W) Vivian - Joshua,Vivian,1860.2,1869.3,9.1,Joshua,1688.9,1677.9,-10.9,0.728,0.272
2025-12-02,L1-32,(W) Alix S - Matilda,Alix S,1669.5,1697.2,27.7,Matilda,1732.8,1701.1,-31.6,0.41,0.59
2025-12-02,L1-32,(W) Anna Z - Marinko,Anna Z,1805.4,1825.1,19.7,Marinko,1711.3,1696.5,-14.8,0.632,0.368
2025-12-02,L1-32,(W) Alex Y - Lukas N,Alex Y,1859.7,1878.2,18.5,Lukas N,1831.4,1816.0,-15.4,0.541,0.459
2025-12-02,L1-32,(W) Adrian L - Fergus,Adrian L,1897.2,1909.8,12.5,Fergus,1691.2,1681.8,-9.4,0.766,0.234
2025-12-02,L1-16,(W) Vivian - Tom S,Vivian,1869.3,1889.1,19.8,Tom S,1863.6,1831.9,-31.6,0.508,0.492
2025-12-02,L1-16,(W) Alejo - Richard B,Alejo,1925.2,1942.4,17.2,Richard B,1875.2,1857.9,-17.2,0.571,0.429
2025-12-02,L1-16,(W) Vincent - Alix S,Vincent,1918.3,1927.1,8.8,Alix S,1697.2,1684.9,-12.3,0.781,0.219
2025-12-02,L1-16,(W) Greg - Anna Z,Greg,2119.6,2125.9,6.2,Anna Z,1825.1,1815.1,-10.0,0.845,0.155
2025-12-02,L1-16,(W) Tom T - Alex Y,Tom T,1976.0,1999.3,23.3,Alex Y,1878.2,1860.7,-17.5,0.637,0.363
2025-12-02,L1-16,(W) Charlie - Anna A,Charlie,1886.0,1904.0,18.0,Anna A,1849.9,1824.7,-25.2,0.552,0.448
2025-12-02,L1-16,(W) Fassel - Steph,Fassel,2022.7,2035.7,13.0,Steph,1849.3,1838.5,-10.8,0.731,0.269
2025-12-02,L1-16,(W) Eric L - Adrian L,Eric L,1977.3,1993.5,16.2,Adrian L,1909.8,1883.8,-26.0,0.596,0.404
2025-12-02,L1-8,(W) Alejo - Vivian,Alejo,1942.4,1965.1,22.7,Vivian,1889.1,1866.4,-22.7,0.576,0.424
2025-12-02,L1-8,(W) Greg - Vincent,Greg,2125.9,2138.8,13.0,Vincent,1927.1,1914.2,-13.0,0.758,0.242
2025-12-02,L1-8,(W) Charlie - Tom T,Charlie,1904.0,1938.0,34.0,Tom T,1999.3,1945.0,-54.4,0.366,0.634
2025-12-02,L1-8,(W) Eric L - Fassel,Eric L,1993.5,2023.6,30.0,Fassel,2035.7,1999.7,-36.1,0.44,0.56
2025-12-02,L9-16,(W) Tom S - Richard B,Tom S,1831.9,1866.5,34.6,Richard B,1857.9,1836.3,-21.6,0.463,0.537
2025-12-02,L9-16,(W) Anna Z - Alix S,Anna Z,1815.1,1835.8,20.6,Alix S,1684.9,1666.8,-18.1,0.679,0.321
2025-12-02,L9-16,(W) Alex Y - Anna A,Alex Y,1860.7,1882.3,21.6,Anna A,1824.7,1799.5,-25.2,0.552,0.448
2025-12-02,L9-16,(W) Steph - Adrian L,Steph,1838.5,1861.2,22.7,Adrian L,1883.8,1852.0,-31.8,0.435,0.565
2025-12-02,L17-24,(W) Marinko - Matilda,Marinko,1696.5,1712.8,16.3,Matilda,1701.1,1682.1,-19.0,0.493,0.507
2025-12-02,L1-4,(W) Greg - Alejo,Greg,2138.8,2160.4,21.6,Alejo,1965.1,1943.5,-21.6,0.731,0.269
2025-12-02,L1-4,(W) Eric L - Charlie,Eric L,2023.6,2054.1,30.5,Charlie,1938.0,1907.5,-30.5,0.621,0.379
2025-12-02,L5-8,(W) Vivian - Vincent,Vivian,1866.4,1896.9,30.5,Vincent,1914.2,1883.7,-30.5,0.432,0.568
2025-12-02,L5-8,(W) Fassel - Tom T,Fassel,1999.7,2026.8,27.1,Tom T,1945.0,1913.3,-31.7,0.578,0.422
2025-12-02,L9-12,(W) Anna Z - Tom S,Anna Z,1835.8,1870.8,35.0,Tom S,1866.5,1831.5,-35.0,0.456,0.544
2025-12-02,L9-12,(W) Alex Y - Steph,Alex Y,1882.3,1905.0,22.7,Steph,1861.2,1842.3,-18.9,0.53,0.47
2025-12-02,L13-16,(W) Richard B - Alix S,Richard B,1836.3,1845.9,9.5,Alix S,1666.8,1653.5,-13.4,0.726,0.274
2025-12-02,L13-16,(W) Adrian L - Anna A,Adrian L,1852.0,1872.7,20.7,Anna A,1799.5,1778.7,-20.7,0.575,0.425
2025-12-02,L17-20,(W) Joshua - Marinko,Joshua,1677.9,1695.6,17.7,Marinko,1712.8,1695.1,-17.7,0.45,0.55
2025-12-02,L17-20,(W) Lukas N - Fergus,Lukas N,1816.0,1824.5,8.5,Fergus,1681.8,1671.6,-10.2,0.684,0.316
2025-12-02,L1-2,(W) Greg - Eric L,Greg,2160.4,2198.1,37.7,Eric L,2054.1,2016.4,-37.7,0.648,0.352
2025-12-02,L3-4,(W) Alejo - Charlie,Alejo,1943.5,1967.5,24.0,Charlie,1907.5,1883.4,-24.0,0.552,0.448
2025-12-02,L5-6,(W) Vivian - Fassel,Vivian,1896.9,1915.1,18.2,Fassel,2026.8,2005.0,-21.8,0.321,0.679
2025-12-02,L7-8,(W) Vincent - Tom T,Vincent,1883.7,1898.2,14.5,Tom T,1913.3,1892.9,-20.4,0.458,0.542
2025-12-02,L9-10,(W) Alex Y - Anna Z,Alex Y,1905.0,1919.5,14.5,Anna Z,1870.8,1851.4,-19.3,0.549,0.451
2025-12-02,L11-12,(W) Steph - Tom S,Steph,1842.3,1855.3,13.0,Tom S,1831.5,1810.7,-20.8,0.516,0.484
2025-12-02,L13-14,(W) Richard B - Adrian L,Richard B,1845.9,1860.3,14.4,Adrian L,1872.7,1852.5,-20.2,0.461,0.539
2025-12-02,L15-16,(W) Anna A - Alix S,Anna A,1778.7,1791.0,12.3,Alix S,1653.5,1641.2,-12.3,0.673,0.327
2025-12-02,L17-18,(W) Lukas N - Joshua,Lukas N,1824.5,1833.1,8.7,Joshua,1695.6,1685.3,-10.4,0.677,0.323
2025-12-02,L19-20,(W) Marinko - Fergus,Marinko,1695.1,1710.1,15.0,Fergus,1671.6,1656.6,-15.0,0.534,0.466
2025-12-09,Poule,(W) Eugene 5-3 Joshua,Eugene,1745.1,1750.1,4.9,Joshua,1685.3,1680.3,-4.9,0.585,0.165
2025-12-09,Poule,(W) Roeland 5-2 Alix S,Roeland,2106.3,2103.7,-2.6,Alix S,1641.2,1644.2,3.0,0.936,0.086
2025-12-09,Poule,(W) Eugene 5-2 Nat,Eugene,1750.1,1751.7,1.6,Nat,1513.7,1511.8,-1.9,0.796,0.054
2025-12-09,Poule,(W) Greg 5-3 Marinko,Greg,2223.1,2218.1,-5.0,Marinko,1710.1,1716.1,6.0,0.95,0.2
2025-12-09,Poule,(W) Caden 5-4 Eugene,Caden,1779.0,1782.9,3.9,Eugene,1751.7,1748.4,-3.3,0.539,0.111
2025-12-09,Poule,(W) Marinko 5-3 Matilda,Marinko,1716.1,1722.1,6.0,Matilda,1682.1,1675.1,-7.0,0.549,0.201
2025-12-09,Poule,(W) John H 5-0 Will W,John H,1893.4,1906.3,12.9,Will W,1800,1785.3,-14.7,0.631,0.369
2025-12-09,Poule,(W) Julia T 5-1 Anna Z,Julia T,1795.8,1815.7,20.0,Anna Z,1851.4,1831.5,-20.0,0.421,0.499
2025-12-09,Poule,(W) Roeland 5-3 Greg,Roeland,2103.7,2116.0,12.3,Greg,2218.1,2207.9,-10.2,0.341,0.409
2025-12-09,Poule,(W) Alix S 5-3 Marg,Alix S,1644.2,1656.8,12.6,Marg,1722.7,1711.9,-10.8,0.389,0.361
2025-12-09,Poule,(W) Vincent 5-0 Marinko,Vincent,1898.2,1904.9,6.7,Marinko,1722.1,1714.2,-8.0,0.734,0.266
2025-12-09,Poule,(W) Colin R 5-4 Roeland,Colin R,1819.6,1832.0,12.4,Roeland,2116.0,2101.1,-14.9,0.154,0.496
2025-12-09,Poule,(W) Julia T 5-3 Alix S,Julia T,1815.7,1817.2,1.4,Alix S,1656.8,1655.6,-1.3,0.714,0.036
2025-12-09,Poule,(W) Eugene 5-4 Marg,Eugene,1748.4,1751.3,2.9,Marg,1711.9,1709.0,-2.9,0.552,0.098
2025-12-09,Poule,(W) Marg 5-3 Marinko,Marg,1709.0,1716.7,7.7,Marinko,1714.2,1706.4,-7.7,0.493,0.257
2025-12-09,Poule,(W) Charlie 5-2 Vadym,Charlie,1888.4,1898.7,10.3,Vadym,1931.7,1919.3,-12.4,0.438,0.412
2025-12-09,Poule,(W) Willie 5-2 Caden,Willie,1917.7,1922.7,5.0,Caden,1782.9,1777.1,-5.8,0.685,0.165
2025-12-09,Poule,(W) Charlie 5-2 Julia T,Charlie,1898.7,1904.6,5.9,Julia T,1817.2,1807.8,-9.4,0.615,0.235
2025-12-09,Poule,(W) Vivian 5-3 Fassel,Vivian,1915.1,1924.5,9.4,Fassel,2005.0,1993.7,-11.3,0.373,0.377
2025-12-09,Poule,(W) Willie 5-4 Charlie,Willie,1922.7,1926.4,3.7,Charlie,1904.6,1901.5,-3.1,0.526,0.124
2025-12-09,Poule,(W) Anna Z 5-3 Fassel,Anna Z,1831.5,1850.2,18.7,Fassel,1993.7,1979.6,-14.0,0.282,0.468
2025-12-09,Poule,(W) Willie 5-3 Richard B,Willie,1926.4,1931.1,4.7,Richard B,1860.3,1856.4,-3.9,0.594,0.156
2025-12-09,Poule,(W) Anna Z 5-2 Joshua,Anna Z,1850.2,1855.1,4.9,Joshua,1680.3,1676.6,-3.7,0.727,0.123
2025-12-09,Poule,(W) Joshua 5-3 Matilda,Joshua,1676.6,1684.0,7.4,Matilda,1675.1,1666.4,-8.7,0.502,0.248
2025-12-09,Poule,(W) Julia T 5-4 Marinko,Julia T,1807.8,1808.1,0.3,Marinko,1706.4,1706.2,-0.2,0.642,0.008
2025-12-09,Poule,(W) Vincent 5-3 Joshua,Vincent,1904.9,1904.1,-0.8,Joshua,1684.0,1685.0,0.9,0.781,0.031
2025-12-09,Poule,(W) Will P 5-3 Julia T,Will P,1843.7,1848.7,5.0,Julia T,1808.1,1800.2,-8.0,0.551,0.199
2025-12-09,Poule,(W) Tom T 5-3 Anna Z,Tom T,1892.9,1899.8,6.9,Anna Z,1855.1,1847.3,-7.8,0.554,0.196
2025-12-09,Poule,(W) Greg 5-3 Adrian L,Greg,2207.9,2204.5,-3.4,Adrian L,1852.5,1857.2,4.7,0.886,0.136
2025-12-09,Poule,(W) Willie 5-4 Vincent,Willie,1931.1,1934.4,3.3,Vincent,1904.1,1901.3,-2.8,0.539,0.111
2025-12-09,Poule,(W) John H 5-1 Eugene,John H,1906.3,1913.7,7.4,Eugene,1751.3,1746.0,-5.3,0.709,0.211
2025-12-09,Poule,(W) Willie 5-1 Roeland,Willie,1934.4,1953.7,19.3,Roeland,2101.1,2081.8,-19.3,0.277,0.643
2025-12-09,Poule,(W) Vincent 5-2 Will P,Vincent,1901.3,1908.2,6.9,Will P,1848.7,1841.8,-6.9,0.575,0.275
2025-12-09,Poule,(W) Joshua 5-4 Fassel,Joshua,1685.0,1699.8,14.9,Fassel,1979.6,1964.8,-14.9,0.155,0.495
2025-12-09,Poule,(W) Eugene 5-3 Lukas N,Eugene,1746.0,1755.3,9.3,Lukas N,1833.1,1823.8,-9.3,0.377,0.373
2025-12-09,Poule,(W) Julia T 5-4 Colin R,Julia T,1800.2,1808.0,7.8,Colin R,1832.0,1827.1,-4.9,0.454,0.196
2025-12-09,Poule,(W) Charlie 5-2 Will P,Charlie,1901.5,1908.1,6.6,Will P,1841.8,1835.2,-6.6,0.585,0.265
2025-12-09,Poule,(W) Lukas N 5-1 Will P,Lukas N,1823.8,1834.7,10.9,Will P,1835.2,1824.3,-10.9,0.484,0.436
2025-12-09,Poule,(W) Vivian 5-0 Matilda,Vivian,1924.5,1929.1,4.6,Matilda,1666.4,1659.9,-6.5,0.815,0.185
2025-12-09,Poule,(W) Lukas N 5-2 Joshua,Lukas N,1834.7,1838.8,4.1,Joshua,1699.8,1694.9,-5.0,0.685,0.165
2025-12-09,Poule,(W) Vadym 5-2 Lukas N,Vadym,1919.3,1926.4,7.1,Lukas N,1838.8,1832.9,-5.9,0.614,0.236
2025-12-09,Poule,(W) Colin R 5-3 Marinko,Colin R,1827.1,1829.1,2.1,Marinko,1706.2,1703.7,-2.5,0.667,0.083
2025-12-09,Poule,(W) Fassel 5-3 Alix S,Fassel,1964.8,1961.6,-3.2,Alix S,1655.6,1659.3,3.7,0.856,0.106
2025-12-09,Poule,(W) Fassel 5-3 Willie,Fassel,1961.6,1968.8,7.2,Willie,1953.7,1946.5,-7.2,0.511,0.239
2025-12-09,Poule,(W) Julia T 5-3 Richard B,Julia T,1808.0,1820.8,12.8,Richard B,1856.4,1848.4,-8.0,0.431,0.319
2025-12-09,Poule,(W) Adrian L 5-4 Eugene,Adrian L,1857.2,1857.5,0.3,Eugene,1755.3,1755.2,-0.2,0.643,0.007
2025-12-09,Poule,(W) Vivian 5-3 Anna Z,Vivian,1929.1,1932.4,3.4,Anna Z,1847.3,1841.9,-5.4,0.616,0.134
2025-12-09,Poule,(W) Richard B 5-1 Will P,Richard B,1848.4,1858.1,9.6,Will P,1824.3,1814.6,-9.6,0.535,0.385
2025-12-09,Poule,(W) Charlie 5-4 Roeland,Charlie,1908.1,1917.7,9.5,Roeland,2081.8,2070.4,-11.4,0.269,0.381
2025-12-09,Poule,(W) Lukas N 5-3 Colin R,Lukas N,1832.9,1839.0,6.1,Colin R,1829.1,1823.0,-6.1,0.505,0.245
2025-12-09,Poule,(W) Vadym 5-0 Will W,Vadym,1926.4,1935.6,9.2,Will W,1785.3,1773.0,-12.3,0.693,0.307
2025-12-09,Poule,(W) Joshua 5-4 Marinko,Joshua,1694.9,1699.8,4.9,Marinko,1703.7,1698.8,-4.9,0.487,0.163
2025-12-09,Poule,(W) Willie 5-0 Eugene,Willie,1946.5,1954.0,7.5,Eugene,1755.2,1748.9,-6.2,0.751,0.249
2025-12-09,Poule,(W) Marg 5-4 Adrian L,Marg,1716.7,1726.9,10.3,Adrian L,1857.5,1845.5,-12.0,0.308,0.342
2025-12-09,Poule,(W) Greg 5-4 Colin R,Greg,2204.5,2198.3,-6.2,Colin R,1823.0,1829.3,6.2,0.9,0.25
2025-12-09,Poule,(W) Anna Z 5-1 Alix S,Anna Z,1841.9,1849.1,7.2,Alix S,1659.3,1653.0,-6.3,0.741,0.179
2025-12-09,Poule,(W) Tom T 5-1 Richard B,Tom T,1899.8,1912.4,12.6,Richard B,1858.1,1849.0,-9.0,0.56,0.36
2025-12-09,Poule,(W) Anna Z 5-2 Nat,Anna Z,1849.1,1848.1,-1.0,Nat,1511.8,1512.6,0.9,0.875,0.025
2025-12-09,Poule,(W) Willie 5-3 Marinko,Willie,1954.0,1952.1,-1.9,Marinko,1698.8,1700.7,1.9,0.813,0.063
2025-12-09,Poule,(W) Julia T 5-4 Matilda,Julia T,1820.8,1818.1,-2.6,Matilda,1659.9,1662.3,2.3,0.716,0.066
2025-12-09,Poule,(W) Vivian 5-3 Lukas N,Vivian,1932.4,1935.4,3.0,Lukas N,1839.0,1836.1,-3.0,0.631,0.119
2025-12-09,Poule,(W) Roeland 5-1 Will W,Roeland,2070.4,2072.5,2.2,Will W,1773.0,1770.0,-2.9,0.847,0.073
2025-12-09,Poule,(W) Greg 5-4 Vadym,Greg,2198.3,2194.0,-4.2,Vadym,1935.6,1940.7,5.1,0.819,0.169
2025-12-09,Poule,(W) Will P 5-3 John H,Will P,1814.6,1824.4,9.7,John H,1913.7,1900.1,-13.6,0.361,0.389
2025-12-09,Poule,(W) Caden 5-3 Marg,Caden,1777.1,1783.4,6.2,Marg,1726.9,1721.6,-5.3,0.572,0.178
2025-12-09,Poule,(W) Richard B 5-3 Alix S,Richard B,1849.0,1848.9,-0.1,Alix S,1653.0,1653.2,0.2,0.756,0.006
2025-12-09,Poule,(W) Caden 5-2 Adrian L,Caden,1783.4,1798.7,15.3,Adrian L,1845.5,1830.2,-15.3,0.411,0.439
2025-12-09,Poule,(W) Anna Z 5-1 Marg,Anna Z,1848.1,1856.7,8.6,Marg,1721.6,1714.2,-7.4,0.674,0.246
2025-12-09,Poule,(W) Fassel 5-2 Eugene,Fassel,1968.8,1970.9,2.1,Eugene,1748.9,1747.2,-1.8,0.78,0.07
2025-12-09,Poule,(W) Roeland 5-3 Will P,Roeland,2072.5,2070.8,-1.7,Will P,1824.4,1825.8,1.4,0.807,0.057
2025-12-09,Poule,(W) Tom T 5-3 Alix S,Tom T,1912.4,1910.1,-2.3,Alix S,1653.2,1655.5,2.3,0.816,0.066
2025-12-09,Poule,(W) Colin R 5-2 Eugene,Colin R,1829.3,1835.1,5.8,Eugene,1747.2,1741.3,-5.8,0.616,0.234
2025-12-09,Poule,(W) Lukas N 5-3 Will W,Lukas N,1836.1,1840.0,3.9,Will W,1770.0,1763.8,-6.2,0.594,0.156
2025-12-09,Poule,(W) Lukas N 5-2 Nat,Lukas N,1840.0,1839.5,-0.5,Nat,1512.6,1513.3,0.6,0.868,0.018
2025-12-09,Poule,(W) Vivian 5-3 Will W,Vivian,1935.4,1936.0,0.5,Will W,1763.8,1762.9,-0.9,0.729,0.021
2025-12-09,Poule,(W) Vadym 5-4 John H,Vadym,1940.7,1943.5,2.8,John H,1900.1,1896.9,-3.2,0.558,0.092
2025-12-09,Poule,(W) Julia T 5-4 Joshua,Julia T,1818.1,1817.5,-0.6,Joshua,1699.8,1700.2,0.4,0.664,0.014
2025-12-09,Poule,(W) Tom T 5-1 Colin R,Tom T,1910.1,1921.0,11.0,Colin R,1835.1,1827.3,-7.8,0.606,0.314
2025-12-09,Poule,(W) Greg 5-3 Lukas N,Greg,2194.0,2190.7,-3.4,Lukas N,1839.5,1842.9,3.4,0.885,0.135
2025-12-09,Poule,(W) Greg 5-4 Alix S,Greg,2190.7,2183.0,-7.7,Alix S,1655.5,1666.2,10.7,0.956,0.306
2025-12-09,Poule,(W) Richard B 5-3 Vincent,Richard B,1848.9,1857.3,8.4,Vincent,1908.2,1899.9,-8.4,0.415,0.335
2025-12-09,Poule,(W) Vivian 5-4 Adrian L,Vivian,1936.0,1936.0,0.1,Adrian L,1830.2,1830.1,-0.1,0.648,0.002
2025-12-09,Poule,(W) Vincent 5-3 John H,Vincent,1899.9,1906.0,6.1,John H,1896.9,1888.3,-8.6,0.504,0.246
2025-12-09,Poule,(W) Charlie 5-1 Colin R,Charlie,1917.7,1925.0,7.3,Colin R,1827.3,1820.0,-7.3,0.627,0.293
2025-12-09,Poule,(W) Roeland 5-3 Richard B,Roeland,2070.8,2070.1,-0.7,Richard B,1857.3,1857.9,0.6,0.774,0.024
2025-12-09,Poule,(W) Vivian 5-2 John H,Vivian,1936.0,1943.1,7.0,John H,1888.3,1878.4,-9.9,0.568,0.282
2025-12-09,Poule,(W) Julia T 5-0 Nat,Julia T,1817.5,1822.7,5.2,Nat,1513.3,1508.1,-5.2,0.852,0.148
2025-12-09,Poule,(W) Will W 5-4 Caden,Will W,1762.9,1771.0,8.1,Caden,1798.7,1791.7,-7.0,0.449,0.201
2025-12-09,Poule,(W) Charlie 5-0 Caden,Charlie,1925.0,1932.9,7.9,Caden,1791.7,1780.6,-11.1,0.683,0.317
2025-12-09,Poule,(W) Roeland 5-0 John H,Roeland,2070.1,2077.6,7.5,John H,1878.4,1869.7,-8.7,0.751,0.249
2025-12-09,Poule,(W) Anna Z 5-1 Eugene,Anna Z,1856.7,1865.8,9.1,Eugene,1741.3,1734.8,-6.5,0.66,0.26
2025-12-09,Poule,(W) Richard B 5-1 Nat,Richard B,1857.9,1858.8,0.9,Nat,1508.1,1506.8,-1.3,0.882,0.038
2025-12-09,Poule,(W) Lukas N 5-4 Richard B,Lukas N,1842.9,1847.2,4.3,Richard B,1858.8,1854.5,-4.3,0.477,0.173
2025-12-09,Poule,(W) Alix S 5-0 Will W,Alix S,1666.2,1688.8,22.6,Will W,1771.0,1745.1,-25.9,0.354,0.646
2025-12-09,Poule,(W) Richard B 5-3 Marinko,Richard B,1854.5,1855.5,1.1,Marinko,1700.7,1699.4,-1.3,0.708,0.042
2025-12-09,Poule,(W) Marinko 5-2 Eugene,Marinko,1699.4,1711.5,12.0,Eugene,1734.8,1724.8,-10.0,0.449,0.401
2025-12-09,Poule,(W) Tom T 5-4 Willie,Tom T,1921.0,1927.9,6.8,Willie,1952.1,1946.3,-5.8,0.455,0.195
2025-12-09,Poule,(W) Richard B 5-2 Matilda,Richard B,1855.5,1858.0,2.4,Matilda,1662.3,1658.9,-3.4,0.753,0.097
2025-12-09,Poule,(W) Richard B 5-2 Joshua,Richard B,1858.0,1861.4,3.4,Joshua,1700.2,1696.1,-4.1,0.713,0.137
2025-12-09,Poule,(W) Charlie 5-4 Vivian,Charlie,1932.9,1937.0,4.1,Vivian,1943.1,1938.9,-4.1,0.485,0.165
2025-12-09,Poule,(W) Colin R 5-4 Will P,Colin R,1820.0,1823.9,4.0,Will P,1825.8,1821.8,-4.0,0.492,0.158
2025-12-09,L1-32,(W) Will P - John H,Will P,1821.8,1842.1,20.3,John H,1869.7,1841.3,-28.4,0.432,0.568
2025-12-09,L1-32,(W) Will W - Vadym,Will W,1745.1,1788.4,43.2,Vadym,1943.5,1911.1,-32.4,0.242,0.758
2025-12-09,L1-32,(W) Caden - Adrian L,Caden,1780.6,1809.0,28.5,Adrian L,1830.1,1801.6,-28.5,0.429,0.571
2025-12-09,L1-32,(W) Marinko - Joshua,Marinko,1711.5,1731.9,20.4,Joshua,1696.1,1675.6,-20.4,0.522,0.478
2025-12-09,L1-16,(W) Fassel - Will P,Fassel,1970.9,1987.4,16.6,Will P,1842.1,1828.3,-13.8,0.677,0.323
2025-12-09,L1-16,(W) Greg - Lukas N,Greg,2183.0,2188.4,5.4,Lukas N,1847.2,1841.8,-5.4,0.874,0.126
2025-12-09,L1-16,(W) Richard B - Eugene,Richard B,1861.4,1874.8,13.4,Eugene,1724.8,1711.4,-13.4,0.687,0.313
2025-12-09,L1-16,(W) Willie - Will W,Willie,1946.3,1961.0,14.7,Will W,1788.4,1768.7,-19.6,0.713,0.287
2025-12-09,L1-16,(W) Vivian - Caden,Vivian,1938.9,1952.7,13.7,Caden,1809.0,1789.8,-19.2,0.679,0.321
2025-12-09,L1-16,(W) Tom T - Colin R,Tom T,1927.9,1949.1,21.2,Colin R,1823.9,1808.8,-15.2,0.645,0.355
2025-12-09,L1-16,(W) Roeland - Vincent,Roeland,2077.6,2091.5,13.9,Vincent,1906.0,1894.4,-11.6,0.729,0.271
2025-12-09,L1-16,(W) Charlie - Marinko,Charlie,1937.0,1947.1,10.0,Marinko,1731.9,1719.8,-12.1,0.765,0.235
2025-12-09,L1-8,(W) Greg - Fassel,Greg,2188.4,2202.1,13.6,Fassel,1987.4,1971.1,-16.4,0.761,0.239
2025-12-09,L1-8,(W) Willie - Richard B,Willie,1961.0,1986.9,25.9,Richard B,1874.8,1853.2,-21.6,0.622,0.378
2025-12-09,L1-8,(W) Tom T - Vivian,Tom T,1949.1,1989.4,40.3,Vivian,1952.7,1923.9,-28.8,0.495,0.505
2025-12-09,L1-8,(W) Charlie - Roeland,Charlie,1947.1,1986.8,39.7,Roeland,2091.5,2043.9,-47.7,0.303,0.697
2025-12-09,L9-16,(W) Lukas N - Will P,Lukas N,1841.8,1862.4,20.5,Will P,1828.3,1807.7,-20.5,0.519,0.481
2025-12-09,L9-16,(W) Will W - Eugene,Will W,1768.7,1797.3,28.6,Eugene,1711.4,1693.5,-17.9,0.582,0.418
2025-12-09,L9-16,(W) Colin R - Caden,Colin R,1808.8,1829.0,20.2,Caden,1789.8,1765.5,-24.3,0.527,0.473
2025-12-09,L9-16,(W) Vincent - Marinko,Vincent,1894.4,1905.9,11.5,Marinko,1719.8,1706.1,-13.8,0.732,0.268
2025-12-09,L1-4,(W) Greg - Willie,Greg,2202.1,2221.3,19.2,Willie,1986.9,1963.9,-23.1,0.775,0.225
2025-12-09,L1-4,(W) Tom T - Charlie,Tom T,1989.4,2048.8,59.4,Charlie,1986.8,1944.3,-42.4,0.504,0.496
2025-12-09,L5-8,(W) Fassel - Richard B,Fassel,1971.1,1994.1,23.0,Richard B,1853.2,1834.0,-19.2,0.663,0.337
2025-12-09,L5-8,(W) Roeland - Vivian,Roeland,2043.9,2066.7,22.8,Vivian,1923.9,1904.8,-19.0,0.666,0.334
2025-12-09,L9-12,(W) Will W - Lukas N,Will W,1797.3,1837.9,40.5,Lukas N,1862.4,1837.0,-25.3,0.407,0.593
2025-12-09,L9-12,(W) Vincent - Colin R,Vincent,1905.9,1922.6,16.7,Colin R,1829.0,1812.2,-16.7,0.609,0.391
2025-12-09,L13-16,(W) Will P - Eugene,Will P,1807.7,1820.4,12.6,Eugene,1693.5,1680.9,-12.6,0.659,0.341
2025-12-09,L13-16,(W) Caden - Marinko,Caden,1765.5,1784.0,18.5,Marinko,1706.1,1687.6,-18.5,0.585,0.415
2025-12-09,L17-20,(W) Vadym - John H,Vadym,1911.1,1924.8,13.7,John H,1841.3,1825.3,-16.0,0.599,0.401
2025-12-09,L17-20,(W) Adrian L - Joshua,Adrian L,1801.6,1814.6,13.0,Joshua,1675.6,1664.5,-11.2,0.674,0.326
2025-12-09,L1-2,(W) Greg - Tom T,Greg,2221.3,2252.1,30.8,Tom T,2048.8,2005.7,-43.2,0.73,0.27
2025-12-09,L3-4,(W) Willie - Charlie,Willie,1963.9,1996.1,32.3,Charlie,1944.3,1917.4,-26.9,0.528,0.472
2025-12-09,L5-6,(W) Fassel - Roeland,Fassel,1994.1,2014.7,20.6,Roeland,2066.7,2046.1,-20.6,0.397,0.603
2025-12-09,L7-8,(W) Vivian - Richard B,Vivian,1904.8,1916.2,11.4,Richard B,1834.0,1822.6,-11.4,0.601,0.399
2025-12-09,L9-10,(W) Vincent - Will W,Vincent,1922.6,1933.4,10.8,Will W,1837.9,1820.5,-17.4,0.62,0.38
2025-12-09,L11-12,(W) Colin R - Lukas N,Colin R,1812.2,1827.5,15.3,Lukas N,1837.0,1821.8,-15.3,0.464,0.536
2025-12-09,L15-16,(W) Marinko - Eugene,Marinko,1687.6,1704.4,16.8,Eugene,1680.9,1666.9,-14.0,0.51,0.49
2025-12-09,L17-18,(W) Adrian L - Vadym,Adrian L,1814.6,1840.7,26.1,Vadym,1924.8,1902.4,-22.4,0.347,0.653
2025-12-09,L19-20,(W) John H - Joshua,John H,1825.3,1836.7,11.3,Joshua,1664.5,1654.8,-9.7,0.716,0.284
2025-12-16,Poule,(W) Willie 5-3 Darran,Willie,2004.1,2006.8,2.7,Darran,1888.0,1884.9,-3.1,0.661,0.089
2025-12-16,Poule,(W) Alex A 5-4 Lukas N,Alex A,1949.1,1948.3,-0.8,Lukas N,1821.8,1822.4,0.6,0.675,0.025
2025-12-16,Poule,(W) Eric L 5-2 Charlie,Eric L,2031.4,2036.3,5.0,Charlie,1922.4,1917.5,-5.0,0.652,0.198
2025-12-16,Poule,(W) Tom T 5-4 Vivian,Tom T,2020.7,2020.8,0.1,Vivian,1916.2,1916.1,-0.1,0.646,0.004
2025-12-16,Poule,(W) Vincent 5-3 Lukas N,Vincent,1933.4,1935.8,2.4,Lukas N,1822.4,1820.0,-2.4,0.655,0.095
2025-12-16,Poule,(W) Anna A 5-3 Alex A,Anna A,1791.0,1807.2,16.2,Alex A,1948.3,1934.4,-13.9,0.288,0.462
2025-12-16,Poule,(W) Alex A 5-4 Eugene,Alex A,1934.4,1929.2,-5.2,Eugene,1666.9,1671.3,4.3,0.823,0.173
2025-12-16,Poule,(W) Darran 5-3 Vivian,Darran,1884.9,1895.2,10.3,Vivian,1916.1,1908.8,-7.4,0.455,0.295
2025-12-16,Poule,(W) Vivian 5-1 Will W,Vivian,1908.8,1916.1,7.4,Will W,1820.5,1808.7,-11.8,0.624,0.296
2025-12-16,Poule,(W) Eric L 5-1 Nat,Eric L,2036.3,2035.5,-0.9,Nat,1506.8,1507.8,1.0,0.955,0.035
2025-12-16,Poule,(W) Will W 5-3 Joshua,Will W,1808.7,1810.4,1.7,Joshua,1654.8,1653.5,-1.3,0.708,0.042
2025-12-16,Poule,(W) Anna A 5-0 Anna Z,Anna A,1807.2,1827.6,20.4,Anna Z,1865.8,1845.3,-20.4,0.416,0.584
2025-12-16,Poule,(W) Willie 5-3 Fassel,Willie,2006.8,2014.6,7.8,Fassel,2014.7,2006.9,-7.8,0.489,0.261
2025-12-16,Poule,(W) Willie 5-4 Giles,Willie,2014.6,2009.3,-5.4,Giles,1740.5,1746.7,6.3,0.829,0.179
2025-12-16,Poule,(W) Marg 5-1 Anna Z,Marg,1714.2,1732.2,18.0,Anna Z,1845.3,1824.3,-21.0,0.32,0.6
2025-12-16,Poule,(W) Giles 5-3 Nat,Giles,1746.7,1745.1,-1.7,Nat,1507.8,1509.3,1.4,0.798,0.048
2025-12-16,Poule,(W) Eric L 5-2 Caden,Eric L,2035.5,2036.5,1.0,Caden,1784.0,1782.8,-1.2,0.81,0.04
2025-12-16,Poule,(W) Vincent 5-4 Fassel,Vincent,1935.8,1942.1,6.3,Fassel,2006.9,1999.3,-7.5,0.399,0.251
2025-12-16,Poule,(W) Fassel 5-2 Joshua,Fassel,1999.3,1998.5,-0.9,Joshua,1653.5,1654.4,0.9,0.88,0.03
2025-12-16,Poule,(W) Miriam 5-1 Chrissy,Miriam,1774.3,1785.4,11.1,Chrissy,1701.4,1690.3,-11.1,0.603,0.317
2025-12-16,Poule,(W) Will W 5-1 Darran,Will W,1810.4,1831.9,21.6,Darran,1895.2,1876.3,-18.9,0.38,0.54
2025-12-16,Poule,(W) Vivian 5-4 Eugene,Vivian,1916.1,1912.3,-3.8,Eugene,1671.3,1675.1,3.8,0.804,0.154
2025-12-16,Poule,(W) Willie 5-3 Adam S,Willie,2009.3,2008.9,-0.4,Adam S,1807.0,1807.5,0.5,0.762,0.012
2025-12-16,Poule,(W) Tom T 5-4 Miriam,Tom T,2020.8,2015.7,-5.1,Miriam,1785.4,1790.4,5.1,0.795,0.145
2025-12-16,Poule,(W) Chrissy 5-4 Anna A,Chrissy,1690.3,1702.2,11.8,Anna A,1827.6,1817.5,-10.1,0.312,0.338
2025-12-16,Poule,(W) Fassel 5-3 Charlie,Fassel,1998.5,2002.5,4.1,Charlie,1917.5,1914.1,-3.4,0.614,0.136
2025-12-16,Poule,(W) Charlie 5-2 Will W,Charlie,1914.1,1919.9,5.8,Will W,1831.9,1822.6,-9.4,0.616,0.234
2025-12-16,Poule,(W) Tom T 5-4 Alex A,Tom T,2015.7,2016.7,1.0,Alex A,1929.2,1928.4,-0.8,0.622,0.028
2025-12-16,Poule,(W) Willie 5-4 Vincent,Willie,2008.9,2010.6,1.6,Vincent,1942.1,1940.7,-1.4,0.595,0.055
2025-12-16,Poule,(W) Lukas N 5-3 Joshua,Lukas N,1820.0,1820.7,0.7,Joshua,1654.4,1653.6,-0.8,0.722,0.028
2025-12-16,Poule,(W) Charlie 5-0 Lukas N,Charlie,1919.9,1929.0,9.0,Lukas N,1820.7,1811.7,-9.0,0.639,0.361
2025-12-16,Poule,(W) Charlie 5-4 Vincent,Charlie,1929.0,1933.1,4.2,Vincent,1940.7,1936.5,-4.2,0.483,0.167
2025-12-16,Poule,(W) Charlie 5-2 Willie,Charlie,1933.1,1944.6,11.5,Willie,2010.6,1996.8,-13.8,0.39,0.46
2025-12-16,Poule,(W) Will W 5-3 Alex A,Will W,1822.6,1838.5,15.9,Alex A,1928.4,1916.5,-11.9,0.352,0.398
2025-12-16,Poule,(W) Vincent 5-3 Vivian,Vincent,1936.5,1941.9,5.4,Vivian,1912.3,1906.9,-5.4,0.535,0.215
2025-12-16,Poule,(W) Eugene 5-4 Tom T,Eugene,1675.1,1688.3,13.2,Tom T,2016.7,1998.3,-18.5,0.123,0.527
2025-12-16,Poule,(W) Eric L 5-2 Darran,Eric L,2036.5,2039.8,3.4,Darran,1876.3,1871.6,-4.7,0.715,0.135
2025-12-16,Poule,(W) Charlie 5-3 Caden,Charlie,1944.6,1945.4,0.8,Caden,1782.8,1781.8,-1.0,0.717,0.033
2025-12-16,Poule,(W) Miriam 5-1 Anna Z,Miriam,1790.4,1806.8,16.4,Anna Z,1824.3,1807.9,-16.4,0.451,0.469
2025-12-16,Poule,(W) Eric L 5-4 Chrissy,Eric L,2039.8,2034.2,-5.6,Chrissy,1702.2,1710.0,7.9,0.875,0.225
2025-12-16,Poule,(W) Nat 5-3 Joshua,Nat,1509.3,1522.7,13.4,Joshua,1653.6,1640.2,-13.4,0.304,0.446
2025-12-16,Poule,(W) Eric L 5-3 Tom T,Eric L,2034.2,2039.2,5.0,Tom T,1998.3,1991.3,-6.9,0.552,0.198
2025-12-16,Poule,(W) Anna A 5-4 Miriam,Anna A,1817.5,1821.5,4.0,Miriam,1806.8,1802.1,-4.7,0.515,0.135
2025-12-16,Poule,(W) Will W 5-4 Giles,Will W,1838.5,1839.2,0.7,Giles,1745.1,1744.4,-0.7,0.631,0.019
2025-12-16,Poule,(W) Vincent 5-1 Eric L,Vincent,1941.9,1955.8,13.9,Eric L,2039.2,2025.3,-13.9,0.364,0.556
2025-12-16,Poule,(W) Giles 5-4 Eric L,Giles,1744.4,1761.4,17.0,Eric L,2025.3,2013.2,-12.1,0.166,0.484
2025-12-16,Poule,(W) Charlie 5-3 Anna Z,Charlie,1945.4,1947.0,1.5,Anna Z,1807.9,1805.8,-2.2,0.688,0.062
2025-12-16,Poule,(W) Eugene 5-0 Nat,Eugene,1688.3,1695.2,7.0,Nat,1522.7,1514.3,-8.3,0.722,0.278
2025-12-16,Poule,(W) Darran 5-4 Anna Z,Darran,1871.6,1873.6,2.0,Anna Z,1805.8,1803.8,-2.0,0.594,0.056
2025-12-16,Poule,(W) Fassel 5-3 Darran,Fassel,2002.5,2004.7,2.2,Darran,1873.6,1871.0,-2.5,0.678,0.072
2025-12-16,Poule,(W) Vincent 5-3 Anna A,Vincent,1955.8,1957.5,1.6,Anna A,1821.5,1819.5,-2.0,0.684,0.066
2025-12-16,Poule,(W) Caden 5-4 Eugene,Caden,1781.8,1782.7,0.8,Eugene,1695.2,1694.5,-0.7,0.622,0.028
2025-12-16,Poule,(W) Vivian 5-3 Nat,Vivian,1906.9,1903.0,-3.9,Nat,1514.3,1519.0,4.7,0.906,0.156
2025-12-16,Poule,(W) Will W 5-3 Eugene,Will W,1839.2,1841.4,2.1,Eugene,1694.5,1693.2,-1.3,0.697,0.053
2025-12-16,Poule,(W) Lukas N 5-3 Miriam,Lukas N,1811.7,1817.6,5.9,Miriam,1802.1,1793.9,-8.3,0.514,0.236
2025-12-16,Poule,(W) Adam S 5-4 Tom T,Adam S,1807.5,1823.2,15.7,Tom T,1991.3,1977.6,-13.7,0.258,0.392
2025-12-16,Poule,(W) Will W 5-1 Caden,Will W,1841.4,1854.8,13.5,Caden,1782.7,1772.6,-10.1,0.584,0.336
2025-12-16,Poule,(W) Vivian 5-0 Joshua,Vivian,1903.0,1907.5,4.5,Joshua,1640.2,1634.7,-5.4,0.82,0.18
2025-12-16,Poule,(W) Fassel 5-0 Caden,Fassel,2004.7,2010.9,6.2,Caden,1772.6,1766.3,-6.2,0.792,0.208
2025-12-16,Poule,(W) Lukas N 5-4 Eugene,Lukas N,1817.6,1817.0,-0.5,Eugene,1693.2,1693.8,0.5,0.672,0.022
2025-12-16,Poule,(W) Anna A 5-3 Lukas N,Anna A,1819.5,1826.9,7.4,Lukas N,1817.0,1810.9,-6.2,0.504,0.246
2025-12-16,Poule,(W) Nat 5-0 Lukas N,Nat,1519.0,1544.3,25.3,Lukas N,1810.9,1789.8,-21.1,0.157,0.843
2025-12-16,Poule,(W) Anna A 5-3 Darran,Anna A,1826.9,1836.3,9.4,Darran,1871.0,1860.1,-11.0,0.437,0.313
2025-12-16,Poule,(W) Alex A 5-3 Vivian,Alex A,1916.5,1923.6,7.1,Vivian,1907.5,1901.6,-5.9,0.513,0.237
2025-12-16,Poule,(W) Eric L 5-4 Fassel,Eric L,2013.2,2016.8,3.7,Fassel,2010.9,2006.5,-4.4,0.503,0.147
2025-12-16,Poule,(W) Eric L 5-2 Willie,Eric L,2016.8,2024.9,8.0,Willie,1996.8,1987.1,-9.6,0.529,0.321
2025-12-16,Poule,(W) Alex A 5-2 Joshua,Alex A,1923.6,1923.9,0.3,Joshua,1634.7,1634.5,-0.3,0.841,0.009
2025-12-16,Poule,(W) Adam S 5-4 Eugene,Adam S,1823.2,1822.1,-1.1,Eugene,1693.8,1694.5,0.7,0.678,0.028
2025-12-16,Poule,(W) Alex A 5-4 Caden,Alex A,1923.9,1922.0,-1.9,Caden,1766.3,1768.2,1.9,0.712,0.062
2025-12-16,Poule,(W) Tom T 5-1 Nat,Tom T,1977.6,1977.4,-0.1,Nat,1544.3,1544.4,0.1,0.924,0.004
2025-12-16,Poule,(W) Fassel 5-4 Will W,Fassel,2006.5,2004.9,-1.7,Will W,1854.8,1856.8,1.9,0.705,0.055
2025-12-16,Poule,(W) Alex A 5-4 Charlie,Alex A,1922.0,1927.6,5.6,Charlie,1947.0,1942.3,-4.6,0.464,0.186
2025-12-16,Poule,(W) Charlie 5-1 Tom T,Charlie,1942.3,1954.1,11.8,Tom T,1977.4,1961.0,-16.5,0.45,0.47
2025-12-16,Poule,(W) Caden 5-4 Giles,Caden,1768.2,1772.4,4.2,Giles,1761.4,1757.1,-4.2,0.51,0.14
2025-12-16,Poule,(W) Fassel 5-3 Vivian,Fassel,2004.9,2008.0,3.2,Vivian,1901.6,1899.0,-2.6,0.644,0.106
2025-12-16,Poule,(W) Alex A 5-4 Marg,Alex A,1927.6,1924.4,-3.1,Marg,1732.2,1735.4,3.1,0.755,0.105
2025-12-16,Poule,(W) Charlie 5-3 Anna A,Charlie,1954.1,1956.3,2.2,Anna A,1836.3,1833.7,-2.6,0.663,0.087
2025-12-16,Poule,(W) Fassel 5-1 Lukas N,Fassel,2008.0,2012.3,4.2,Lukas N,1789.8,1786.3,-3.5,0.778,0.142
2025-12-16,Poule,(W) Vivian 5-4 Caden,Vivian,1899.0,1898.4,-0.6,Caden,1772.4,1773.1,0.7,0.675,0.025
2025-12-16,Poule,(W) Anna Z 5-4 Giles,Anna Z,1803.8,1806.7,2.9,Giles,1757.1,1754.6,-2.5,0.567,0.083
2025-12-16,Poule,(W) Eric L 5-1 Joshua,Eric L,2024.9,2025.3,0.4,Joshua,1634.5,1634.0,-0.5,0.904,0.016
2025-12-16,Poule,(W) Eugene 5-4 Joshua,Eugene,1694.5,1696.1,1.6,Joshua,1634.0,1632.1,-1.9,0.586,0.064
2025-12-16,Poule,(W) Willie 5-2 Miriam,Willie,1987.1,1990.1,2.9,Miriam,1793.9,1790.5,-3.4,0.753,0.097
2025-12-16,Poule,(W) Chrissy 5-4 Marg,Chrissy,1710.0,1716.6,6.5,Marg,1735.4,1729.8,-5.6,0.464,0.186
2025-12-16,Poule,(W) Fassel 5-1 Chrissy,Fassel,2012.3,2014.5,2.2,Chrissy,1716.6,1714.0,-2.6,0.846,0.074
2025-12-16,Poule,(W) Lukas N 5-3 Chrissy,Lukas N,1786.3,1790.0,3.7,Chrissy,1714.0,1708.8,-5.2,0.603,0.147
2025-12-16,Poule,(W) Willie 5-2 Caden,Willie,1990.1,1992.3,2.2,Caden,1773.1,1770.9,-2.2,0.777,0.073
2025-12-16,Poule,(W) Alex A 5-4 Giles,Alex A,1924.4,1922.1,-2.3,Giles,1754.6,1756.9,2.3,0.727,0.077
2025-12-16,Poule,(W) Alex A 5-4 Anna Z,Alex A,1922.1,1921.8,-0.3,Anna Z,1806.7,1807.1,0.4,0.66,0.01
2025-12-16,Poule,(W) Alex A 5-3 Fassel,Alex A,1921.8,1933.2,11.4,Fassel,2014.5,2003.1,-11.4,0.37,0.38
2025-12-16,Poule,(W) Anna A 5-3 Marg,Anna A,1833.7,1836.9,3.1,Marg,1729.8,1726.6,-3.1,0.645,0.105
2025-12-16,Poule,(W) Vincent 5-3 Marg,Vincent,1957.5,1956.5,-1.0,Marg,1726.6,1727.9,1.2,0.791,0.041
2025-12-16,Poule,(W) Chrissy 5-0 Giles,Chrissy,1708.8,1728.7,19.9,Giles,1756.9,1739.9,-17.1,0.431,0.569
2025-12-16,Poule,(W) Anna Z 5-4 Chrissy,Anna Z,1807.1,1808.4,1.4,Chrissy,1728.7,1727.3,-1.4,0.611,0.039
2025-12-16,L1-16,(W) Alex A - Joshua,Alex A,1933.2,1940.3,7.1,Joshua,1632.1,1625.0,-7.1,0.85,0.15
2025-12-16,L1-16,(W) Vivian - Tom T,Vivian,1898.4,1921.5,23.2,Tom T,1961.0,1928.5,-32.4,0.411,0.589
2025-12-16,L1-16,(W) Willie - Giles,Willie,1992.3,2001.2,8.9,Giles,1739.9,1730.9,-8.9,0.81,0.19
2025-12-16,L1-16,(W) Charlie - Darran,Charlie,1956.3,1970.6,14.4,Darran,1860.1,1840.0,-20.1,0.635,0.365
2025-12-16,L1-16,(W) Fassel - Nat,Fassel,2003.1,2006.2,3.1,Nat,1544.4,1541.2,-3.1,0.933,0.067
2025-12-16,L1-16,(W) Vincent - Eugene,Vincent,1956.5,1963.6,7.2,Eugene,1696.1,1688.9,-7.2,0.817,0.183
2025-12-16,L1-16,(W) Will W - Miriam,Will W,1856.8,1879.1,22.3,Miriam,1790.5,1768.1,-22.3,0.594,0.406
2025-12-16,L1-16,(W) Eric L - Caden,Eric L,2025.3,2032.6,7.4,Caden,1770.9,1762.1,-8.9,0.812,0.188
2025-12-16,L1-8,(W) Alex A - Vivian,Alex A,1940.3,1970.1,29.8,Vivian,1921.5,1896.7,-24.8,0.527,0.473
2025-12-16,L1-8,(W) Willie - Charlie,Willie,2001.2,2029.9,28.7,Charlie,1970.6,1946.7,-23.9,0.544,0.456
2025-12-16,L1-8,(W) Fassel - Vincent,Fassel,2006.2,2033.9,27.6,Vincent,1963.6,1940.6,-23.0,0.561,0.439
2025-12-16,L1-8,(W) Eric L - Will W,Eric L,2032.6,2048.0,15.3,Will W,1879.1,1857.6,-21.5,0.708,0.292
2025-12-16,L9-16,(W) Tom T - Joshua,Tom T,1928.5,1936.7,8.2,Joshua,1625.0,1618.0,-7.0,0.852,0.148
2025-12-16,L9-16,(W) Darran - Giles,Darran,1840.0,1859.1,19.2,Giles,1730.9,1714.5,-16.4,0.652,0.348
2025-12-16,L9-16,(W) Nat - Eugene,Nat,1541.2,1574.3,33.1,Eugene,1688.9,1661.3,-27.6,0.299,0.701
2025-12-16,L9-16,(W) Caden - Miriam,Caden,1762.1,1786.1,24.0,Miriam,1768.1,1740.1,-28.0,0.491,0.509
2025-12-16,L1-4,(W) Willie - Alex A,Willie,2029.9,2069.0,39.1,Alex A,1970.1,1930.9,-39.1,0.585,0.415
2025-12-16,L1-4,(W) Fassel - Eric L,Fassel,2033.9,2083.0,49.1,Eric L,2048.0,2007.1,-40.9,0.48,0.52
2025-12-16,L5-8,(W) Charlie - Vivian,Charlie,1946.7,1969.2,22.5,Vivian,1896.7,1874.3,-22.5,0.571,0.429
2025-12-16,L5-8,(W) Vincent - Will W,Vincent,1940.6,1960.7,20.1,Will W,1857.6,1829.5,-28.1,0.617,0.383
2025-12-16,L9-12,(W) Darran - Tom T,Darran,1859.1,1892.7,33.6,Tom T,1936.7,1903.1,-33.6,0.39,0.61
2025-12-16,L9-12,(W) Caden - Nat,Caden,1786.1,1796.9,10.8,Nat,1574.3,1563.5,-10.8,0.772,0.228
2025-12-16,L13-16,(W) Joshua - Giles,Joshua,1618.0,1644.0,26.0,Giles,1714.5,1688.5,-26.0,0.365,0.635
2025-12-16,L13-16,(W) Miriam - Eugene,Miriam,1740.1,1758.6,18.5,Eugene,1661.3,1648.1,-13.2,0.611,0.389
2025-12-16,L1-2,(W) Willie - Fassel,Willie,2069.0,2134.5,65.5,Fassel,2083.0,2017.5,-65.5,0.48,0.52
2025-12-16,L3-4,(W) Alex A - Eric L,Alex A,1930.9,1969.2,38.2,Eric L,2007.1,1975.2,-31.9,0.392,0.608
2025-12-16,L5-6,(W) Vincent - Charlie,Vincent,1960.7,1974.1,13.4,Charlie,1969.2,1955.7,-13.4,0.488,0.512
2025-12-16,L7-8,(W) Vivian - Will W,Vivian,1874.3,1885.7,11.4,Will W,1829.5,1813.5,-16.0,0.564,0.436
2025-12-16,L9-10,(W) Darran - Caden,Darran,1892.7,1906.1,13.4,Caden,1796.9,1785.4,-11.5,0.635,0.365
2025-12-16,L11-12,(W) Tom T - Nat,Tom T,1903.1,1907.7,4.6,Nat,1563.5,1559.6,-3.9,0.876,0.124
2025-12-16,L13-14,(W) Miriam - Joshua,Miriam,1758.6,1771.2,12.5,Joshua,1644.0,1633.3,-10.7,0.659,0.341
2025-12-16,L15-16,(W) Eugene - Giles,Eugene,1648.1,1662.7,14.6,Giles,1688.5,1671.0,-17.6,0.442,0.558
2026-01-06,Poule,(W) Greg 5-1 Steph,Greg,2277.1,2277.1,0.0,Steph,1855.3,1855.2,-0.0,0.919,0.001
2026-01-06,Poule,(W) Fassel 5-2 Caden,Fassel,2032.5,2033.9,1.3,Caden,1785.4,1784.0,-1.3,0.806,0.044
2026-01-06,Poule,(W) Greg 5-1 Marg,Greg,2277.1,2276.1,-1.0,Marg,1727.9,1728.8,1.0,0.959,0.039
2026-01-06,Poule,(W) Caden 5-3 Vadym,Caden,1784.0,1796.5,12.4,Vadym,1902.4,1890.0,-12.4,0.336,0.414
2026-01-06,Poule,(W) Steph 5-4 Marg,Steph,1855.2,1854.6,-0.6,Marg,1728.8,1729.5,0.6,0.674,0.024
2026-01-06,Poule,(W) John H 5-3 Tom T,John H,1836.7,1848.9,12.3,Tom T,1907.7,1895.4,-12.3,0.399,0.351
2026-01-06,Poule,(W) Fassel 5-1 Steph,Fassel,2033.9,2039.3,5.5,Steph,1854.6,1850.1,-4.6,0.737,0.183
2026-01-06,Poule,(W) Greg 5-4 Caden,Greg,2276.1,2268.9,-7.3,Caden,1796.5,1805.2,8.7,0.941,0.291
2026-01-06,Poule,(W) Eric L 5-0 Marg,Eric L,1980.2,1985.0,4.8,Marg,1729.5,1724.7,-4.8,0.809,0.191
2026-01-06,Poule,(W) Eric L 5-3 Vadym,Eric L,1985.0,1987.9,2.9,Vadym,1890.0,1886.5,-3.5,0.633,0.117
2026-01-06,Poule,(W) Tom T 5-3 Alex A,Tom T,1895.4,1908.2,12.8,Alex A,1977.2,1966.2,-11.0,0.384,0.366
2026-01-06,Poule,(W) Eric L 5-1 Steph,Eric L,1987.9,1993.7,5.8,Steph,1850.1,1844.3,-5.8,0.689,0.231
2026-01-06,Poule,(W) Vadym 5-2 Steph,Vadym,1886.5,1895.2,8.7,Steph,1844.3,1837.0,-7.2,0.56,0.29
2026-01-06,Poule,(W) Greg 5-0 Alex Y,Greg,2268.9,2271.8,3.0,Alex Y,1919.5,1916.0,-3.5,0.882,0.118
2026-01-06,Poule,(W) Vivian 5-4 John H,Vivian,1885.7,1888.1,2.4,John H,1848.9,1845.5,-3.4,0.553,0.097
2026-01-06,Poule,(W) Eric L 5-3 Alex Y,Eric L,1993.7,1997.2,3.5,Alex Y,1916.0,1911.8,-4.2,0.61,0.14
2026-01-06,Poule,(W) Tom T 5-3 Fassel,Tom T,1908.2,1923.3,15.1,Fassel,2039.3,2026.4,-12.9,0.32,0.43
2026-01-06,Poule,(W) John H 5-3 Willie,John H,1845.5,1866.8,21.3,Willie,2159.5,2141.2,-18.3,0.141,0.609
2026-01-06,Poule,(W) Steph 5-3 Willie,Steph,1837.0,1852.1,15.1,Willie,2141.2,2123.2,-18.1,0.148,0.602
2026-01-06,Poule,(W) Fassel 5-3 Eric L,Fassel,2026.4,2032.7,6.2,Eric L,1997.2,1992.0,-5.2,0.542,0.208
2026-01-06,Poule,(W) Alex A 5-3 Vadym,Alex A,1966.2,1970.7,4.5,Vadym,1895.2,1890.7,-4.5,0.601,0.149
2026-01-06,Poule,(W) Willie 5-0 Caden,Willie,2123.2,2127.3,4.1,Caden,1805.2,1801.0,-4.1,0.862,0.138
2026-01-06,Poule,(W) Alejo 5-2 Marg,Alejo,1975.5,1976.5,1.0,Marg,1724.7,1723.7,-1.0,0.809,0.041
2026-01-06,Poule,(W) Will P 5-3 Eric L,Will P,1820.4,1832.3,12.0,Eric L,1992.0,1980.0,-12.0,0.271,0.479
2026-01-06,Poule,(W) Alex A 5-2 Caden,Alex A,1970.7,1974.4,3.7,Caden,1801.0,1797.3,-3.7,0.726,0.124
2026-01-06,Poule,(W) Eric L 5-3 Vivian,Eric L,1980.0,1983.0,3.0,Vivian,1888.1,1885.1,-3.0,0.629,0.121
2026-01-06,Poule,(W) Alex A 5-3 Marg,Alex A,1974.4,1972.6,-1.8,Marg,1723.7,1725.1,1.5,0.809,0.059
2026-01-06,Poule,(W) Vivian 5-2 Marg,Vivian,1885.1,1888.5,3.4,Marg,1725.1,1721.8,-3.4,0.715,0.135
2026-01-06,Poule,(W) Eric L 5-2 Caden,Eric L,1983.0,1985.7,2.6,Caden,1797.3,1794.1,-3.2,0.744,0.106
2026-01-06,Poule,(W) Vivian 5-3 Caden,Vivian,1888.5,1891.4,2.9,Caden,1794.1,1790.6,-3.5,0.633,0.117
2026-01-06,Poule,(W) Alejo 5-4 Vadym,Alejo,1976.5,1977.3,0.7,Vadym,1890.7,1889.8,-0.9,0.621,0.029
2026-01-06,Poule,(W) Alex Y 5-4 Willie,Alex Y,1911.8,1924.5,12.8,Willie,2127.3,2114.5,-12.8,0.224,0.426
2026-01-06,Poule,(W) Fassel 5-4 Vivian,Fassel,2032.7,2031.4,-1.3,Vivian,1891.4,1892.5,1.1,0.693,0.043
2026-01-06,Poule,(W) Fassel 5-4 Willie,Fassel,2031.4,2039.4,8.0,Willie,2114.5,2106.5,-8.0,0.383,0.267
2026-01-06,Poule,(W) Alex A 5-4 Alejo,Alex A,1972.6,1977.3,4.7,Alejo,1977.3,1973.4,-3.9,0.493,0.157
2026-01-06,Poule,(W) Will P 5-4 Tom T,Will P,1832.3,1839.3,6.9,Tom T,1923.3,1913.5,-9.7,0.372,0.278
2026-01-06,Poule,(W) Vadym 5-3 Will P,Vadym,1889.8,1895.2,5.3,Will P,1839.3,1834.9,-4.4,0.572,0.178
2026-01-06,Poule,(W) Vivian 5-1 Willie,Vivian,1892.5,1909.8,17.4,Willie,2106.5,2085.7,-20.8,0.226,0.694
2026-01-06,Poule,(W) Greg 5-2 Vivian,Greg,2271.8,2270.8,-1.0,Vivian,1909.8,1910.8,1.0,0.889,0.039
2026-01-06,Poule,(W) Alex Y 5-4 Tom T,Alex Y,1924.5,1928.6,4.0,Tom T,1913.5,1908.8,-4.7,0.516,0.134
2026-01-06,Poule,(W) Eric L 5-2 Tom T,Eric L,1985.7,1991.7,6.0,Tom T,1908.8,1900.4,-8.4,0.609,0.241
2026-01-06,Poule,(W) Will P 5-4 Steph,Will P,1834.9,1839.2,4.4,Steph,1852.1,1847.7,-4.4,0.475,0.175
2026-01-06,Poule,(W) Alex A 5-4 Steph,Alex A,1977.3,1976.5,-0.8,Steph,1847.7,1848.4,0.7,0.678,0.028
2026-01-06,Poule,(W) Fassel 5-2 Marg,Fassel,2039.4,2039.1,-0.3,Marg,1721.8,1722.0,0.3,0.862,0.012
2026-01-06,Poule,(W) Greg 5-0 Vadym,Greg,2270.8,2273.4,2.6,Vadym,1895.2,1892.1,-3.1,0.897,0.103
2026-01-06,Poule,(W) Vadym 5-3 Fassel,Vadym,1892.1,1903.3,11.2,Fassel,2039.1,2025.6,-13.5,0.3,0.45
2026-01-06,Poule,(W) Alex Y 5-2 Caden,Alex Y,1928.6,1933.4,4.8,Caden,1790.6,1785.8,-4.8,0.689,0.161
2026-01-06,Poule,(W) Fassel 5-3 Alejo,Fassel,2025.6,2030.8,5.3,Alejo,1973.4,1969.0,-4.4,0.575,0.175
2026-01-06,Poule,(W) Alex A 5-4 Alex Y,Alex A,1976.5,1979.1,2.6,Alex Y,1933.4,1930.7,-2.6,0.562,0.088
2026-01-06,Poule,(W) Alex A 5-3 Willie,Alex A,1979.1,1991.1,12.0,Willie,2085.7,2073.7,-12.0,0.351,0.399
2026-01-06,Poule,(W) Tom T 5-2 Steph,Tom T,1900.4,1910.0,9.7,Steph,1848.4,1841.5,-6.9,0.574,0.276
2026-01-06,Poule,(W) Vivian 5-4 Alex A,Vivian,1910.8,1917.4,6.6,Alex A,1991.1,1983.2,-7.9,0.386,0.264
2026-01-06,Poule,(W) Alex Y 5-4 Will P,Alex Y,1930.7,1931.4,0.6,Will P,1839.2,1838.7,-0.5,0.629,0.021
2026-01-06,Poule,(W) Alex A 5-3 Fassel,Alex A,1983.2,1992.7,9.5,Fassel,2030.8,2021.3,-9.5,0.432,0.318
2026-01-06,Poule,(W) Fassel 5-3 Alex Y,Fassel,2021.3,2025.0,3.7,Alex Y,1931.4,1927.7,-3.7,0.627,0.123
2026-01-06,Poule,(W) Alejo 5-2 John H,Alejo,1969.0,1974.1,5.2,John H,1866.8,1859.6,-7.2,0.643,0.207
2026-01-06,Poule,(W) Greg 5-3 John H,Greg,2273.4,2269.3,-4.1,John H,1859.6,1865.4,5.8,0.915,0.165
2026-01-06,Poule,(W) Alex A 5-4 John H,Alex A,1992.7,1992.0,-0.8,John H,1865.4,1866.3,0.9,0.675,0.025
2026-01-06,Poule,(W) Vadym 5-3 Vivian,Vadym,1903.3,1910.1,6.8,Vivian,1917.4,1910.6,-6.8,0.48,0.27
2026-01-06,Poule,(W) Willie 5-0 Will P,Willie,2073.7,2079.9,6.2,Will P,1838.7,1833.6,-5.1,0.795,0.205
2026-01-06,Poule,(W) Alejo 5-1 Caden,Alejo,1974.1,1978.5,4.3,Caden,1785.8,1780.6,-5.2,0.747,0.173
2026-01-06,Poule,(W) Steph 5-3 Alejo,Steph,1841.5,1852.5,10.9,Alejo,1978.5,1967.5,-10.9,0.313,0.437
2026-01-06,Poule,(W) Alejo 5-2 Willie,Alejo,1967.5,1980.2,12.7,Willie,2079.9,2064.7,-15.2,0.344,0.506
2026-01-06,Poule,(W) Eric L 5-3 Willie,Eric L,1991.7,2000.5,8.8,Willie,2064.7,2054.1,-10.6,0.396,0.354
2026-01-06,Poule,(W) Greg 5-0 Alejo,Greg,2269.3,2273.3,4.0,Alejo,1980.2,1976.2,-4.0,0.841,0.159
2026-01-06,L1-16,(W) Tom T - Alex Y,Tom T,1910.0,1930.5,20.5,Alex Y,1927.7,1907.2,-20.5,0.475,0.525
2026-01-06,L1-16,(W) Alejo - John H,Alejo,1976.2,1987.5,11.3,John H,1866.3,1850.5,-15.8,0.653,0.347
2026-01-06,L1-16,(W) Willie - Fassel,Willie,2054.1,2072.0,17.9,Fassel,2025.0,2007.1,-17.9,0.542,0.458
2026-01-06,L1-16,(W) Eric L - Caden,Eric L,2000.5,2007.7,7.1,Caden,1780.6,1772.0,-8.6,0.78,0.22
2026-01-06,L1-16,(W) Vivian - Steph,Vivian,1910.6,1924.2,13.5,Steph,1852.5,1838.9,-13.5,0.583,0.417
2026-01-06,L1-16,(W) Will P - Vadym,Will P,1833.6,1853.3,19.8,Vadym,1910.1,1890.3,-19.8,0.392,0.608
2026-01-06,L1-16,(W) Greg - Marg,Greg,2273.3,2274.6,1.3,Marg,1722.0,1720.7,-1.3,0.96,0.04
2026-01-06,L1-8,(W) Alex A - Tom T,Alex A,1992.0,2013.4,21.4,Tom T,1930.5,1909.1,-21.4,0.588,0.412
2026-01-06,L1-8,(W) Willie - Alejo,Willie,2072.0,2091.7,19.8,Alejo,1987.5,1971.0,-16.5,0.619,0.381
2026-01-06,L1-8,(W) Vivian - Eric L,Vivian,1924.2,1950.9,26.8,Eric L,2007.7,1980.9,-26.8,0.382,0.618
2026-01-06,L1-8,(W) Greg - Will P,Greg,2274.6,2278.1,3.5,Will P,1853.3,1849.8,-3.5,0.919,0.081
2026-01-06,L9-16,(W) John H - Fassel,John H,1850.5,1882.8,32.3,Fassel,2007.1,1979.4,-27.7,0.289,0.711
2026-01-06,L9-16,(W) Caden - Steph,Caden,1772.0,1795.2,23.2,Steph,1838.9,1819.6,-19.3,0.405,0.595
2026-01-06,L9-16,(W) Vadym - Marg,Vadym,1890.3,1899.2,8.9,Marg,1720.7,1711.9,-8.9,0.726,0.274
2026-01-06,L1-4,(W) Willie - Alex A,Willie,2091.7,2122.1,30.3,Alex A,2013.4,1983.1,-30.3,0.611,0.389
2026-01-06,L1-4,(W) Greg - Vivian,Greg,2278.1,2286.7,8.6,Vivian,1950.9,1942.4,-8.6,0.868,0.132
2026-01-06,L5-8,(W) Tom T - Alejo,Tom T,1909.1,1939.6,30.6,Alejo,1971.0,1945.5,-25.5,0.412,0.588
2026-01-06,L5-8,(W) Eric L - Will P,Eric L,1980.9,1994.8,13.8,Will P,1849.8,1835.9,-13.8,0.68,0.32
2026-01-06,L9-12,(W) Alex Y - John H,Alex Y,1907.2,1925.3,18.1,John H,1882.8,1861.7,-21.1,0.535,0.465
2026-01-06,L9-12,(W) Vadym - Caden,Vadym,1899.2,1910.7,11.5,Caden,1795.2,1781.4,-13.8,0.645,0.355
2026-01-06,L13-16,(W) Steph - Marg,Steph,1819.6,1829.4,9.8,Marg,1711.9,1702.0,-9.8,0.65,0.35
2026-01-06,L1-2,(W) Greg - Willie,Greg,2286.7,2310.9,24.2,Willie,2122.1,2093.0,-29.0,0.721,0.279
2026-01-06,L3-4,(W) Vivian - Alex A,Vivian,1942.4,1966.5,24.2,Alex A,1983.1,1954.1,-29.0,0.442,0.558
2026-01-06,L5-6,(W) Eric L - Tom T,Eric L,1994.8,2003.9,9.1,Tom T,1939.6,1928.7,-10.9,0.579,0.421
2026-01-06,L7-8,(W) Will P - Alejo,Will P,1835.9,1850.1,14.1,Alejo,1945.5,1931.4,-14.1,0.347,0.653
2026-01-06,L9-10,(W) Alex Y - Vadym,Alex Y,1925.3,1937.8,12.4,Vadym,1910.7,1900.4,-10.4,0.521,0.479
2026-01-06,L11-12,(W) Caden - John H,Caden,1781.4,1797.3,15.9,John H,1861.7,1843.1,-18.6,0.386,0.614
2026-01-06,L13-14,(W) Steph - Fassel,Steph,1829.4,1844.7,15.2,Fassel,1979.4,1961.1,-18.3,0.297,0.703
2026-01-13,Poule,(W) Richard B 5-4 Greg,Richard B,1822.6,1837.7,15.0,Greg,2335.9,2320.9,-15.0,0.05,0.6
2026-01-13,Poule,(W) Lukas N 5-4 Colin R,Lukas N,1790.0,1795.1,5.1,Colin R,1827.5,1822.4,-5.1,0.446,0.204
2026-01-13,Poule,(W) Shevy 5-2 Alix S,Shevy,1767.4,1774.6,7.2,Alix S,1688.8,1680.5,-8.4,0.611,0.239
2026-01-13,Poule,(W) Eric L 5-4 Aisling,Eric L,2003.9,2000.3,-3.6,Aisling,1771.6,1776.6,5.0,0.792,0.142
2026-01-13,Poule,(W) Alonzo 5-3 Fergus,Alonzo,1654.3,1661.9,7.6,Fergus,1656.6,1649.0,-7.6,0.497,0.253
2026-01-13,Poule,(W) Sameer 5-2 Alonzo,Sameer,1950.3,1950.7,0.3,Alonzo,1661.9,1661.6,-0.3,0.84,0.01
2026-01-13,Poule,(W) Steph 5-3 Willie,Steph,1844.7,1858.9,14.2,Willie,2108.0,2090.9,-17.1,0.18,0.57
2026-01-13,Poule,(W) Sameer 5-1 Vivian,Sameer,1950.7,1966.6,15.9,Vivian,1974.5,1963.2,-11.4,0.466,0.454
2026-01-13,Poule,(W) Matilda 5-4 Fassel,Matilda,1658.9,1676.4,17.5,Fassel,1961.1,1946.1,-15.0,0.149,0.501
2026-01-13,Poule,(W) Alejo 5-4 Lukas N,Alejo,1931.4,1930.5,-0.9,Lukas N,1795.1,1796.0,0.9,0.687,0.037
2026-01-13,Poule,(W) Vivian 5-1 Steph,Vivian,1963.2,1970.0,6.9,Steph,1858.9,1852.1,-6.9,0.646,0.274
2026-01-13,Poule,(W) Alejo 5-3 Steph,Alejo,1930.5,1933.9,3.5,Steph,1852.1,1848.6,-3.5,0.611,0.139
2026-01-13,Poule,(W) Fassel 5-2 Richard B,Fassel,1946.1,1952.1,6.0,Richard B,1837.7,1832.7,-5.0,0.651,0.199
2026-01-13,Poule,(W) Lukas N 5-2 Alix S,Lukas N,1796.0,1800.7,4.7,Alix S,1680.5,1673.8,-6.6,0.66,0.19
2026-01-13,Poule,(W) Greg 5-1 Alonzo,Greg,2320.9,2319.4,-1.5,Alonzo,1661.6,1663.4,1.7,0.978,0.058
2026-01-13,Poule,(W) Greg 5-0 Marg,Greg,2319.4,2320.1,0.7,Marg,1702.0,1701.3,-0.7,0.972,0.028
2026-01-13,Poule,(W) Matilda 5-0 Fergus,Matilda,1676.4,1692.5,16.1,Fergus,1649.0,1635.2,-13.8,0.539,0.461
2026-01-13,Poule,(W) Alejo 5-3 Fassel,Alejo,1933.9,1940.8,6.9,Fassel,1952.1,1943.8,-8.3,0.474,0.276
2026-01-13,Poule,(W) Charlie 5-4 Eric L,Charlie,1955.7,1961.1,5.3,Eric L,2000.3,1995.0,-5.3,0.436,0.214
2026-01-13,Poule,(W) John H 5-3 Matilda,John H,1843.1,1844.7,1.6,Matilda,1692.5,1690.9,-1.6,0.704,0.046
2026-01-13,Poule,(W) Greg 5-2 Aisling,Greg,2320.1,2317.4,-2.7,Aisling,1776.6,1780.4,3.8,0.958,0.108
2026-01-13,Poule,(W) Fergus 5-1 Alix S,Fergus,1635.2,1649.5,14.3,Alix S,1673.8,1657.2,-16.6,0.445,0.475
2026-01-13,Poule,(W) Vivian 5-4 Caden,Vivian,1970.0,1968.0,-2.0,Caden,1797.3,1799.7,2.4,0.73,0.08
2026-01-13,Poule,(W) Alix S 5-4 Caden,Alix S,1657.2,1669.3,12.1,Caden,1799.7,1789.4,-10.3,0.306,0.344
2026-01-13,Poule,(W) Charlie 5-3 Lukas N,Charlie,1961.1,1962.0,0.9,Lukas N,1800.7,1799.9,-0.9,0.716,0.034
2026-01-13,Poule,(W) Eric L 5-2 Colin R,Eric L,1995.0,1998.0,3.0,Colin R,1822.4,1819.4,-3.0,0.73,0.12
2026-01-13,Poule,(W) Alejo 5-4 Sameer,Alejo,1940.8,1945.5,4.7,Sameer,1966.6,1960.0,-6.5,0.463,0.187
2026-01-13,Poule,(W) Fergus 5-4 Shevy,Fergus,1649.5,1659.1,9.7,Shevy,1774.6,1764.9,-9.7,0.327,0.323
2026-01-13,Poule,(W) Fassel 5-3 Colin R,Fassel,1943.8,1946.2,2.3,Colin R,1819.4,1817.5,-2.0,0.672,0.078
2026-01-13,Poule,(W) Colin R 5-4 Alix S,Colin R,1817.5,1816.2,-1.3,Alix S,1669.3,1671.1,1.8,0.701,0.051
2026-01-13,Poule,(W) Greg 5-1 Fergus,Greg,2317.4,2315.9,-1.4,Fergus,1659.1,1660.9,1.7,0.978,0.058
2026-01-13,Poule,(W) Charlie 5-3 Vivian,Charlie,1962.0,1968.4,6.5,Vivian,1968.0,1961.6,-6.5,0.491,0.259
2026-01-13,Poule,(W) Greg 5-3 Willie,Greg,2315.9,2315.1,-0.9,Willie,2090.9,2092.0,1.1,0.785,0.035
2026-01-13,Poule,(W) Willie 5-1 Fergus,Willie,2092.0,2091.9,-0.1,Fergus,1660.9,1661.0,0.1,0.923,0.003
2026-01-13,Poule,(W) Aisling 5-2 Caden,Aisling,1780.4,1793.1,12.7,Caden,1789.4,1778.5,-10.9,0.487,0.363
2026-01-13,Poule,(W) John H 5-4 Willie,John H,1844.7,1860.7,16.0,Willie,2091.9,2078.2,-13.7,0.194,0.456
2026-01-13,Poule,(W) Eric L 5-0 Marg,Eric L,1998.0,2001.8,3.8,Marg,1701.3,1697.5,-3.8,0.847,0.153
2026-01-13,Poule,(W) Fassel 5-1 Sameer,Fassel,1946.2,1959.3,13.2,Sameer,1960.0,1944.6,-15.4,0.48,0.44
2026-01-13,Poule,(W) Charlie 5-2 Shevy,Charlie,1968.4,1970.6,2.2,Shevy,1764.9,1762.3,-2.6,0.763,0.087
2026-01-13,Poule,(W) Steph 5-3 Matilda,Steph,1848.6,1849.5,0.9,Matilda,1690.9,1689.6,-1.3,0.713,0.037
2026-01-13,Poule,(W) Alejo 5-2 Greg,Alejo,1945.5,1964.1,18.6,Greg,2315.1,2296.5,-18.6,0.106,0.744
2026-01-13,Poule,(W) Richard B 5-4 Aisling,Richard B,1832.7,1835.0,2.3,Aisling,1793.1,1789.8,-3.3,0.557,0.093
2026-01-13,Poule,(W) Alonzo 5-4 Caden,Alonzo,1663.4,1672.7,9.3,Caden,1778.5,1769.2,-9.3,0.34,0.31
2026-01-13,Poule,(W) Fassel 5-3 Caden,Fassel,1959.3,1959.4,0.0,Caden,1769.2,1769.2,-0.0,0.749,0.001
2026-01-13,Poule,(W) Charlie 5-3 Sameer,Charlie,1970.6,1975.9,5.3,Sameer,1944.6,1937.2,-7.4,0.537,0.213
2026-01-13,Poule,(W) Fassel 5-3 Marg,Fassel,1959.4,1957.3,-2.1,Marg,1697.5,1699.2,1.7,0.819,0.069
2026-01-13,Poule,(W) Eric L 5-2 Willie,Eric L,2001.8,2013.3,11.5,Willie,2078.2,2064.5,-13.7,0.392,0.458
2026-01-13,Poule,(W) Sameer 5-1 Colin R,Sameer,1937.2,1946.0,8.8,Colin R,1816.2,1809.9,-6.3,0.667,0.253
2026-01-13,Poule,(W) Willie 5-0 Colin R,Willie,2064.5,2070.1,5.6,Colin R,1809.9,1805.2,-4.7,0.812,0.188
2026-01-13,Poule,(W) John H 5-4 Eric L,John H,1860.7,1871.4,10.7,Eric L,2013.3,2004.4,-8.9,0.293,0.357
2026-01-13,Poule,(W) Eric L 5-0 Greg,Eric L,2004.4,2025.4,21.1,Greg,2296.5,2275.4,-21.1,0.157,0.843
2026-01-13,Poule,(W) Colin R 5-1 Marg,Colin R,1805.2,1812.0,6.8,Marg,1699.2,1692.4,-6.8,0.648,0.272
2026-01-13,Poule,(W) John H 5-2 Richard B,John H,1871.4,1880.3,8.9,Richard B,1835.0,1827.6,-7.4,0.552,0.298
2026-01-13,Poule,(W) Lukas N 5-4 Alonzo,Lukas N,1799.9,1799.2,-0.6,Alonzo,1672.7,1673.4,0.8,0.675,0.025
2026-01-13,Poule,(W) Willie 5-4 Alonzo,Willie,2070.1,2062.4,-7.7,Alonzo,1673.4,1681.2,7.7,0.907,0.257
2026-01-13,Poule,(W) Richard B 5-1 Alix S,Richard B,1827.6,1832.8,5.2,Alix S,1671.1,1663.7,-7.3,0.711,0.209
2026-01-13,Poule,(W) Shevy 5-4 Vivian,Shevy,1762.3,1774.6,12.3,Vivian,1961.6,1951.4,-10.2,0.241,0.409
2026-01-13,Poule,(W) Eric L 5-0 Alonzo,Eric L,2025.4,2028.5,3.0,Alonzo,1681.2,1677.5,-3.6,0.879,0.121
2026-01-13,Poule,(W) Alejo 5-4 Marg,Alejo,1964.1,1959.7,-4.4,Marg,1692.4,1696.8,4.4,0.827,0.177
2026-01-13,Poule,(W) Willie 5-3 Aisling,Willie,2062.4,2060.1,-2.3,Aisling,1789.8,1792.5,2.7,0.828,0.078
2026-01-13,Poule,(W) Steph 5-3 Colin R,Steph,1849.5,1854.4,4.9,Colin R,1812.0,1807.1,-4.9,0.554,0.196
2026-01-13,Poule,(W) Alejo 5-4 Shevy,Alejo,1959.7,1957.3,-2.3,Shevy,1774.6,1777.4,2.8,0.744,0.094
2026-01-13,Poule,(W) Shevy 5-3 Steph,Shevy,1777.4,1788.2,10.8,Steph,1854.4,1845.5,-9.0,0.391,0.359
2026-01-13,Poule,(W) Fassel 5-2 John H,Fassel,1957.3,1964.5,7.2,John H,1880.3,1873.1,-7.2,0.609,0.241
2026-01-13,Poule,(W) Fassel 5-4 Vivian,Fassel,1964.5,1968.5,3.9,Vivian,1951.4,1948.1,-3.3,0.519,0.131
2026-01-13,Poule,(W) Charlie 5-4 Fassel,Charlie,1975.9,1979.4,3.5,Fassel,1968.5,1964.3,-4.2,0.511,0.139
2026-01-13,Poule,(W) Greg 5-0 Matilda,Greg,2275.4,2276.2,0.8,Matilda,1689.6,1688.4,-1.2,0.967,0.033
2026-01-13,Poule,(W) Alejo 5-4 Charlie,Alejo,1957.3,1961.9,4.5,Charlie,1979.4,1974.8,-4.5,0.468,0.182
2026-01-13,Poule,(W) Colin R 5-4 Alonzo,Colin R,1807.1,1806.4,-0.7,Alonzo,1677.5,1678.4,0.8,0.678,0.028
2026-01-13,Poule,(W) Greg 5-2 Alix S,Greg,2276.2,2273.2,-3.0,Alix S,1663.7,1668.0,4.2,0.971,0.121
2026-01-13,Poule,(W) Greg 5-1 Shevy,Greg,2273.2,2272.6,-0.6,Shevy,1788.2,1788.8,0.7,0.942,0.022
2026-01-13,Poule,(W) Richard B 5-4 Vivian,Richard B,1832.8,1840.5,7.8,Vivian,1948.1,1940.3,-7.8,0.34,0.31
2026-01-13,Poule,(W) Lukas N 5-2 Richard B,Lukas N,1799.2,1809.5,10.2,Richard B,1840.5,1830.3,-10.2,0.441,0.409
2026-01-13,Poule,(W) John H 5-4 Sameer,John H,1873.1,1880.7,7.6,Sameer,1946.0,1937.1,-8.9,0.397,0.253
2026-01-13,Poule,(W) Steph 5-2 Caden,Steph,1845.5,1851.5,6.0,Caden,1769.2,1761.9,-7.3,0.608,0.242
2026-01-13,Poule,(W) Steph 5-4 Lukas N,Steph,1851.5,1853.7,2.2,Lukas N,1809.5,1807.2,-2.2,0.56,0.09
2026-01-13,Poule,(W) Lukas N 5-4 Sameer,Lukas N,1807.2,1815.4,8.2,Sameer,1937.1,1925.6,-11.5,0.321,0.329
2026-01-13,L1-32,(W) Fergus - Alonzo,Fergus,1661.0,1681.1,20.2,Alonzo,1678.4,1658.2,-20.2,0.475,0.525
2026-01-13,L1-32,(W) Vivian - Caden,Vivian,1940.3,1948.8,8.4,Caden,1761.9,1751.8,-10.1,0.736,0.264
2026-01-13,L1-32,(W) Aisling - Matilda,Aisling,1792.5,1808.4,15.9,Matilda,1688.4,1672.5,-15.9,0.645,0.355
2026-01-13,L1-16,(W) Greg - Fergus,Greg,2272.6,2273.9,1.2,Fergus,1681.1,1679.7,-1.5,0.968,0.032
2026-01-13,L1-16,(W) Willie - John H,Willie,2060.1,2072.2,12.1,John H,1880.7,1868.6,-12.1,0.737,0.263
2026-01-13,L1-16,(W) Fassel - Shevy,Fassel,1964.3,1976.6,12.3,Shevy,1788.8,1776.5,-12.3,0.733,0.267
2026-01-13,L1-16,(W) Charlie - Colin R,Charlie,1974.8,1985.4,10.6,Colin R,1806.4,1795.8,-10.6,0.725,0.275
2026-01-13,L1-16,(W) Eric L - Vivian,Eric L,2028.5,2043.4,14.9,Vivian,1948.8,1933.9,-14.9,0.613,0.387
2026-01-13,L1-16,(W) Sameer - Steph,Sameer,1925.6,1947.1,21.4,Steph,1853.7,1838.5,-15.3,0.602,0.398
2026-01-13,L1-16,(W) Lukas N - Richard B,Lukas N,1815.4,1835.5,20.0,Richard B,1830.3,1810.3,-20.0,0.479,0.521
2026-01-13,L1-16,(W) Aisling - Alejo,Aisling,1808.4,1846.5,38.1,Alejo,1961.9,1934.7,-27.2,0.292,0.708
2026-01-13,L1-8,(W) Greg - Willie,Greg,2273.9,2286.1,12.2,Willie,2072.2,2059.9,-12.2,0.762,0.238
2026-01-13,L1-8,(W) Charlie - Fassel,Charlie,1985.4,2010.4,25.0,Fassel,1976.6,1946.6,-30.0,0.513,0.487
2026-01-13,L1-8,(W) Sameer - Eric L,Sameer,1947.1,1992.6,45.6,Eric L,2043.4,2010.8,-32.5,0.365,0.635
2026-01-13,L1-8,(W) Aisling - Lukas N,Aisling,1846.5,1876.2,29.8,Lukas N,1835.5,1810.7,-24.8,0.516,0.484
2026-01-13,L9-16,(W) John H - Fergus,John H,1868.6,1880.2,11.6,Fergus,1679.7,1668.0,-11.6,0.748,0.252
2026-01-13,L9-16,(W) Colin R - Shevy,Colin R,1795.8,1813.9,18.1,Shevy,1776.5,1754.7,-21.8,0.528,0.472
2026-01-13,L9-16,(W) Vivian - Steph,Vivian,1933.9,1948.0,14.1,Steph,1838.5,1824.4,-14.1,0.634,0.366
2026-01-13,L9-16,(W) Richard B - Alejo,Richard B,1810.3,1836.1,25.8,Alejo,1934.7,1908.9,-25.8,0.328,0.672
2026-01-13,L1-4,(W) Greg - Charlie,Greg,2286.1,2299.1,13.0,Charlie,2010.4,1997.3,-13.0,0.83,0.17
2026-01-13,L1-4,(W) Sameer - Aisling,Sameer,1992.6,2029.0,36.4,Aisling,1876.2,1845.0,-31.2,0.661,0.339
2026-01-13,L5-8,(W) Fassel - Willie,Fassel,1946.6,1987.1,40.4,Willie,2059.9,2026.3,-33.7,0.342,0.658
2026-01-13,L5-8,(W) Eric L - Lukas N,Eric L,2010.8,2023.1,12.3,Lukas N,1810.7,1798.4,-12.3,0.76,0.24
2026-01-13,L9-12,(W) John H - Colin R,John H,1880.2,1898.9,18.7,Colin R,1813.9,1798.4,-15.6,0.594,0.406
2026-01-13,L9-12,(W) Vivian - Richard B,Vivian,1948.0,1961.2,13.2,Richard B,1836.1,1822.9,-13.2,0.656,0.344
2026-01-13,L13-16,(W) Fergus - Shevy,Fergus,1668.0,1692.9,24.9,Shevy,1754.7,1729.9,-24.9,0.378,0.622
2026-01-13,L13-16,(W) Steph - Alejo,Steph,1824.4,1845.0,20.6,Alejo,1908.9,1888.3,-20.6,0.381,0.619
2026-01-13,L17-20,(W) Matilda - Caden,Matilda,1672.5,1694.5,22.0,Caden,1751.8,1733.0,-18.8,0.388,0.612
2026-01-13,L1-2,(W) Sameer - Greg,Sameer,2029.0,2147.5,118.4,Greg,2299.1,2214.5,-84.6,0.174,0.826
2026-01-13,L3-4,(W) Charlie - Aisling,Charlie,1997.3,2012.4,15.1,Aisling,1845.0,1827.0,-18.1,0.706,0.294
2026-01-13,L5-6,(W) Fassel - Eric L,Fassel,1987.1,2004.0,17.0,Eric L,2023.1,2009.0,-14.1,0.448,0.552
2026-01-13,L7-8,(W) Lukas N - Willie,Lukas N,1798.4,1818.5,20.2,Willie,2026.3,2006.1,-20.2,0.212,0.788
2026-01-13,L9-10,(W) John H - Vivian,John H,1898.9,1917.0,18.1,Vivian,1961.2,1946.1,-15.1,0.411,0.589
2026-01-13,L11-12,(W) Richard B - Colin R,Richard B,1822.9,1834.8,11.9,Colin R,1798.4,1786.4,-11.9,0.535,0.465
2026-01-13,L13-14,(W) Steph - Fergus,Steph,1845.0,1852.5,7.5,Fergus,1692.9,1683.9,-9.0,0.706,0.294
2026-01-13,L15-16,(W) Alejo - Shevy,Alejo,1888.3,1895.6,7.3,Shevy,1729.9,1721.1,-8.8,0.713,0.287
2026-01-13,L17-18,(W) Matilda - Alonzo,Matilda,1694.5,1710.5,16.1,Alonzo,1658.2,1644.4,-13.8,0.552,0.448
2026-01-20,Poule,(W) Steph 5-3 Colin R,Steph,1852.5,1856.4,3.9,Colin R,1786.4,1782.5,-3.9,0.594,0.156
2026-01-20,Poule,(W) Alejo 5-4 Colin R,Alejo,1895.6,1895.4,-0.2,Colin R,1782.5,1782.7,0.2,0.657,0.007
2026-01-20,Poule,(W) Anna Z 5-4 Alix S,Anna Z,1808.4,1807.0,-1.5,Alix S,1668.0,1669.5,1.5,0.692,0.042
2026-01-20,Poule,(W) Marg 5-1 Jack B,Marg,1696.8,1710.9,14.1,Jack B,1800,1777.4,-22.6,0.356,0.564
2026-01-20,Poule,(W) Willie 5-3 Kirill,Willie,2006.1,2005.7,-0.4,Kirill,1800,1800.6,0.6,0.766,0.016
2026-01-20,Poule,(W) Fassel 5-2 Adrian L,Fassel,2004.0,2008.0,3.9,Adrian L,1840.7,1836.1,-4.6,0.719,0.131
2026-01-20,Poule,(W) Alejo 5-4 Alex Y,Alejo,1895.4,1900.7,5.3,Alex Y,1937.8,1931.5,-6.3,0.439,0.211
2026-01-20,Poule,(W) Steph 5-3 Fergus,Steph,1856.4,1857.0,0.5,Fergus,1683.9,1683.3,-0.6,0.73,0.02
2026-01-20,Poule,(W) Sammy 5-2 John H,Sammy,2010.2,2016.8,6.6,John H,1917.0,1910.4,-6.6,0.631,0.219
2026-01-20,Poule,(W) Vivian 5-3 Colin R,Vivian,1946.1,1946.9,0.8,Colin R,1782.7,1782.0,-0.8,0.719,0.031
2026-01-20,Poule,(W) Fergus 5-4 Miriam,Fergus,1683.3,1691.5,8.2,Miriam,1771.2,1761.6,-9.6,0.376,0.274
2026-01-20,Poule,(W) Andy R 5-1 Kirill,Andy R,1593.7,1617.8,24.0,Kirill,1800.6,1773.2,-27.5,0.233,0.687
2026-01-20,Poule,(W) Fassel 5-2 Alex Y,Fassel,2008.0,2015.2,7.2,Alex Y,1931.5,1924.2,-7.2,0.608,0.242
2026-01-20,Poule,(W) Vincent 5-1 John H,Vincent,1974.1,1982.4,8.2,John H,1910.4,1900.6,-9.9,0.591,0.329
2026-01-20,Poule,(W) Tom S 5-4 Anna Z,Tom S,1810.7,1816.5,5.8,Anna Z,1807.0,1801.9,-5.1,0.505,0.145
2026-01-20,Poule,(W) Alejo 5-3 John H,Alejo,1900.7,1906.9,6.2,John H,1900.6,1893.1,-7.5,0.5,0.25
2026-01-20,Poule,(W) Greg 5-3 Fergus,Greg,2229.5,2224.4,-5.2,Fergus,1691.5,1697.7,6.2,0.957,0.207
2026-01-20,Poule,(W) Vivian 5-3 Alex Y,Vivian,1946.9,1952.3,5.4,Alex Y,1924.2,1917.7,-6.5,0.533,0.217
2026-01-20,Poule,(W) Anna Z 5-4 Miriam,Anna Z,1801.9,1805.1,3.2,Miriam,1761.6,1758.3,-3.2,0.558,0.092
2026-01-20,Poule,(W) Charlie 5-2 Willie,Charlie,2020.4,2028.6,8.2,Willie,2005.7,1997.5,-8.2,0.521,0.329
2026-01-20,Poule,(W) Alejo 5-2 Steph,Alejo,1906.9,1913.9,7.0,Steph,1857.0,1850.0,-7.0,0.571,0.279
2026-01-20,Poule,(W) Greg 5-3 Sammy,Greg,2224.4,2223.9,-0.4,Sammy,2016.8,2017.3,0.5,0.768,0.018
2026-01-20,Poule,(W) Anna A 5-4 Alix S,Anna A,1836.9,1834.6,-2.2,Alix S,1669.5,1672.0,2.6,0.724,0.074
2026-01-20,Poule,(W) Vincent 5-4 Colin R,Vincent,1982.4,1979.6,-2.8,Colin R,1782.0,1784.7,2.8,0.76,0.11
2026-01-20,Poule,(W) Caden 5-4 Alix S,Caden,1733.0,1734.9,1.9,Alix S,1672.0,1669.8,-2.2,0.587,0.063
2026-01-20,Poule,(W) Anna A 5-1 Anna Z,Anna A,1834.6,1846.0,11.3,Anna Z,1805.1,1791.9,-13.2,0.542,0.378
2026-01-20,Poule,(W) Anna Z 5-0 Kirill,Anna Z,1791.9,1808.5,16.6,Kirill,1773.2,1754.2,-18.9,0.527,0.473
2026-01-20,Poule,(W) Greg 5-0 Alejo,Greg,2223.9,2227.5,3.6,Alejo,1913.9,1910.3,-3.6,0.856,0.144
2026-01-20,Poule,(W) Colin R 5-4 Alex Y,Colin R,1784.7,1793.0,8.3,Alex Y,1917.7,1907.7,-10.0,0.317,0.333
2026-01-20,Poule,(W) Greg 5-1 Jack B,Greg,2227.5,2227.3,-0.3,Jack B,1777.4,1777.8,0.4,0.93,0.01
2026-01-20,Poule,(W) Alejo 5-2 Marg,Alejo,1910.3,1912.6,2.3,Marg,1710.9,1708.7,-2.3,0.759,0.091
2026-01-20,Poule,(W) Anna Z 5-4 Richard B,Anna Z,1808.5,1815.1,6.6,Richard B,1834.8,1830.1,-4.7,0.462,0.188
2026-01-20,Poule,(W) Charlie 5-4 Fassel,Charlie,2028.6,2031.9,3.3,Fassel,2015.2,2011.3,-3.9,0.519,0.131
2026-01-20,Poule,(W) Colin R 5-3 Jack B,Colin R,1793.0,1798.7,5.7,Jack B,1777.8,1768.7,-9.1,0.522,0.228
2026-01-20,Poule,(W) Charlie 5-3 Sammy,Charlie,2031.9,2037.6,5.7,Sammy,2017.3,2010.4,-6.9,0.521,0.229
2026-01-20,Poule,(W) Fassel 5-1 Richard B,Fassel,2011.3,2016.7,5.4,Richard B,1830.1,1825.6,-4.5,0.739,0.181
2026-01-20,Poule,(W) Charlie 5-2 Kirill,Charlie,2037.6,2037.9,0.3,Kirill,1754.2,1753.7,-0.5,0.836,0.014
2026-01-20,Poule,(W) Adrian L 5-3 Richard B,Adrian L,1836.1,1844.3,8.2,Richard B,1825.6,1819.7,-5.9,0.515,0.235
2026-01-20,Poule,(W) Sammy 5-3 Vivian,Sammy,2010.4,2015.5,5.0,Vivian,1952.3,1948.1,-4.2,0.583,0.167
2026-01-20,Poule,(W) Vincent 5-3 Caden,Vincent,1979.6,1978.3,-1.3,Caden,1734.9,1736.5,1.6,0.804,0.054
2026-01-20,Poule,(W) Willie 5-2 Caden,Willie,1997.5,1998.3,0.8,Caden,1736.5,1735.5,-1.0,0.818,0.032
2026-01-20,Poule,(W) Greg 5-4 Kirill,Greg,2227.3,2220.1,-7.2,Kirill,1753.7,1765.2,11.5,0.939,0.289
2026-01-20,Poule,(W) Vincent 5-4 Miriam,Vincent,1978.3,1975.0,-3.3,Miriam,1758.3,1762.9,4.6,0.78,0.13
2026-01-20,Poule,(W) Alejo 5-2 Tom S,Alejo,1912.6,1918.0,5.4,Tom S,1816.5,1807.9,-8.6,0.635,0.215
2026-01-20,Poule,(W) Steph 5-3 Tom S,Steph,1850.0,1854.7,4.7,Tom S,1807.9,1800.3,-7.6,0.56,0.19
2026-01-20,Poule,(W) Vivian 5-3 Marg,Vivian,1948.1,1946.9,-1.2,Marg,1708.7,1709.9,1.2,0.799,0.049
2026-01-20,Poule,(W) Greg 5-2 Anna Z,Greg,2220.1,2218.5,-1.5,Anna Z,1815.1,1817.2,2.2,0.911,0.061
2026-01-20,Poule,(W) Willie 5-3 Adrian L,Willie,1998.3,1999.3,1.0,Adrian L,1844.3,1842.9,-1.5,0.708,0.042
2026-01-20,Poule,(W) John H 5-2 Andy R,John H,1893.1,1893.7,0.6,Andy R,1617.8,1617.1,-0.7,0.83,0.02
2026-01-20,Poule,(W) Vivian 5-2 Miriam,Vivian,1946.9,1949.6,2.7,Miriam,1762.9,1759.1,-3.8,0.743,0.107
2026-01-20,Poule,(W) Fassel 5-3 Fergus,Fassel,2016.7,2013.3,-3.4,Fergus,1697.7,1701.0,3.4,0.863,0.113
2026-01-20,Poule,(W) Charlie 5-3 Jack B,Charlie,2037.9,2036.1,-1.9,Jack B,1768.7,1771.7,3.0,0.825,0.075
2026-01-20,Poule,(W) Colin R 5-2 Kirill,Colin R,1798.7,1806.3,7.5,Kirill,1765.2,1753.2,-12.1,0.548,0.302
2026-01-20,Poule,(W) Adrian L 5-3 Alex Y,Adrian L,1842.9,1854.9,12.0,Alex Y,1907.7,1897.4,-10.3,0.408,0.342
2026-01-20,Poule,(W) Willie 5-4 Greg,Willie,1999.3,2010.0,10.7,Greg,2218.5,2207.8,-10.7,0.221,0.429
2026-01-20,Poule,(W) Adrian L 5-4 Jack B,Adrian L,1854.9,1856.0,1.1,Jack B,1771.7,1770.4,-1.3,0.617,0.033
2026-01-20,Poule,(W) Tom S 5-1 Fergus,Tom S,1800.3,1810.1,9.8,Fergus,1701.0,1692.6,-8.4,0.639,0.281
2026-01-20,Poule,(W) Charlie 5-3 Vincent,Charlie,2036.1,2040.1,4.1,Vincent,1975.0,1970.9,-4.1,0.587,0.163
2026-01-20,Poule,(W) Greg 5-2 Anna A,Greg,2207.8,2206.8,-1.0,Anna A,1846.0,1847.1,1.2,0.889,0.039
2026-01-20,Poule,(W) Fassel 5-4 Kirill,Fassel,2013.3,2008.3,-5.0,Kirill,1753.2,1759.8,6.7,0.817,0.167
2026-01-20,Poule,(W) Willie 5-4 Steph,Willie,2010.0,2008.5,-1.5,Steph,1854.7,1856.2,1.5,0.71,0.06
2026-01-20,Poule,(W) Vivian 5-3 Caden,Vivian,1949.6,1949.0,-0.6,Caden,1735.5,1736.3,0.7,0.774,0.024
2026-01-20,Poule,(W) Adrian L 5-1 Kirill,Adrian L,1856.0,1866.0,10.0,Kirill,1759.8,1748.4,-11.4,0.635,0.285
2026-01-20,Poule,(W) Andy R 5-2 Adrian L,Andy R,1617.1,1640.1,23.0,Adrian L,1866.0,1843.0,-23.0,0.193,0.657
2026-01-20,Poule,(W) Charlie 5-1 Vivian,Charlie,2040.1,2047.4,7.3,Vivian,1949.0,1941.7,-7.3,0.628,0.292
2026-01-20,Poule,(W) Richard B 5-1 Kirill,Richard B,1819.7,1827.7,8.0,Kirill,1748.4,1735.7,-12.8,0.601,0.319
2026-01-20,Poule,(W) Richard B 5-3 Colin R,Richard B,1827.7,1833.1,5.5,Colin R,1806.3,1800.8,-5.5,0.531,0.219
2026-01-20,Poule,(W) Marg 5-4 Anna A,Marg,1709.9,1718.3,8.4,Anna A,1847.1,1837.0,-10.1,0.312,0.338
2026-01-20,Poule,(W) Vincent 5-3 Willie,Vincent,1970.9,1978.5,7.6,Willie,2008.5,2000.9,-7.6,0.446,0.304
2026-01-20,Poule,(W) Charlie 5-0 Caden,Charlie,2047.4,2051.0,3.6,Caden,1736.3,1732.0,-4.3,0.857,0.143
2026-01-20,Poule,(W) Anna A 5-1 Kirill,Anna A,1837.0,1845.4,8.3,Kirill,1735.7,1724.6,-11.1,0.642,0.278
2026-01-20,Poule,(W) Steph 5-4 Andy R,Steph,1856.2,1853.1,-3.2,Andy R,1640.1,1644.5,4.4,0.776,0.126
2026-01-20,Poule,(W) Alex Y 5-4 Vincent,Alex Y,1897.4,1905.4,7.9,Vincent,1978.5,1971.9,-6.6,0.385,0.265
2026-01-20,Poule,(W) Colin R 5-3 Adrian L,Colin R,1800.8,1808.6,7.8,Adrian L,1843.0,1832.1,-10.9,0.44,0.31
2026-01-20,Poule,(W) Alejo 5-4 Charlie,Alejo,1918.0,1926.3,8.3,Charlie,2051.0,2042.7,-8.3,0.317,0.333
2026-01-20,Poule,(W) Vivian 5-2 Alix S,Vivian,1941.7,1942.3,0.6,Alix S,1669.8,1669.1,-0.7,0.827,0.023
2026-01-20,Poule,(W) Adrian L 5-4 Caden,Adrian L,1832.1,1832.4,0.3,Caden,1732.0,1731.7,-0.3,0.64,0.01
2026-01-20,Poule,(W) Alex Y 5-3 Steph,Alex Y,1905.4,1910.6,5.3,Steph,1853.1,1848.7,-4.4,0.575,0.175
2026-01-20,Poule,(W) Richard B 5-1 Andy R,Richard B,1833.1,1837.4,4.3,Andy R,1644.5,1638.5,-6.0,0.748,0.172
2026-01-20,Poule,(W) Alex Y 5-2 Sammy,Alex Y,1910.6,1925.5,14.9,Sammy,2015.5,2000.6,-14.9,0.354,0.496
2026-01-20,Poule,(W) Sammy 5-3 Steph,Sammy,2000.6,2001.9,1.3,Steph,1848.7,1847.6,-1.1,0.706,0.044
2026-01-20,Poule,(W) Jack B 5-3 Alex Y,Jack B,1770.4,1788.8,18.4,Alex Y,1925.5,1911.7,-13.8,0.29,0.46
2026-01-20,Poule,(W) Vivian 5-3 Fergus,Vivian,1942.3,1940.8,-1.5,Fergus,1692.6,1694.4,1.7,0.808,0.058
2026-01-20,Poule,(W) Vincent 5-2 Anna Z,Vincent,1971.9,1975.4,3.5,Anna Z,1817.2,1812.3,-4.9,0.709,0.141
2026-01-20,Poule,(W) Richard B 5-1 Jack B,Richard B,1837.4,1846.2,8.8,Jack B,1788.8,1774.8,-14.0,0.57,0.35
2026-01-20,Poule,(W) Richard B 5-3 John H,Richard B,1846.2,1854.2,7.9,John H,1893.7,1884.1,-9.5,0.432,0.318
2026-01-20,Poule,(W) Vivian 5-4 Richard B,Vivian,1940.8,1941.5,0.7,Richard B,1854.2,1853.5,-0.7,0.622,0.028
2026-01-20,Poule,(W) Anna Z 5-4 Steph,Anna Z,1812.3,1819.3,7.0,Steph,1847.6,1842.6,-5.0,0.449,0.201
2026-01-20,Poule,(W) Fassel 5-3 Alix S,Fassel,2008.3,2004.5,-3.8,Alix S,1669.1,1672.9,3.8,0.876,0.126
2026-01-20,Poule,(W) Vincent 5-2 Kirill,Vincent,1975.4,1976.5,1.0,Kirill,1724.6,1722.9,-1.6,0.809,0.041
2026-01-20,Poule,(W) Fassel 5-3 Tom S,Fassel,2004.5,2004.4,-0.1,Tom S,1810.1,1810.3,0.1,0.754,0.004
2026-01-20,Poule,(W) Richard B 5-3 Caden,Richard B,1853.5,1855.5,2.0,Caden,1731.7,1729.2,-2.4,0.668,0.082
2026-01-20,Poule,(W) Alex Y 5-3 Andy R,Alex Y,1911.7,1909.4,-2.3,Andy R,1638.5,1641.2,2.7,0.828,0.078
2026-01-20,Poule,(W) Fassel 5-4 John H,Fassel,2004.4,2003.9,-0.5,John H,1884.1,1884.6,0.5,0.667,0.017
2026-01-20,Poule,(W) Alix S 5-4 Willie,Alix S,1672.9,1688.5,15.6,Willie,2000.9,1988.0,-13.0,0.131,0.519
2026-01-20,Poule,(W) Alejo 5-3 Adrian L,Alejo,1926.3,1929.2,3.0,Adrian L,1832.4,1828.3,-4.1,0.632,0.118
2026-01-20,Poule,(W) Sammy 5-4 Marg,Sammy,2001.9,1996.3,-5.6,Marg,1718.3,1723.0,4.7,0.836,0.186
2026-01-20,Poule,(W) Steph 5-3 Alix S,Steph,1842.6,1843.6,1.0,Alix S,1688.5,1687.2,-1.3,0.708,0.042
2026-01-20,Poule,(W) Vincent 5-4 Steph,Vincent,1976.5,1975.7,-0.8,Steph,1843.6,1844.4,0.8,0.682,0.032
2026-01-20,Poule,(W) Willie 5-2 Tom S,Willie,1988.0,1990.8,2.9,Tom S,1810.3,1806.3,-4.0,0.736,0.114
2026-01-20,Poule,(W) Greg 5-3 Tom S,Greg,2206.8,2202.8,-4.0,Tom S,1806.3,1811.8,5.6,0.909,0.159
2026-01-20,Poule,(W) Vivian 5-2 Jack B,Vivian,1941.5,1944.7,3.2,Jack B,1774.8,1769.7,-5.1,0.723,0.127
2026-01-20,Poule,(W) Marg 5-4 Anna Z,Marg,1723.0,1730.1,7.1,Anna Z,1819.3,1809.3,-10.0,0.365,0.285
2026-01-20,Poule,(W) Marg 5-4 Tom S,Marg,1730.1,1736.7,6.6,Tom S,1811.8,1802.5,-9.3,0.385,0.265
2026-01-20,L1-32,(W) Andy R - Fergus,Andy R,1641.2,1665.4,24.1,Fergus,1694.4,1670.2,-24.1,0.424,0.576
2026-01-20,L1-32,(W) Steph - Kirill,Steph,1844.4,1856.0,11.6,Kirill,1722.9,1704.4,-18.6,0.668,0.332
2026-01-20,L1-32,(W) Anna Z - Jack B,Anna Z,1809.3,1831.0,21.7,Jack B,1769.7,1744.9,-24.8,0.557,0.443
2026-01-20,L1-32,(W) Alex Y - John H,Alex Y,1909.4,1928.9,19.5,John H,1884.6,1865.1,-19.5,0.536,0.464
2026-01-20,L1-32,(W) Colin R - Alix S,Colin R,1808.6,1820.2,11.6,Alix S,1687.2,1673.3,-13.9,0.668,0.332
2026-01-20,L1-32,(W) Caden - Adrian L,Caden,1729.2,1756.0,26.8,Adrian L,1828.3,1797.1,-31.2,0.361,0.639
2026-01-20,L1-32,(W) Sammy - Miriam,Sammy,1996.3,2004.8,8.5,Miriam,1759.1,1749.2,-9.9,0.797,0.203
2026-01-20,L1-32,(W) Tom S - Anna A,Tom S,1802.5,1830.0,27.5,Anna A,1845.4,1821.8,-23.5,0.439,0.561
2026-01-20,L1-16,(W) Vincent - Andy R,Vincent,1975.7,1981.7,6.0,Andy R,1665.4,1658.1,-7.2,0.856,0.144
2026-01-20,L1-16,(W) Willie - Steph,Willie,1990.8,2004.1,13.2,Steph,1856.0,1842.8,-13.2,0.685,0.315
2026-01-20,L1-16,(W) Alejo - Anna Z,Alejo,1929.2,1944.4,15.2,Anna Z,1831.0,1809.7,-21.3,0.638,0.362
2026-01-20,L1-16,(W) Charlie - Alex Y,Charlie,2042.7,2057.0,14.3,Alex Y,1928.9,1911.7,-17.2,0.658,0.342
2026-01-20,L1-16,(W) Greg - Colin R,Greg,2202.8,2207.0,4.2,Colin R,1820.2,1816.0,-4.2,0.9,0.1
2026-01-20,L1-16,(W) Richard B - Caden,Richard B,1855.5,1870.6,15.1,Caden,1756.0,1737.9,-18.1,0.639,0.361
2026-01-20,L1-16,(W) Sammy - Fassel,Sammy,2004.8,2029.9,25.1,Fassel,2003.9,1978.8,-25.1,0.501,0.499
2026-01-20,L1-16,(W) Vivian - Tom S,Vivian,1944.7,1959.0,14.3,Tom S,1830.0,1810.0,-20.0,0.659,0.341
2026-01-20,L1-8,(W) Willie - Vincent,Willie,2004.1,2030.2,26.2,Vincent,1981.7,1955.5,-26.2,0.532,0.468
2026-01-20,L1-8,(W) Charlie - Alejo,Charlie,2057.0,2076.2,19.2,Alejo,1944.4,1925.2,-19.2,0.657,0.343
2026-01-20,L1-8,(W) Greg - Richard B,Greg,2207.0,2214.0,7.0,Richard B,1870.6,1863.6,-7.0,0.874,0.126
2026-01-20,L1-8,(W) Sammy - Vivian,Sammy,2029.9,2056.7,26.8,Vivian,1959.0,1936.7,-22.3,0.601,0.399
2026-01-20,L9-16,(W) Steph - Andy R,Steph,1842.8,1853.6,10.8,Andy R,1658.1,1645.2,-12.9,0.743,0.257
2026-01-20,L9-16,(W) Alex Y - Anna Z,Alex Y,1911.7,1929.7,18.0,Anna Z,1809.7,1788.8,-21.0,0.643,0.357
2026-01-20,L9-16,(W) Caden - Colin R,Caden,1737.9,1768.6,30.7,Colin R,1816.0,1790.4,-25.6,0.389,0.611
2026-01-20,L9-16,(W) Fassel - Tom S,Fassel,1978.8,1992.6,13.8,Tom S,1810.0,1793.9,-16.1,0.725,0.275
2026-01-20,L17-24,(W) Fergus - Kirill,Fergus,1670.2,1688.6,18.4,Kirill,1704.4,1679.8,-24.6,0.451,0.549
2026-01-20,L17-24,(W) John H - Jack B,John H,1865.1,1876.3,11.2,Jack B,1744.9,1730.0,-14.9,0.666,0.334
2026-01-20,L17-24,(W) Adrian L - Alix S,Adrian L,1797.1,1809.9,12.9,Alix S,1673.3,1662.3,-11.0,0.671,0.329
2026-01-20,L17-24,(W) Miriam - Anna A,Miriam,1749.2,1772.8,23.6,Anna A,1821.8,1801.6,-20.2,0.397,0.603
2026-01-20,L1-4,(W) Willie - Charlie,Willie,2030.2,2077.7,47.4,Charlie,2076.2,2028.8,-47.4,0.434,0.566
2026-01-20,L1-4,(W) Sammy - Greg,Sammy,2056.7,2128.4,71.7,Greg,2214.0,2154.3,-59.7,0.288,0.712
2026-01-20,L5-8,(W) Alejo - Vincent,Alejo,1925.2,1955.6,30.4,Vincent,1955.5,1925.1,-30.4,0.457,0.543
2026-01-20,L5-8,(W) Richard B - Vivian,Richard B,1863.6,1897.3,33.7,Vivian,1936.7,1902.9,-33.7,0.396,0.604
2026-01-20,L9-12,(W) Steph - Alex Y,Steph,1853.6,1879.0,25.5,Alex Y,1929.7,1899.1,-30.6,0.392,0.608
2026-01-20,L9-12,(W) Fassel - Caden,Fassel,1992.6,2003.5,10.9,Caden,1768.6,1757.7,-10.9,0.784,0.216
2026-01-20,L13-16,(W) Anna Z - Andy R,Anna Z,1788.8,1804.2,15.5,Andy R,1645.2,1631.9,-13.3,0.696,0.304
2026-01-20,L13-16,(W) Colin R - Tom S,Colin R,1790.4,1808.7,18.4,Tom S,1793.9,1768.2,-25.7,0.495,0.505
2026-01-20,L17-20,(W) John H - Fergus,John H,1876.3,1884.8,8.5,Fergus,1688.6,1680.1,-8.5,0.747,0.253
2026-01-20,L17-20,(W) Miriam - Adrian L,Miriam,1772.8,1794.4,21.6,Adrian L,1809.9,1788.3,-21.6,0.447,0.553
2026-01-20,L21-24,(W) Kirill - Jack B,Kirill,1679.8,1705.4,25.6,Jack B,1730.0,1704.4,-25.6,0.428,0.572
2026-01-20,L21-24,(W) Alix S - Anna A,Alix S,1662.3,1685.4,23.2,Anna A,1801.6,1778.4,-23.2,0.31,0.69
2026-01-20,L1-2,(W) Willie - Sammy,Willie,2077.7,2141.7,64.0,Sammy,2128.4,2051.6,-76.8,0.428,0.572
2026-01-20,L3-4,(W) Greg - Charlie,Greg,2154.3,2172.6,18.3,Charlie,2028.8,2010.5,-18.3,0.673,0.327
2026-01-20,L5-6,(W) Alejo - Richard B,Alejo,1955.6,1967.3,11.7,Richard B,1897.3,1885.7,-11.7,0.583,0.417
2026-01-20,L7-8,(W) Vincent - Vivian,Vincent,1925.1,1938.2,13.1,Vivian,1902.9,1889.8,-13.1,0.532,0.468
2026-01-20,L9-10,(W) Fassel - Steph,Fassel,2003.5,2014.5,11.0,Steph,1879.0,1869.9,-9.2,0.672,0.328
2026-01-20,L11-12,(W) Caden - Alex Y,Caden,1757.7,1781.0,23.2,Alex Y,1899.1,1875.8,-23.2,0.307,0.693
2026-01-20,L13-14,(W) Colin R - Anna Z,Colin R,1808.7,1822.5,13.8,Anna Z,1804.2,1784.9,-19.3,0.506,0.494
2026-01-20,L15-16,(W) Andy R - Tom S,Andy R,1631.9,1655.0,23.0,Tom S,1768.2,1741.3,-26.9,0.313,0.687
2026-01-20,L17-18,(W) Miriam - John H,Miriam,1794.4,1819.0,24.5,John H,1884.8,1863.8,-21.0,0.373,0.627
2026-01-20,L19-20,(W) Adrian L - Fergus,Adrian L,1788.3,1801.9,13.7,Fergus,1680.1,1668.4,-11.7,0.651,0.349
2026-01-20,L21-22,(W) Alix S - Kirill,Alix S,1685.4,1703.1,17.7,Kirill,1705.4,1681.7,-23.6,0.471,0.529
2026-01-20,L23-24,(W) Anna A - Jack B,Anna A,1778.4,1791.7,13.3,Jack B,1704.4,1686.8,-17.7,0.605,0.395
2026-01-27,Poule,(W) Vincent 5-3 Eric L,Vincent,1938.2,1947.0,8.8,Eric L,2009.0,2000.2,-8.8,0.4,0.35
2026-01-27,Poule,(W) Charlie 5-0 Joshua,Charlie,2015.5,2018.0,2.5,Joshua,1633.3,1630.3,-3.0,0.9,0.1
2026-01-27,Poule,(W) Alex Y 5-2 Caden,Alex Y,1875.8,1882.3,6.5,Caden,1781.0,1774.5,-6.5,0.633,0.217
2026-01-27,Poule,(W) Greg 5-3 Eric L,Greg,2180.6,2180.9,0.3,Eric L,2000.2,1999.9,-0.3,0.739,0.011
2026-01-27,Poule,(W) Richard B 5-3 Fergus,Richard B,1885.7,1885.0,-0.7,Fergus,1668.4,1669.2,0.8,0.777,0.027
2026-01-27,Poule,(W) Alex Y 5-4 Joshua,Alex Y,1882.3,1877.5,-4.8,Joshua,1630.3,1635.1,4.8,0.81,0.16
2026-01-27,Poule,(W) Vivian 5-1 Caden,Vivian,1889.8,1896.3,6.5,Caden,1774.5,1766.7,-7.8,0.66,0.26
2026-01-27,Poule,(W) Nikolas A 5-4 Vincent,Nikolas A,1800,1814.0,14.0,Vincent,1947.0,1938.2,-8.7,0.3,0.35
2026-01-27,Poule,(W) Vincent 5-3 Greg,Vincent,1938.2,1952.0,13.8,Greg,2180.9,2167.1,-13.8,0.198,0.552
2026-01-27,Poule,(W) Alex Y 5-3 Lukas N,Alex Y,1877.5,1882.5,5.0,Lukas N,1818.5,1814.4,-4.1,0.584,0.166
2026-01-27,Poule,(W) Greg 5-4 Nikolas A,Greg,2167.1,2161.2,-5.9,Nikolas A,1814.0,1823.4,9.4,0.884,0.234
2026-01-27,Poule,(W) Eric L 5-2 Colin R,Eric L,1999.9,2002.8,2.9,Colin R,1822.5,1819.7,-2.9,0.735,0.115
2026-01-27,Poule,(W) Vivian 5-4 Alex Y,Vivian,1896.3,1899.6,3.3,Alex Y,1882.5,1878.6,-3.9,0.52,0.13
2026-01-27,Poule,(W) Vincent 5-2 Marg,Vincent,1952.0,1953.9,1.9,Marg,1736.7,1734.9,-1.9,0.775,0.075
2026-01-27,Poule,(W) Tom T 5-3 Colin R,Tom T,1928.7,1931.6,2.9,Colin R,1819.7,1817.2,-2.5,0.652,0.098
2026-01-27,Poule,(W) Greg 5-2 Lukas N,Greg,2161.2,2160.5,-0.8,Lukas N,1814.4,1815.2,0.8,0.88,0.03
2026-01-27,Poule,(W) Caden 5-2 Marg,Caden,1766.7,1775.8,9.1,Marg,1734.9,1727.3,-7.6,0.546,0.304
2026-01-27,Poule,(W) Lukas N 5-4 Vincent,Lukas N,1815.2,1823.6,8.5,Vincent,1953.9,1945.4,-8.5,0.31,0.34
2026-01-27,Poule,(W) Eric L 5-2 Matilda,Eric L,2002.8,2003.0,0.2,Matilda,1710.5,1710.3,-0.2,0.843,0.007
2026-01-27,Poule,(W) Charlie 5-4 Eric L,Charlie,2018.0,2021.2,3.2,Eric L,2003.0,1999.8,-3.2,0.522,0.128
2026-01-27,Poule,(W) Lukas N 5-2 Richard B,Lukas N,1823.6,1834.6,10.9,Richard B,1885.0,1874.0,-10.9,0.413,0.437
2026-01-27,Poule,(W) Alejo 5-2 Marg,Alejo,1967.3,1968.5,1.3,Marg,1727.3,1726.0,-1.3,0.799,0.051
2026-01-27,Poule,(W) Tom T 5-0 Fergus,Tom T,1931.6,1937.1,5.4,Fergus,1669.2,1663.8,-5.4,0.819,0.181
2026-01-27,Poule,(W) Lukas N 5-3 Joshua,Lukas N,1834.6,1834.3,-0.2,Joshua,1635.1,1635.4,0.3,0.759,0.009
2026-01-27,Poule,(W) Nikolas A 5-4 Eric L,Nikolas A,1823.4,1838.7,15.4,Eric L,1999.8,1990.2,-9.6,0.266,0.384
2026-01-27,Poule,(W) Alex Y 5-3 Alix S,Alex Y,1878.6,1879.1,0.5,Alix S,1703.1,1702.6,-0.5,0.733,0.017
2026-01-27,Poule,(W) Marg 5-2 Matilda,Marg,1726.0,1734.2,8.2,Matilda,1710.3,1698.9,-11.5,0.523,0.327
2026-01-27,Poule,(W) Alejo 5-3 Vivian,Alejo,1968.5,1972.3,3.8,Vivian,1899.6,1895.8,-3.8,0.598,0.152
2026-01-27,Poule,(W) Alex Y 5-3 Colin R,Alex Y,1879.1,1884.0,4.9,Colin R,1817.2,1813.2,-4.0,0.588,0.162
2026-01-27,Poule,(W) Vivian 5-2 Joshua,Vivian,1895.8,1896.6,0.8,Joshua,1635.4,1634.4,-1.0,0.817,0.033
2026-01-27,Poule,(W) Greg 5-1 Caden,Greg,2160.5,2160.9,0.5,Caden,1775.8,1775.2,-0.6,0.902,0.018
2026-01-27,Poule,(W) Matilda 5-3 Fergus,Matilda,1698.9,1705.8,7.0,Fergus,1663.8,1657.8,-6.0,0.55,0.2
2026-01-27,Poule,(W) Eric L 5-4 Richard B,Eric L,1990.2,1989.9,-0.3,Richard B,1874.0,1874.3,0.3,0.661,0.011
2026-01-27,Poule,(W) Charlie 5-3 Richard B,Charlie,2021.2,2022.5,1.3,Richard B,1874.3,1873.1,-1.3,0.7,0.05
2026-01-27,Poule,(W) Charlie 5-1 Alix S,Charlie,2022.5,2023.9,1.4,Alix S,1702.6,1700.9,-1.7,0.863,0.057
2026-01-27,Poule,(W) Greg 5-0 Alejo,Greg,2160.9,2167.2,6.3,Alejo,1972.3,1966.0,-6.3,0.748,0.252
2026-01-27,Poule,(W) Vivian 5-4 Richard B,Vivian,1896.6,1899.5,2.9,Richard B,1873.1,1870.2,-2.9,0.534,0.116
2026-01-27,Poule,(W) Eric L 5-3 Fergus,Eric L,1989.9,1986.9,-3.0,Fergus,1657.8,1661.5,3.6,0.871,0.121
2026-01-27,Poule,(W) Vincent 5-4 Colin R,Vincent,1945.4,1944.6,-0.8,Colin R,1813.2,1814.0,0.8,0.682,0.032
2026-01-27,Poule,(W) Charlie 5-4 Nikolas A,Charlie,2023.9,2021.5,-2.3,Nikolas A,1838.7,1842.5,3.8,0.744,0.094
2026-01-27,Poule,(W) Lukas N 5-0 Alix S,Lukas N,1834.3,1842.3,7.9,Alix S,1700.9,1691.4,-9.5,0.683,0.317
2026-01-27,Poule,(W) Lukas N 5-3 Colin R,Lukas N,1842.3,1847.5,5.2,Colin R,1814.0,1808.7,-5.2,0.541,0.209
2026-01-27,Poule,(W) Greg 5-4 Charlie,Greg,2167.2,2166.0,-1.2,Charlie,2021.5,2022.8,1.2,0.698,0.048
2026-01-27,Poule,(W) Nikolas A 5-1 Matilda,Nikolas A,1842.5,1851.8,9.3,Matilda,1705.8,1697.7,-8.2,0.687,0.233
2026-01-27,Poule,(W) Matilda 5-4 Richard B,Matilda,1697.7,1711.0,13.3,Richard B,1870.2,1860.7,-9.5,0.27,0.38
2026-01-27,Poule,(W) Tom T 5-2 Caden,Tom T,1937.1,1941.0,4.0,Caden,1775.2,1771.3,-4.0,0.717,0.133
2026-01-27,Poule,(W) Alejo 5-3 Colin R,Alejo,1966.0,1967.0,0.9,Colin R,1808.7,1807.8,-0.9,0.712,0.038
2026-01-27,Poule,(W) Alejo 5-2 Caden,Alejo,1967.0,1969.3,2.4,Caden,1771.3,1768.4,-2.8,0.755,0.095
2026-01-27,Poule,(W) Vivian 5-4 Lukas N,Vivian,1899.5,1901.4,1.9,Lukas N,1847.5,1845.6,-1.9,0.574,0.076
2026-01-27,Poule,(W) Tom T 5-3 Joshua,Tom T,1941.0,1937.9,-3.1,Joshua,1634.4,1637.5,3.1,0.854,0.104
2026-01-27,Poule,(W) Greg 5-2 Tom T,Greg,2166.0,2167.6,1.5,Tom T,1937.9,1936.1,-1.9,0.788,0.062
2026-01-27,Poule,(W) Charlie 5-2 Alex Y,Charlie,2022.8,2026.8,4.0,Alex Y,1884.0,1879.2,-4.8,0.69,0.16
2026-01-27,Poule,(W) Vincent 5-4 Charlie,Vincent,1944.6,1951.3,6.7,Charlie,2026.8,2020.1,-6.7,0.384,0.266
2026-01-27,Poule,(W) Charlie 5-3 Vivian,Charlie,2020.1,2022.2,2.1,Vivian,1901.4,1899.2,-2.1,0.664,0.086
2026-01-27,Poule,(W) Vivian 5-4 Matilda,Vivian,1899.2,1896.8,-2.4,Matilda,1711.0,1714.4,3.4,0.747,0.097
2026-01-27,Poule,(W) Vivian 5-2 Colin R,Vivian,1896.8,1902.4,5.6,Colin R,1807.8,1802.2,-5.6,0.625,0.225
2026-01-27,Poule,(W) Colin R 5-4 Marg,Colin R,1802.2,1803.5,1.3,Marg,1734.2,1732.9,-1.3,0.597,0.053
2026-01-27,Poule,(W) Nikolas A 5-3 Alex Y,Nikolas A,1851.8,1863.4,11.6,Alex Y,1879.2,1870.5,-8.7,0.461,0.289
2026-01-27,Poule,(W) Alex Y 5-4 Alejo,Alex Y,1870.5,1879.1,8.7,Alejo,1969.3,1962.1,-7.2,0.361,0.289
2026-01-27,Poule,(W) Eric L 5-1 Joshua,Eric L,1986.9,1987.8,1.0,Joshua,1637.5,1636.3,-1.1,0.882,0.038
2026-01-27,Poule,(W) Vivian 5-0 Alix S,Vivian,1902.4,1908.2,5.7,Alix S,1691.4,1684.6,-6.9,0.771,0.229
2026-01-27,Poule,(W) Lukas N 5-4 Marg,Lukas N,1845.6,1845.4,-0.2,Marg,1732.9,1733.0,0.2,0.657,0.007
2026-01-27,Poule,(W) Vivian 5-0 Marg,Vivian,1908.2,1914.8,6.7,Marg,1733.0,1726.3,-6.7,0.733,0.267
2026-01-27,Poule,(W) Tom T 5-2 Alix S,Tom T,1936.1,1937.3,1.2,Alix S,1684.6,1683.3,-1.2,0.81,0.04
2026-01-27,Poule,(W) Matilda 5-4 Alix S,Matilda,1714.4,1718.1,3.7,Alix S,1683.3,1680.2,-3.2,0.545,0.105
2026-01-27,Poule,(W) Matilda 5-3 Joshua,Matilda,1718.1,1722.8,4.7,Joshua,1636.3,1632.3,-4.0,0.615,0.135
2026-01-27,Poule,(W) Richard B 5-2 Colin R,Richard B,1860.7,1867.4,6.7,Colin R,1803.5,1796.8,-6.7,0.582,0.268
2026-01-27,Poule,(W) Greg 5-1 Matilda,Greg,2167.6,2167.4,-0.2,Matilda,1722.8,1723.1,0.3,0.928,0.008
2026-01-27,Poule,(W) Tom T 5-3 Lukas N,Tom T,1937.3,1940.9,3.6,Lukas N,1845.4,1842.4,-3.0,0.629,0.121
2026-01-27,Poule,(W) Nikolas A 5-4 Vivian,Nikolas A,1863.4,1872.3,8.9,Vivian,1914.8,1909.3,-5.6,0.426,0.224
2026-01-27,Poule,(W) Alex Y 5-2 Fergus,Alex Y,1879.1,1881.3,2.2,Fergus,1661.5,1659.3,-2.2,0.778,0.072
2026-01-27,Poule,(W) Tom T 5-2 Matilda,Tom T,1940.9,1943.1,2.2,Matilda,1723.1,1720.5,-2.5,0.778,0.072
2026-01-27,L1-16,(W) Nikolas A - Eric L,Nikolas A,1872.3,1909.9,37.6,Eric L,1987.8,1964.3,-23.5,0.34,0.66
2026-01-27,L1-16,(W) Alex Y - Richard B,Alex Y,1881.3,1901.8,20.5,Richard B,1867.4,1850.3,-17.1,0.52,0.48
2026-01-27,L1-16,(W) Charlie - Caden,Charlie,2022.2,2028.9,6.7,Caden,1768.4,1760.4,-8.0,0.812,0.188
2026-01-27,L1-16,(W) Tom T - Colin R,Tom T,1943.1,1955.9,12.9,Colin R,1796.8,1786.1,-10.7,0.699,0.301
2026-01-27,L1-16,(W) Vincent - Matilda,Vincent,1951.3,1958.7,7.5,Matilda,1720.5,1710.1,-10.4,0.791,0.209
2026-01-27,L1-16,(W) Alejo - Lukas N,Alejo,1962.1,1974.0,11.9,Lukas N,1842.4,1830.5,-11.9,0.666,0.334
2026-01-27,L1-16,(W) Greg - Alix S,Greg,2167.4,2169.4,2.0,Alix S,1680.2,1677.7,-2.4,0.943,0.057
2026-01-27,L1-8,(W) Nikolas A - Vivian,Nikolas A,1909.9,1947.8,37.9,Vivian,1909.3,1885.6,-23.7,0.501,0.499
2026-01-27,L1-8,(W) Charlie - Alex Y,Charlie,2028.9,2044.3,15.4,Alex Y,1901.8,1883.3,-18.5,0.675,0.325
2026-01-27,L1-8,(W) Vincent - Tom T,Vincent,1958.7,1982.2,23.5,Tom T,1955.9,1927.7,-28.2,0.504,0.496
2026-01-27,L1-8,(W) Greg - Alejo,Greg,2169.4,2181.0,11.6,Alejo,1974.0,1962.4,-11.6,0.755,0.245
2026-01-27,L9-16,(W) Caden - Richard B,Caden,1760.4,1787.1,26.7,Richard B,1850.3,1828.0,-22.3,0.373,0.627
2026-01-27,L9-16,(W) Colin R - Matilda,Colin R,1786.1,1800.0,14.0,Matilda,1710.1,1690.6,-19.5,0.608,0.392
2026-01-27,L9-16,(W) Lukas N - Alix S,Lukas N,1830.5,1841.0,10.4,Alix S,1677.7,1665.2,-12.5,0.707,0.293
2026-01-27,L1-4,(W) Charlie - Nikolas A,Charlie,2044.3,2070.3,25.9,Nikolas A,1947.8,1906.3,-41.5,0.636,0.364
2026-01-27,L1-4,(W) Greg - Vincent,Greg,2181.0,2198.2,17.2,Vincent,1982.2,1965.1,-17.2,0.758,0.242
2026-01-27,L5-8,(W) Vivian - Alex Y,Vivian,1885.6,1909.1,23.6,Alex Y,1883.3,1855.0,-28.3,0.503,0.497
2026-01-27,L5-8,(W) Tom T - Alejo,Tom T,1927.7,1959.0,31.3,Alejo,1962.4,1936.3,-26.1,0.45,0.55
2026-01-27,L9-12,(W) Caden - Eric L,Caden,1787.1,1818.5,31.4,Eric L,1964.3,1938.2,-26.1,0.265,0.735
2026-01-27,L9-12,(W) Colin R - Lukas N,Colin R,1800.0,1819.9,19.9,Lukas N,1841.0,1821.1,-19.9,0.441,0.559
2026-01-27,L13-16,(W) Alix S - Matilda,Alix S,1665.2,1685.1,19.8,Matilda,1690.6,1667.4,-23.2,0.464,0.536
2026-01-27,L1-2,(W) Charlie - Greg,Charlie,2070.3,2134.4,64.2,Greg,2198.2,2134.1,-64.2,0.324,0.676
2026-01-27,L3-4,(W) Nikolas A - Vincent,Nikolas A,1906.3,1950.6,44.3,Vincent,1965.1,1937.4,-27.7,0.416,0.584
2026-01-27,L5-6,(W) Tom T - Vivian,Tom T,1959.0,1971.2,12.2,Vivian,1909.1,1899.0,-10.2,0.571,0.429
2026-01-27,L7-8,(W) Alex Y - Alejo,Alex Y,1855.0,1872.5,17.5,Alejo,1936.3,1921.7,-14.6,0.385,0.615
2026-01-27,L9-10,(W) Colin R - Caden,Colin R,1819.9,1831.7,11.8,Caden,1818.5,1804.3,-14.2,0.502,0.498
2026-01-27,L11-12,(W) Lukas N - Eric L,Lukas N,1821.1,1836.8,15.7,Eric L,1938.2,1922.5,-15.7,0.338,0.662
2026-01-27,L13-14,(W) Richard B - Alix S,Richard B,1828.0,1835.3,7.2,Alix S,1685.1,1676.4,-8.7,0.695,0.305
2026-02-03,Poule,(W) Alex Y 5-3 Steph,Alex Y,1872.5,1879.9,7.4,Steph,1869.9,1863.7,-6.2,0.504,0.246
2026-02-03,Poule,(W) Matilda 5-4 Joshua,Matilda,1667.4,1670.9,3.5,Joshua,1632.3,1629.3,-3.0,0.55,0.1
2026-02-03,Poule,(W) Alex Y 5-1 Andy R,Alex Y,1879.9,1884.0,4.1,Andy R,1655.0,1650.9,-4.1,0.785,0.135
2026-02-03,Poule,(W) Anna Z 5-2 Willie,Anna Z,1784.9,1811.2,26.3,Willie,2166.7,2147.9,-18.8,0.1,0.75
2026-02-03,Poule,(W) Alix S 5-2 Julia T,Alix S,1676.4,1692.9,16.5,Julia T,1822.7,1803.5,-19.2,0.301,0.549
2026-02-03,Poule,(W) Kirill 5-4 Maxim,Kirill,1681.7,1694.3,12.6,Maxim,1800,1787.4,-12.6,0.336,0.314
2026-02-03,Poule,(W) Caden 5-3 Vincent,Caden,1804.3,1817.5,13.2,Vincent,1942.4,1931.4,-11.0,0.311,0.439
2026-02-03,Poule,(W) Andy R 5-3 Caden,Andy R,1650.9,1665.1,14.2,Caden,1817.5,1803.3,-14.2,0.277,0.473
2026-02-03,Poule,(W) Eric L 5-0 Tom T,Eric L,1922.5,1936.7,14.2,Tom T,1971.2,1954.1,-17.1,0.43,0.57
2026-02-03,Poule,(W) Eric L 5-1 Charlie,Eric L,1936.7,1954.3,17.6,Charlie,2159.4,2141.9,-17.6,0.217,0.703
2026-02-03,Poule,(W) Matilda 5-4 Kirill,Matilda,1670.9,1677.3,6.4,Kirill,1694.3,1687.0,-7.3,0.466,0.184
2026-02-03,Poule,(W) Vincent 5-2 Marg,Vincent,1931.4,1933.5,2.1,Marg,1726.3,1724.2,-2.1,0.765,0.085
2026-02-03,Poule,(W) Vivian 5-3 Anna A,Vivian,1899.0,1901.5,2.5,Anna A,1791.7,1788.7,-3.0,0.65,0.1
2026-02-03,Poule,(W) Steph 5-0 Maxim,Steph,1863.7,1873.5,9.8,Maxim,1787.4,1771.8,-15.7,0.608,0.392
2026-02-03,Poule,(W) Anna A 5-4 Marg,Anna A,1788.7,1790.4,1.7,Marg,1724.2,1722.8,-1.5,0.592,0.058
2026-02-03,Poule,(W) Tom T 5-1 Alex Y,Tom T,1954.1,1963.7,9.6,Alex Y,1884.0,1874.4,-9.6,0.6,0.32
2026-02-03,Poule,(W) Willie 5-2 Tom T,Willie,2147.9,2150.6,2.7,Tom T,1963.7,1960.5,-3.2,0.743,0.107
2026-02-03,Poule,(W) Julia T 5-3 Matilda,Julia T,1803.5,1806.2,2.7,Matilda,1677.3,1674.7,-2.7,0.674,0.076
2026-02-03,Poule,(W) Eric L 5-0 Maxim,Eric L,1954.3,1960.7,6.5,Maxim,1771.8,1761.4,-10.4,0.741,0.259
2026-02-03,Poule,(W) Tom T 5-3 Alejo,Tom T,1960.5,1966.3,5.8,Alejo,1921.7,1916.9,-4.9,0.556,0.194
2026-02-03,Poule,(W) Tom T 5-3 Eugene,Tom T,1966.3,1963.3,-3.1,Eugene,1662.7,1665.2,2.5,0.852,0.102
2026-02-03,Poule,(W) Caden 5-2 Maxim,Caden,1803.3,1812.0,8.7,Maxim,1761.4,1749.8,-11.6,0.56,0.29
2026-02-03,Poule,(W) Anna Z 5-2 Kirill,Anna Z,1811.2,1817.4,6.2,Kirill,1687.0,1679.8,-7.1,0.672,0.178
2026-02-03,Poule,(W) Eric L 5-1 Julia T,Eric L,1960.7,1966.0,5.3,Julia T,1806.2,1798.8,-7.4,0.709,0.211
2026-02-03,Poule,(W) Eric L 5-2 Alejo,Eric L,1966.0,1973.0,7.0,Alejo,1916.9,1909.9,-7.0,0.57,0.28
2026-02-03,Poule,(W) Alex Y 5-1 Eugene,Alex Y,1874.4,1878.9,4.5,Eugene,1665.2,1661.5,-3.8,0.769,0.151
2026-02-03,Poule,(W) Anna A 5-2 Julia T,Anna A,1790.4,1801.3,10.9,Julia T,1798.8,1786.1,-12.7,0.488,0.362
2026-02-03,Poule,(W) Eric L 5-1 Anna Z,Eric L,1973.0,1978.3,5.2,Anna Z,1817.4,1810.1,-7.3,0.71,0.21
2026-02-03,Poule,(W) Anna A 5-3 Matilda,Anna A,1801.3,1803.6,2.3,Matilda,1674.7,1672.4,-2.3,0.675,0.075
2026-02-03,Poule,(W) Willie 5-3 Fergus,Willie,2150.6,2145.7,-4.9,Fergus,1659.3,1665.1,5.8,0.944,0.194
2026-02-03,Poule,(W) Steph 5-4 Eugene,Steph,1873.5,1870.5,-3.1,Eugene,1661.5,1664.5,3.1,0.772,0.122
2026-02-03,Poule,(W) Alex Y 5-3 Kirill,Alex Y,1878.9,1878.6,-0.3,Kirill,1679.8,1680.2,0.4,0.759,0.009
2026-02-03,Poule,(W) Vivian 5-2 Eugene,Vivian,1901.5,1902.8,1.3,Eugene,1664.5,1663.2,-1.3,0.796,0.054
2026-02-03,Poule,(W) Caden 5-3 Marg,Caden,1812.0,1815.7,3.7,Marg,1722.8,1719.7,-3.1,0.626,0.124
2026-02-03,Poule,(W) Steph 5-2 Joshua,Steph,1870.5,1871.7,1.2,Joshua,1629.3,1627.8,-1.5,0.8,0.05
2026-02-03,Poule,(W) Eric L 5-1 Fergus,Eric L,1978.3,1979.8,1.5,Fergus,1665.1,1663.3,-1.8,0.858,0.062
2026-02-03,Poule,(W) Vivian 5-3 Vincent,Vivian,1902.8,1910.2,7.4,Vincent,1933.5,1926.2,-7.4,0.456,0.294
2026-02-03,Poule,(W) Charlie 5-1 Vivian,Charlie,2141.9,2145.1,3.2,Vivian,1910.2,1907.0,-3.2,0.791,0.129
2026-02-03,Poule,(W) Marg 5-3 Matilda,Marg,1719.7,1724.2,4.6,Matilda,1672.4,1666.9,-5.5,0.568,0.182
2026-02-03,Poule,(W) Alejo 5-2 Anna A,Alejo,1909.9,1914.9,5.0,Anna A,1803.6,1797.5,-6.0,0.648,0.202
2026-02-03,Poule,(W) Alex Y 5-3 Alejo,Alex Y,1878.6,1887.7,9.1,Alejo,1914.9,1907.4,-7.6,0.448,0.302
2026-02-03,Poule,(W) Vincent 5-4 Steph,Vincent,1926.2,1928.0,1.8,Steph,1871.7,1869.9,-1.8,0.578,0.072
2026-02-03,Poule,(W) Matilda 5-2 Alix S,Matilda,1666.9,1678.6,11.6,Alix S,1692.9,1681.2,-11.6,0.463,0.387
2026-02-03,Poule,(W) Steph 5-3 Caden,Steph,1869.9,1874.2,4.3,Caden,1815.7,1810.6,-5.2,0.577,0.173
2026-02-03,Poule,(W) Vivian 5-2 Marg,Vivian,1907.0,1909.7,2.7,Marg,1724.2,1721.5,-2.7,0.741,0.109
2026-02-03,Poule,(W) Caden 5-4 Eugene,Caden,1810.6,1809.1,-1.5,Eugene,1663.2,1664.4,1.3,0.7,0.05
2026-02-03,Poule,(W) Anna A 5-3 Kirill,Anna A,1797.5,1800.1,2.6,Kirill,1680.2,1676.7,-3.5,0.663,0.087
2026-02-03,Poule,(W) Anna Z 5-1 Fergus,Anna Z,1810.1,1817.8,7.7,Fergus,1663.3,1656.7,-6.6,0.7,0.22
2026-02-03,Poule,(W) Tom T 5-4 Vivian,Tom T,1963.3,1965.5,2.2,Vivian,1909.7,1907.8,-1.8,0.577,0.073
2026-02-03,Poule,(W) Alex Y 5-3 Alix S,Alex Y,1887.7,1887.2,-0.5,Alix S,1681.2,1681.7,0.5,0.766,0.016
2026-02-03,Poule,(W) Vivian 5-0 Caden,Vivian,1907.8,1916.9,9.0,Caden,1809.1,1798.2,-10.8,0.638,0.362
2026-02-03,Poule,(W) Caden 5-3 Alejo,Caden,1798.2,1810.3,12.1,Alejo,1907.4,1897.3,-10.1,0.348,0.402
2026-02-03,Poule,(W) Alex Y 5-1 Fergus,Alex Y,1887.2,1891.1,3.9,Fergus,1656.7,1652.8,-3.9,0.79,0.13
2026-02-03,Poule,(W) Willie 5-2 Vincent,Willie,2145.7,2147.5,1.8,Vincent,1928.0,1926.2,-1.8,0.778,0.072
2026-02-03,Poule,(W) Tom T 5-1 Fergus,Tom T,1965.5,1967.3,1.9,Fergus,1652.8,1650.9,-1.9,0.858,0.062
2026-02-03,Poule,(W) Vincent 5-3 Joshua,Vincent,1926.2,1923.7,-2.4,Joshua,1627.8,1630.8,2.9,0.848,0.098
2026-02-03,Poule,(W) Vivian 5-0 Steph,Vivian,1916.9,1927.9,11.0,Steph,1874.2,1863.2,-11.0,0.561,0.439
2026-02-03,Poule,(W) Charlie 5-3 Vincent,Charlie,2145.1,2144.3,-0.8,Vincent,1923.7,1924.5,0.8,0.781,0.031
2026-02-03,Poule,(W) Maxim 5-2 Matilda,Maxim,1749.8,1759.8,10.0,Matilda,1678.6,1671.1,-7.5,0.601,0.249
2026-02-03,Poule,(W) Caden 5-2 Joshua,Caden,1810.3,1813.6,3.4,Joshua,1630.8,1627.4,-3.4,0.738,0.112
2026-02-03,Poule,(W) Alex Y 5-2 Matilda,Alex Y,1891.1,1893.2,2.1,Matilda,1671.1,1669.0,-2.1,0.78,0.07
2026-02-03,Poule,(W) Alejo 5-3 Willie,Alejo,1897.3,1911.3,14.0,Willie,2147.5,2133.6,-14.0,0.191,0.559
2026-02-03,Poule,(W) Joshua 5-2 Maxim,Joshua,1627.4,1643.3,16.0,Maxim,1759.8,1738.5,-21.3,0.318,0.532
2026-02-03,Poule,(W) Marg 5-2 Anna Z,Marg,1721.5,1733.6,12.1,Anna Z,1817.8,1800.8,-17.0,0.365,0.485
2026-02-03,Poule,(W) Anna Z 5-1 Alix S,Anna Z,1800.8,1808.5,7.7,Alix S,1681.7,1674.1,-7.7,0.665,0.255
2026-02-03,Poule,(W) Tom T 5-2 Alix S,Tom T,1967.3,1967.5,0.2,Alix S,1674.1,1673.9,-0.2,0.844,0.006
2026-02-03,Poule,(W) Vincent 5-3 Kirill,Vincent,1924.5,1923.1,-1.4,Kirill,1676.7,1678.6,2.0,0.806,0.056
2026-02-03,Poule,(W) Anna A 5-2 Anna Z,Anna A,1800.1,1811.0,10.9,Anna Z,1808.5,1797.6,-10.9,0.488,0.362
2026-02-03,Poule,(W) Anna Z 5-3 Alejo,Anna Z,1797.6,1809.8,12.2,Alejo,1911.3,1901.1,-10.2,0.342,0.408
2026-02-03,Poule,(W) Vivian 5-3 Matilda,Vivian,1927.9,1926.2,-1.7,Matilda,1669.0,1671.0,2.0,0.816,0.066
2026-02-03,Poule,(W) Willie 5-2 Anna A,Willie,2133.6,2133.2,-0.4,Anna A,1811.0,1811.4,0.4,0.865,0.015
2026-02-03,Poule,(W) Andy R 5-2 Alix S,Andy R,1665.1,1676.0,10.9,Alix S,1673.9,1663.0,-10.9,0.487,0.363
2026-02-03,Poule,(W) Vivian 5-4 Julia T,Vivian,1926.2,1925.2,-1.0,Julia T,1786.1,1787.6,1.4,0.691,0.041
2026-02-03,Poule,(W) Vincent 5-1 Eugene,Vincent,1923.1,1925.7,2.6,Eugene,1664.4,1661.8,-2.6,0.816,0.104
2026-02-03,Poule,(W) Eric L 5-0 Alix S,Eric L,1979.8,1983.3,3.5,Alix S,1663.0,1658.9,-4.2,0.861,0.139
2026-02-03,Poule,(W) Matilda 5-1 Andy R,Matilda,1671.0,1683.8,12.8,Andy R,1676.0,1663.2,-12.8,0.493,0.427
2026-02-03,Poule,(W) Tom T 5-3 Maxim,Tom T,1967.5,1966.3,-1.2,Maxim,1738.5,1740.0,1.6,0.789,0.039
2026-02-03,Poule,(W) Eugene 5-4 Joshua,Eugene,1661.8,1664.9,3.1,Joshua,1643.3,1639.6,-3.7,0.527,0.123
2026-02-03,Poule,(W) Charlie 5-1 Julia T,Charlie,2144.3,2145.1,0.8,Julia T,1787.6,1786.4,-1.2,0.886,0.034
2026-02-03,Poule,(W) Alejo 5-1 Marg,Alejo,1901.1,1906.0,4.9,Marg,1733.6,1728.7,-4.9,0.724,0.196
2026-02-03,Poule,(W) Vivian 5-2 Joshua,Vivian,1925.2,1925.5,0.3,Joshua,1639.6,1639.3,-0.4,0.838,0.012
2026-02-03,Poule,(W) Eugene 5-4 Andy R,Eugene,1664.9,1668.6,3.7,Andy R,1663.2,1658.7,-4.4,0.503,0.147
2026-02-03,Poule,(W) Willie 5-4 Steph,Willie,2133.2,2128.8,-4.4,Steph,1863.2,1867.6,4.4,0.825,0.175
2026-02-03,L1-32,(W) Joshua - Eugene,Joshua,1639.3,1660.6,21.3,Eugene,1668.6,1650.8,-17.8,0.458,0.542
2026-02-03,L1-32,(W) Alejo - Fergus,Alejo,1906.0,1912.1,6.1,Fergus,1650.9,1643.5,-7.4,0.813,0.187
2026-02-03,L1-32,(W) Alix S - Andy R,Alix S,1658.9,1678.5,19.7,Andy R,1658.7,1639.1,-19.7,0.5,0.5
2026-02-03,L1-32,(W) Maxim - Kirill,Maxim,1740.0,1761.7,21.6,Kirill,1678.6,1659.7,-18.9,0.587,0.413
2026-02-03,L1-16,(W) Vivian - Joshua,Vivian,1925.5,1932.5,7.0,Joshua,1660.6,1652.2,-8.4,0.821,0.179
2026-02-03,L1-16,(W) Anna A - Vincent,Anna A,1811.4,1842.5,31.1,Vincent,1925.7,1899.8,-25.9,0.341,0.659
2026-02-03,L1-16,(W) Charlie - Caden,Charlie,2145.1,2150.2,5.1,Caden,1813.6,1807.5,-6.1,0.871,0.129
2026-02-03,L1-16,(W) Tom T - Alejo,Tom T,1966.3,1986.3,19.9,Alejo,1912.1,1895.5,-16.6,0.577,0.423
2026-02-03,L1-16,(W) Alex Y - Alix S,Alex Y,1893.2,1903.8,10.6,Alix S,1678.5,1667.9,-10.6,0.775,0.225
2026-02-03,L1-16,(W) Willie - Matilda,Willie,2128.8,2131.6,2.8,Matilda,1683.8,1680.4,-3.4,0.928,0.072
2026-02-03,L1-16,(W) Anna Z - Steph,Anna Z,1809.8,1837.3,27.5,Steph,1867.6,1844.7,-22.9,0.418,0.582
2026-02-03,L1-16,(W) Eric L - Maxim,Eric L,1983.3,1991.9,8.6,Maxim,1761.7,1747.9,-13.7,0.782,0.218
2026-02-03,L1-8,(W) Anna A - Vivian,Anna A,1842.5,1882.0,39.4,Vivian,1932.5,1899.6,-32.9,0.373,0.627
2026-02-03,L1-8,(W) Charlie - Tom T,Charlie,2150.2,2164.9,14.7,Tom T,1986.3,1968.7,-17.6,0.72,0.28
2026-02-03,L1-8,(W) Willie - Alex Y,Willie,2131.6,2142.8,11.1,Alex Y,1903.8,1890.4,-13.4,0.788,0.212
2026-02-03,L1-8,(W) Eric L - Anna Z,Eric L,1991.9,2007.1,15.3,Anna Z,1837.3,1819.0,-18.3,0.709,0.291
2026-02-03,L9-16,(W) Vincent - Joshua,Vincent,1899.8,1907.4,7.6,Joshua,1652.2,1643.0,-9.1,0.806,0.194
2026-02-03,L9-16,(W) Alejo - Caden,Alejo,1895.5,1910.3,14.8,Caden,1807.5,1789.8,-17.7,0.624,0.376
2026-02-03,L9-16,(W) Matilda - Alix S,Matilda,1680.4,1703.2,22.7,Alix S,1667.9,1645.1,-22.7,0.518,0.482
2026-02-03,L9-16,(W) Maxim - Steph,Maxim,1747.9,1787.9,40.0,Steph,1844.7,1819.7,-25.0,0.364,0.636
2026-02-03,L1-4,(W) Anna A - Charlie,Anna A,1882.0,1960.9,78.9,Charlie,2164.9,2099.1,-65.8,0.164,0.836
2026-02-03,L1-4,(W) Eric L - Willie,Eric L,2007.1,2061.1,53.9,Willie,2142.8,2088.8,-53.9,0.314,0.686
2026-02-03,L5-8,(W) Tom T - Vivian,Tom T,1968.7,1994.0,25.3,Vivian,1899.6,1878.6,-21.1,0.598,0.402
2026-02-03,L5-8,(W) Anna Z - Alex Y,Anna Z,1819.0,1856.8,37.8,Alex Y,1890.4,1852.6,-37.8,0.399,0.601
2026-02-03,L9-12,(W) Vincent - Alejo,Vincent,1907.4,1927.2,19.8,Alejo,1910.3,1890.5,-19.8,0.496,0.504
2026-02-03,L9-12,(W) Maxim - Matilda,Maxim,1787.9,1811.9,23.9,Matilda,1703.2,1685.2,-18.0,0.62,0.38
2026-02-03,L13-16,(W) Caden - Joshua,Caden,1789.8,1802.1,12.3,Joshua,1643.0,1630.7,-12.3,0.699,0.301
2026-02-03,L13-16,(W) Alix S - Steph,Alix S,1645.1,1675.1,29.9,Steph,1819.7,1794.8,-25.0,0.268,0.732
2026-02-03,L17-20,(W) Fergus - Eugene,Fergus,1643.5,1659.6,16.1,Eugene,1650.8,1637.5,-13.4,0.489,0.511
2026-02-03,L17-20,(W) Andy R - Kirill,Andy R,1639.1,1655.8,16.7,Kirill,1659.7,1640.3,-19.4,0.47,0.53
2026-02-03,L1-2,(W) Eric L - Anna A,Eric L,2061.1,2098.8,37.7,Anna A,1960.9,1915.6,-45.3,0.64,0.36
2026-02-03,L3-4,(W) Willie - Charlie,Willie,2088.8,2115.8,27.0,Charlie,2099.1,2072.1,-27.0,0.485,0.515
2026-02-03,L5-6,(W) Anna Z - Tom T,Anna Z,1856.8,1878.5,21.6,Tom T,1994.0,1972.3,-21.6,0.312,0.688
2026-02-03,L7-8,(W) Vivian - Alex Y,Vivian,1878.6,1890.7,12.1,Alex Y,1852.6,1838.0,-14.6,0.537,0.463
2026-02-03,L9-10,(W) Vincent - Maxim,Vincent,1927.2,1936.2,8.9,Maxim,1811.9,1797.6,-14.3,0.66,0.34
2026-02-03,L11-12,(W) Alejo - Matilda,Alejo,1890.5,1896.6,6.2,Matilda,1685.2,1677.8,-7.4,0.765,0.235
2026-02-03,L13-14,(W) Caden - Alix S,Caden,1802.1,1812.3,10.2,Alix S,1675.1,1664.9,-10.2,0.675,0.325
2026-02-03,L15-16,(W) Joshua - Steph,Joshua,1630.7,1653.4,22.7,Steph,1794.8,1775.9,-18.9,0.28,0.72
2026-02-03,L17-18,(W) Andy R - Fergus,Andy R,1655.8,1671.7,15.9,Fergus,1659.6,1643.7,-15.9,0.494,0.506
2026-02-03,L19-20,(W) Kirill - Eugene,Kirill,1640.3,1658.5,18.2,Eugene,1637.5,1624.5,-13.0,0.504,0.496
2026-02-10,Poule,(W) Anna A 5-3 Alix S,Anna A,1930.6,1928.4,-2.2,Alix S,1664.9,1667.0,2.2,0.822,0.072
2026-02-10,Poule,(W) Richard B 5-2 Alix S,Richard B,1835.3,1838.4,3.1,Alix S,1667.0,1663.3,-3.8,0.725,0.125
2026-02-10,Poule,(W) David Roig 5-3 Eric L,David Roig,1800,1824.6,24.6,Eric L,2123.8,2108.4,-15.4,0.134,0.616
2026-02-10,Poule,(W) Eric L 5-1 Alix S,Eric L,2108.4,2108.2,-0.2,Alix S,1663.3,1663.5,0.3,0.928,0.008
2026-02-10,Poule,(W) David Roig 5-3 Kirill,David Roig,1824.6,1825.7,1.1,Kirill,1658.5,1657.5,-1.0,0.722,0.028
2026-02-10,Poule,(W) Alex Y 5-1 Darran,Alex Y,1838.0,1853.5,15.5,Darran,1906.1,1888.0,-18.1,0.403,0.517
2026-02-10,Poule,(W) Fergus 5-4 Joshua,Fergus,1643.7,1648.6,4.9,Joshua,1653.4,1648.5,-4.9,0.486,0.164
2026-02-10,Poule,(W) Richard B 5-4 David Roig,Richard B,1838.4,1841.7,3.3,David Roig,1825.7,1820.5,-5.3,0.518,0.132
2026-02-10,Poule,(W) Maxim 5-2 Fergus,Maxim,1797.6,1803.5,5.9,Fergus,1648.6,1644.2,-4.4,0.702,0.148
2026-02-10,Poule,(W) Anna A 5-1 Vincent,Anna A,1928.4,1941.4,12.9,Vincent,1936.2,1925.4,-10.8,0.489,0.431
2026-02-10,Poule,(W) Eric L 5-4 Julia T,Eric L,2108.2,2102.8,-5.4,Julia T,1786.4,1793.9,7.5,0.864,0.214
2026-02-10,Poule,(W) Greg 5-4 Eric L,Greg,2149.1,2151.2,2.1,Eric L,2102.8,2100.7,-2.1,0.566,0.084
2026-02-10,Poule,(W) David Roig 5-1 Sammy,David Roig,1820.5,1849.5,29.0,Sammy,2066.6,2044.8,-21.7,0.195,0.725
2026-02-10,Poule,(W) Sammy 5-0 Marg,Sammy,2044.8,2049.0,4.2,Marg,1728.7,1725.2,-3.5,0.861,0.139
2026-02-10,Poule,(W) Vincent 5-2 Maxim,Vincent,1925.4,1929.9,4.5,Maxim,1803.5,1796.3,-7.3,0.668,0.182
2026-02-10,Poule,(W) David Roig 5-2 Alex Y,David Roig,1849.5,1863.7,14.2,Alex Y,1853.5,1842.9,-10.7,0.494,0.356
2026-02-10,Poule,(W) Eric L 5-2 Joshua,Eric L,2100.7,2098.7,-2.0,Joshua,1648.5,1650.9,2.4,0.931,0.081
2026-02-10,Poule,(W) Eric L 5-4 Eugene,Eric L,2098.7,2091.5,-7.2,Eugene,1624.5,1631.7,7.2,0.939,0.289
2026-02-10,Poule,(W) Vincent 5-3 Caden,Vincent,1929.9,1932.1,2.2,Caden,1812.3,1809.7,-2.6,0.663,0.087
2026-02-10,Poule,(W) Charlie 5-2 Fergus,Charlie,2077.1,2075.3,-1.8,Fergus,1644.2,1646.4,2.2,0.924,0.074
2026-02-10,Poule,(W) Maxim 5-4 Richard B,Maxim,1796.3,1804.9,8.6,Richard B,1841.7,1836.3,-5.4,0.435,0.215
2026-02-10,Poule,(W) Sammy 5-2 Vivian,Sammy,2049.0,2053.1,4.1,Vivian,1890.7,1887.3,-3.4,0.713,0.137
2026-02-10,Poule,(W) Vincent 5-3 Richard B,Vincent,1932.1,1935.0,2.9,Richard B,1836.3,1833.4,-2.9,0.634,0.116
2026-02-10,Poule,(W) Vincent 5-0 Eugene,Vincent,1935.0,1938.7,3.7,Eugene,1631.7,1628.0,-3.7,0.851,0.149
2026-02-10,Poule,(W) Willie 5-4 Kirill,Willie,2123.8,2116.7,-7.2,Kirill,1657.5,1667.5,10.0,0.936,0.286
2026-02-10,Poule,(W) Anna A 5-4 Joshua,Anna A,1941.4,1935.6,-5.8,Joshua,1650.9,1656.7,5.8,0.842,0.192
2026-02-10,Poule,(W) Sammy 5-2 Charlie,Sammy,2053.1,2064.6,11.5,Charlie,2075.3,2065.8,-9.5,0.468,0.382
2026-02-10,Poule,(W) Fassel 5-4 Darran,Fassel,2014.5,2013.8,-0.7,Darran,1888.0,1888.9,0.9,0.674,0.024
2026-02-10,Poule,(W) Darran 5-4 Maxim,Darran,1888.9,1890.0,1.1,Maxim,1804.9,1803.6,-1.3,0.619,0.031
2026-02-10,Poule,(W) Anna A 5-3 Julia T,Anna A,1935.6,1937.3,1.7,Julia T,1793.9,1791.9,-2.0,0.693,0.057
2026-02-10,Poule,(W) Vincent 5-4 Marg,Vincent,1938.7,1935.6,-3.1,Marg,1725.2,1728.3,3.1,0.774,0.124
2026-02-10,Poule,(W) Fassel 5-2 Willie,Fassel,2013.8,2028.6,14.8,Willie,2116.7,2104.3,-12.3,0.356,0.494
2026-02-10,Poule,(W) Fassel 5-2 Caden,Fassel,2028.6,2030.7,2.1,Caden,1809.7,1807.6,-2.1,0.779,0.071
2026-02-10,Poule,(W) Willie 5-3 Julia T,Willie,2104.3,2101.6,-2.7,Julia T,1791.9,1795.7,3.8,0.858,0.108
2026-02-10,Poule,(W) David Roig 5-1 Charlie,David Roig,1863.7,1891.0,27.3,Charlie,2065.8,2048.7,-17.0,0.238,0.682
2026-02-10,Poule,(W) Anna A 5-3 Kirill,Anna A,1937.3,1935.1,-2.3,Kirill,1667.5,1670.2,2.6,0.825,0.075
2026-02-10,Poule,(W) Vivian 5-3 Alex Y,Vivian,1887.3,1891.9,4.7,Alex Y,1842.9,1837.3,-5.6,0.564,0.186
2026-02-10,Poule,(W) Eric L 5-0 Willie,Eric L,2091.5,2104.4,12.9,Willie,2101.6,2088.7,-12.9,0.485,0.515
2026-02-10,Poule,(W) Vivian 5-2 Fergus,Vivian,1891.9,1893.1,1.1,Fergus,1646.4,1645.0,-1.4,0.804,0.046
2026-02-10,Poule,(W) Vincent 5-2 Kirill,Vincent,1935.6,1936.3,0.7,Kirill,1670.2,1669.2,-1.0,0.822,0.028
2026-02-10,Poule,(W) Marg 5-4 Julia T,Marg,1728.3,1734.5,6.1,Julia T,1795.7,1787.1,-8.6,0.404,0.246
2026-02-10,Poule,(W) Willie 5-2 Vincent,Willie,2088.7,2092.3,3.6,Vincent,1936.3,1932.7,-3.6,0.706,0.144
2026-02-10,Poule,(W) Kirill 5-3 Oleg,Kirill,1669.2,1684.2,15.0,Oleg,1800,1782.8,-17.2,0.32,0.43
2026-02-10,Poule,(W) Greg 5-1 Alix S,Greg,2151.2,2150.6,-0.6,Alix S,1663.5,1664.2,0.7,0.943,0.023
2026-02-10,Poule,(W) Greg 5-1 Joshua,Greg,2150.6,2150.0,-0.6,Joshua,1656.7,1657.4,0.7,0.945,0.025
2026-02-10,Poule,(W) Darran 5-3 Joshua,Darran,1890.0,1888.5,-1.5,Joshua,1657.4,1658.7,1.3,0.792,0.042
2026-02-10,Poule,(W) Fergus 5-2 Alix S,Fergus,1645.0,1656.4,11.3,Alix S,1664.2,1652.9,-11.3,0.472,0.378
2026-02-10,Poule,(W) Vivian 5-1 Eugene,Vivian,1893.1,1895.5,2.5,Eugene,1628.0,1625.5,-2.5,0.821,0.099
2026-02-10,Poule,(W) Vivian 5-4 Oleg,Vivian,1895.5,1895.4,-0.2,Oleg,1782.8,1783.1,0.3,0.657,0.007
2026-02-10,Poule,(W) Richard B 5-4 Caden,Richard B,1833.4,1836.2,2.8,Caden,1807.6,1804.2,-3.4,0.537,0.113
2026-02-10,Poule,(W) Sammy 5-3 Kirill,Sammy,2064.6,2060.1,-4.5,Kirill,1684.2,1689.4,5.2,0.899,0.149
2026-02-10,Poule,(W) Vincent 5-0 Vivian,Vincent,1932.7,1943.9,11.2,Vivian,1895.4,1884.2,-11.2,0.554,0.446
2026-02-10,Poule,(W) Fassel 5-3 Kirill,Fassel,2030.7,2027.6,-3.2,Kirill,1689.4,1693.9,4.4,0.877,0.127
2026-02-10,Poule,(W) David Roig 5-1 Caden,David Roig,1891.0,1902.9,11.9,Caden,1804.2,1795.3,-8.9,0.622,0.298
2026-02-10,Poule,(W) Charlie 5-2 Fassel,Charlie,2048.7,2056.7,8.0,Fassel,2027.6,2019.6,-8.0,0.53,0.32
2026-02-10,Poule,(W) Greg 5-0 Maxim,Greg,2150.0,2153.0,3.0,Maxim,1803.6,1798.8,-4.8,0.88,0.12
2026-02-10,Poule,(W) Oleg 5-2 Anna A,Oleg,1783.1,1805.3,22.2,Anna A,1935.1,1918.4,-16.7,0.294,0.556
2026-02-10,Poule,(W) Willie 5-1 Caden,Willie,2092.3,2094.2,1.8,Caden,1795.3,1793.1,-2.2,0.847,0.073
2026-02-10,Poule,(W) Richard B 5-2 Kirill,Richard B,1836.2,1840.1,3.9,Kirill,1693.9,1688.4,-5.5,0.694,0.156
2026-02-10,Poule,(W) Fassel 5-2 Oleg,Fassel,2019.6,2021.5,1.9,Oleg,1805.3,1802.3,-3.0,0.774,0.076
2026-02-10,Poule,(W) Charlie 5-4 Darran,Charlie,2056.7,2054.8,-1.9,Darran,1888.5,1891.1,2.6,0.725,0.075
2026-02-10,Poule,(W) David Roig 5-3 Willie,David Roig,1902.9,1922.9,20.0,Willie,2094.2,2081.7,-12.5,0.25,0.5
2026-02-10,Poule,(W) Joshua 5-3 Richard B,Joshua,1658.7,1673.4,14.7,Richard B,1840.1,1827.9,-12.2,0.26,0.49
2026-02-10,Poule,(W) Vivian 5-2 Willie,Vivian,1884.2,1899.4,15.2,Willie,2081.7,2066.5,-15.2,0.243,0.607
2026-02-10,Poule,(W) Vivian 5-1 Alix S,Vivian,1899.4,1902.3,2.9,Alix S,1652.9,1649.4,-3.4,0.805,0.115
2026-02-10,Poule,(W) Greg 5-3 Vincent,Greg,2153.0,2152.5,-0.5,Vincent,1943.9,1944.4,0.5,0.769,0.019
2026-02-10,Poule,(W) Marg 5-3 Alix S,Marg,1734.5,1737.7,3.3,Alix S,1649.4,1645.5,-3.9,0.62,0.13
2026-02-10,Poule,(W) Alex Y 5-2 Maxim,Alex Y,1837.3,1846.1,8.8,Maxim,1798.8,1787.0,-11.8,0.555,0.295
2026-02-10,Poule,(W) Maxim 5-2 Eugene,Maxim,1787.0,1792.3,5.3,Eugene,1625.5,1622.2,-3.3,0.717,0.133
2026-02-10,Poule,(W) Vincent 5-2 Eric L,Vincent,1944.4,1958.5,14.1,Eric L,2104.4,2090.2,-14.1,0.285,0.565
2026-02-10,Poule,(W) Greg 5-3 Eugene,Greg,2152.5,2147.4,-5.1,Eugene,1622.2,1627.3,5.1,0.955,0.205
2026-02-10,Poule,(W) Caden 5-2 Fergus,Caden,1793.1,1798.0,4.9,Fergus,1656.4,1651.5,-4.9,0.687,0.163
2026-02-10,Poule,(W) David Roig 5-2 Vincent,David Roig,1922.9,1938.9,16.0,Vincent,1958.5,1948.5,-10.0,0.449,0.401
2026-02-10,Poule,(W) Fergus 5-3 Julia T,Fergus,1651.5,1664.5,13.1,Julia T,1787.1,1771.8,-15.3,0.314,0.436
2026-02-10,Poule,(W) Oleg 5-4 Julia T,Oleg,1802.3,1806.5,4.3,Julia T,1771.8,1768.1,-3.7,0.544,0.106
2026-02-10,Poule,(W) Julia T 5-4 Alix S,Julia T,1768.1,1767.4,-0.7,Alix S,1645.5,1646.1,0.6,0.669,0.019
2026-02-10,Poule,(W) Darran 5-4 Richard B,Darran,1891.1,1893.2,2.1,Richard B,1827.9,1826.4,-1.5,0.59,0.06
2026-02-10,Poule,(W) Sammy 5-3 Alex Y,Sammy,2060.1,2059.4,-0.7,Alex Y,1846.1,1846.8,0.7,0.774,0.024
2026-02-10,Poule,(W) Willie 5-4 Sammy,Willie,2066.5,2070.0,3.5,Sammy,2059.4,2055.2,-4.2,0.51,0.14
2026-02-10,Poule,(W) Darran 5-1 Eugene,Darran,1893.2,1896.7,3.4,Eugene,1627.3,1624.9,-2.4,0.822,0.098
2026-02-10,Poule,(W) Eric L 5-3 Charlie,Eric L,2090.2,2095.2,5.0,Charlie,2054.8,2049.8,-5.0,0.551,0.199
2026-02-10,Poule,(W) Fassel 5-2 Marg,Fassel,2021.5,2021.8,0.3,Marg,1737.7,1737.4,-0.3,0.837,0.013
2026-02-10,Poule,(W) Charlie 5-1 Julia T,Charlie,2049.8,2052.0,2.1,Julia T,1767.4,1764.5,-3.0,0.836,0.084
2026-02-10,Poule,(W) Vivian 5-3 Joshua,Vivian,1902.3,1901.3,-1.0,Joshua,1673.4,1674.5,1.2,0.789,0.039
2026-02-10,Poule,(W) Darran 5-0 Fergus,Darran,1896.7,1903.9,7.3,Fergus,1664.5,1658.3,-6.2,0.792,0.208
2026-02-10,Poule,(W) Greg 5-1 Charlie,Greg,2147.4,2154.5,7.2,Charlie,2052.0,2044.8,-7.2,0.634,0.286
2026-02-10,Poule,(W) Marg 5-2 Caden,Marg,1737.4,1748.3,10.9,Caden,1798.0,1784.9,-13.1,0.414,0.436
2026-02-10,Poule,(W) Greg 5-1 Anna A,Greg,2154.5,2157.6,3.1,Anna A,1918.4,1914.7,-3.7,0.796,0.124
2026-02-10,Poule,(W) Eric L 5-3 Sammy,Eric L,2095.2,2100.0,4.8,Sammy,2055.2,2049.4,-5.8,0.557,0.193
2026-02-10,Poule,(W) Fassel 5-2 Julia T,Fassel,2021.8,2022.7,0.9,Julia T,1764.5,1763.2,-1.2,0.815,0.035
2026-02-10,Poule,(W) Oleg 5-4 Maxim,Oleg,1806.5,1811.7,5.2,Maxim,1792.3,1787.2,-5.2,0.52,0.13
2026-02-10,Poule,(W) Oleg 5-4 David Roig,Oleg,1811.7,1824.7,13.0,David Roig,1938.9,1925.9,-13.0,0.325,0.325
2026-02-10,Poule,(W) Fassel 5-2 Alex Y,Fassel,2022.7,2025.6,2.9,Alex Y,1846.8,1843.3,-3.5,0.733,0.117
2026-02-10,Poule,(W) Fergus 5-3 Eugene,Fergus,1658.3,1664.4,6.1,Eugene,1624.9,1619.8,-5.1,0.548,0.202
2026-02-10,Poule,(W) Fassel 5-3 Eugene,Fassel,2025.6,2021.5,-4.0,Eugene,1619.8,1623.8,4.0,0.912,0.162
2026-02-10,Poule,(W) Alex Y 5-1 Alix S,Alex Y,1843.3,1848.2,4.9,Alix S,1646.1,1641.2,-4.9,0.757,0.163
2026-02-10,Poule,(W) Willie 5-3 Maxim,Willie,2070.0,2067.8,-2.1,Maxim,1787.2,1790.2,3.0,0.836,0.086
2026-02-10,Poule,(W) Vivian 5-1 Caden,Vivian,1901.3,1907.7,6.5,Caden,1784.9,1777.1,-7.8,0.662,0.258
2026-02-10,Poule,(W) Vivian 5-4 Richard B,Vivian,1907.7,1908.6,0.9,Richard B,1826.4,1825.5,-0.9,0.615,0.035
2026-02-10,Poule,(W) Greg 5-2 Oleg,Greg,2157.6,2157.1,-0.5,Oleg,1824.7,1825.6,0.9,0.872,0.022
2026-02-10,Poule,(W) Anna A 5-3 Marg,Anna A,1914.7,1915.5,0.8,Marg,1748.3,1747.6,-0.7,0.723,0.027
2026-02-10,Poule,(W) Greg 5-3 Vivian,Greg,2157.1,2155.7,-1.4,Vivian,1908.6,1910.0,1.4,0.807,0.057
2026-02-10,Poule,(W) Eugene 5-3 Richard B,Eugene,1623.8,1636.6,12.8,Richard B,1825.5,1812.7,-12.8,0.239,0.511
2026-02-10,Poule,(W) Charlie 5-4 Vivian,Charlie,2044.8,2043.9,-0.9,Vivian,1910.0,1910.9,0.9,0.685,0.035
2026-02-10,L1-32,(W) Maxim - Joshua,Maxim,1790.2,1806.1,15.9,Joshua,1674.5,1660.9,-13.7,0.661,0.339
2026-02-10,L1-32,(W) Richard B - Eugene,Richard B,1812.7,1821.7,8.9,Eugene,1636.6,1627.7,-8.9,0.734,0.266
2026-02-10,L1-32,(W) Oleg - Caden,Oleg,1825.6,1848.7,23.1,Caden,1777.1,1759.8,-17.3,0.569,0.431
2026-02-10,L1-32,(W) Fergus - Julia T,Fergus,1664.4,1690.0,25.7,Julia T,1763.2,1733.3,-30.0,0.361,0.639
2026-02-10,L1-32,(W) Charlie - Alix S,Charlie,2043.9,2046.9,3.0,Alix S,1641.2,1637.6,-3.6,0.91,0.09
2026-02-10,L1-32,(W) Alex Y - Kirill,Alex Y,1848.2,1859.7,11.5,Kirill,1688.4,1675.1,-13.4,0.715,0.285
2026-02-10,L1-16,(W) Greg - Maxim,Greg,2155.7,2160.4,4.7,Maxim,1806.1,1799.5,-6.6,0.882,0.118
2026-02-10,L1-16,(W) Sammy - Willie,Sammy,2049.4,2074.8,25.4,Willie,2067.8,2046.7,-21.2,0.473,0.527
2026-02-10,L1-16,(W) Eric L - Richard B,Eric L,2100.0,2106.8,6.7,Richard B,1821.7,1814.9,-6.7,0.832,0.168
2026-02-10,L1-16,(W) Oleg - Vivian,Oleg,1848.7,1886.6,37.9,Vivian,1910.9,1887.2,-23.7,0.411,0.589
2026-02-10,L1-16,(W) David Roig - Fergus,David Roig,1925.9,1939.1,13.2,Fergus,1690.0,1680.2,-9.9,0.795,0.205
2026-02-10,L1-16,(W) Vincent - Charlie,Vincent,1948.5,1974.1,25.7,Charlie,2046.9,2021.3,-25.7,0.362,0.638
2026-02-10,L1-16,(W) Darran - Anna A,Darran,1903.9,1933.0,29.1,Anna A,1915.5,1890.5,-24.9,0.483,0.517
2026-02-10,L1-16,(W) Fassel - Alex Y,Fassel,2021.5,2032.9,11.4,Alex Y,1859.7,1846.1,-13.6,0.717,0.283
2026-02-10,L1-8,(W) Greg - Sammy,Greg,2160.4,2180.7,20.3,Sammy,2074.8,2050.4,-24.4,0.621,0.379
2026-02-10,L1-8,(W) Eric L - Oleg,Eric L,2106.8,2118.5,11.8,Oleg,1886.6,1867.7,-18.8,0.78,0.22
2026-02-10,L1-8,(W) David Roig - Vincent,David Roig,1939.1,1986.3,47.2,Vincent,1974.1,1944.6,-29.5,0.45,0.55
2026-02-10,L1-8,(W) Darran - Fassel,Darran,1933.0,1981.1,48.0,Fassel,2032.9,1998.6,-34.3,0.36,0.64
2026-02-10,L9-16,(W) Willie - Maxim,Willie,2046.7,2054.5,7.8,Maxim,1799.5,1788.5,-10.9,0.806,0.194
2026-02-10,L9-16,(W) Richard B - Vivian,Richard B,1814.9,1839.1,24.2,Vivian,1887.2,1863.0,-24.2,0.397,0.603
2026-02-10,L9-16,(W) Charlie - Fergus,Charlie,2021.3,2026.2,4.9,Fergus,1680.2,1674.2,-5.9,0.877,0.123
2026-02-10,L9-16,(W) Alex Y - Anna A,Alex Y,1846.1,1873.3,27.2,Anna A,1890.5,1863.3,-27.2,0.436,0.564
2026-02-10,L17-24,(W) Caden - Eugene,Caden,1759.8,1770.0,10.2,Eugene,1627.7,1619.2,-8.5,0.681,0.319
2026-02-10,L17-24,(W) Alix S - Julia T,Alix S,1637.6,1658.0,20.4,Julia T,1733.3,1709.5,-23.8,0.366,0.634
2026-02-10,L1-4,(W) Eric L - Greg,Eric L,2118.5,2165.9,47.3,Greg,2180.7,2133.4,-47.3,0.411,0.589
2026-02-10,L1-4,(W) David Roig - Darran,David Roig,1986.3,2049.7,63.4,Darran,1981.1,1925.6,-55.5,0.508,0.492
2026-02-10,L5-8,(W) Sammy - Oleg,Sammy,2050.4,2067.1,16.7,Oleg,1867.7,1845.5,-22.2,0.741,0.259
2026-02-10,L5-8,(W) Fassel - Vincent,Fassel,1998.6,2021.3,22.7,Vincent,1944.6,1921.9,-22.7,0.577,0.423
2026-02-10,L9-12,(W) Willie - Richard B,Willie,2054.5,2063.5,9.0,Richard B,1839.1,1830.1,-9.0,0.775,0.225
2026-02-10,L9-12,(W) Alex Y - Charlie,Alex Y,1873.3,1907.4,34.1,Charlie,2026.2,1997.8,-28.4,0.293,0.707
2026-02-10,L13-16,(W) Vivian - Maxim,Vivian,1863.0,1876.8,13.7,Maxim,1788.5,1769.3,-19.2,0.606,0.394
2026-02-10,L13-16,(W) Fergus - Anna A,Fergus,1674.2,1705.5,31.3,Anna A,1863.3,1832.1,-31.3,0.252,0.748
2026-02-10,L17-20,(W) Joshua - Caden,Joshua,1660.9,1681.9,21.0,Caden,1770.0,1749.1,-21.0,0.348,0.652
2026-02-10,L17-20,(W) Kirill - Alix S,Kirill,1675.1,1692.9,17.8,Alix S,1658.0,1642.7,-15.3,0.525,0.475
2026-02-10,L1-2,(W) Eric L - David Roig,Eric L,2165.9,2202.2,36.3,David Roig,2049.7,1991.5,-58.1,0.661,0.339
2026-02-10,L3-4,(W) Greg - Darran,Greg,2133.4,2145.8,12.4,Darran,1925.6,1908.2,-17.4,0.768,0.232
2026-02-10,L5-6,(W) Sammy - Fassel,Sammy,2067.1,2081.0,14.0,Fassel,2021.3,2009.6,-11.6,0.566,0.434
2026-02-10,L7-8,(W) Oleg - Vincent,Oleg,1845.5,1871.6,26.1,Vincent,1921.9,1905.6,-16.3,0.392,0.608
2026-02-10,L9-10,(W) Willie - Alex Y,Willie,2063.5,2071.2,7.8,Alex Y,1907.4,1898.1,-9.3,0.711,0.289
2026-02-10,L11-12,(W) Charlie - Richard B,Charlie,1997.8,2005.2,7.4,Richard B,1830.1,1822.7,-7.4,0.724,0.276
2026-02-10,L13-14,(W) Vivian - Fergus,Vivian,1876.8,1884.0,7.3,Fergus,1705.5,1696.8,-8.7,0.728,0.272
2026-02-10,L15-16,(W) Maxim - Anna A,Maxim,1769.3,1791.4,22.1,Anna A,1832.1,1813.1,-19.0,0.411,0.589
2026-02-10,L17-18,(W) Joshua - Kirill,Joshua,1681.9,1698.5,16.6,Kirill,1692.9,1673.5,-19.4,0.484,0.516
2026-02-10,L19-20,(W) Caden - Alix S,Caden,1749.1,1760.4,11.3,Alix S,1642.7,1631.4,-11.3,0.648,0.352
2026-02-10,L21-22,(W) Eugene - Julia T,Eugene,1619.2,1636.0,16.8,Julia T,1709.5,1685.9,-23.5,0.373,0.627
2026-02-17,Poule,(W) Kirill 5-4 Joshua,Kirill,1673.5,1680.1,6.5,Joshua,1698.5,1692.9,-5.6,0.464,0.186
2026-02-17,Poule,(W) Joshua 5-4 Vivian,Joshua,1692.9,1704.9,12.0,Vivian,1884.0,1874.0,-10.0,0.25,0.4
2026-02-17,Poule,(W) Oleg 5-2 Purse,Oleg,1871.6,1881.5,9.9,Purse,1800,1790.1,-9.9,0.602,0.248
2026-02-17,Poule,(W) Colin R 5-4 Richard B,Colin R,1831.7,1835.1,3.4,Richard B,1822.7,1819.3,-3.4,0.513,0.137
2026-02-17,Poule,(W) Oleg 5-2 Shevy,Oleg,1881.5,1886.9,5.4,Shevy,1721.1,1717.0,-4.0,0.716,0.134
2026-02-17,Poule,(W) Julia T 5-2 Perth,Julia T,1685.9,1695.8,9.9,Perth,1638.7,1628.8,-9.9,0.568,0.282
2026-02-17,Poule,(W) Alejo 5-4 Richard B,Alejo,1896.6,1897.6,1.0,Richard B,1819.3,1818.3,-1.0,0.609,0.041
2026-02-17,Poule,(W) Richard B 5-3 Vincent,Richard B,1818.3,1827.6,9.3,Vincent,1905.6,1896.3,-9.3,0.377,0.373
2026-02-17,Poule,(W) Darran 5-2 Perth,Darran,1913.2,1913.6,0.5,Perth,1628.8,1628.3,-0.5,0.837,0.013
2026-02-17,Poule,(W) Eric L 5-4 Will P,Eric L,2227.2,2221.0,-6.2,Will P,1850.1,1856.3,6.2,0.898,0.248
2026-02-17,Poule,(W) Oleg 5-1 Colin R,Oleg,1886.9,1900.7,13.8,Colin R,1835.1,1826.5,-8.7,0.574,0.346
2026-02-17,Poule,(W) Charlie 5-0 Oleg,Charlie,2005.2,2014.1,8.9,Oleg,1900.7,1886.6,-14.2,0.646,0.354
2026-02-17,Poule,(W) Charlie 5-1 Andy R,Charlie,2014.1,2015.1,1.1,Andy R,1671.7,1670.4,-1.3,0.878,0.042
2026-02-17,Poule,(W) Darran 5-4 Shevy,Darran,1913.6,1909.9,-3.7,Shevy,1717.0,1720.2,3.2,0.756,0.106
2026-02-17,Poule,(W) Anna A 5-2 Max,Anna A,1813.1,1823.0,9.9,Max,1800,1786.8,-13.2,0.519,0.331
2026-02-17,Poule,(W) Alex Y 5-3 Richard B,Alex Y,1898.1,1902.6,4.5,Richard B,1827.6,1823.9,-3.7,0.6,0.15
2026-02-17,Poule,(W) Eric L 5-2 Max,Eric L,2221.0,2219.2,-1.9,Max,1786.8,1789.7,3.0,0.924,0.074
2026-02-17,Poule,(W) Sammy 5-4 Vivian,Sammy,2081.0,2077.5,-3.5,Vivian,1874.0,1877.0,2.9,0.767,0.117
2026-02-17,Poule,(W) Perth 5-4 Lukas N,Perth,1628.3,1643.0,14.6,Lukas N,1836.8,1826.3,-10.5,0.231,0.419
2026-02-17,Poule,(W) Darran 5-2 Sammy,Darran,1909.9,1930.0,20.1,Sammy,2077.5,2060.3,-17.2,0.276,0.574
2026-02-17,Poule,(W) Alex Y 5-4 Eric L,Alex Y,1902.6,1917.9,15.3,Eric L,2219.2,2206.4,-12.8,0.139,0.511
2026-02-17,Poule,(W) Perth 5-4 Joshua,Perth,1643.0,1651.3,8.3,Joshua,1704.9,1697.7,-7.1,0.412,0.238
2026-02-17,Poule,(W) Lukas N 5-3 Julia T,Lukas N,1826.3,1828.1,1.8,Julia T,1695.8,1693.3,-2.5,0.679,0.071
2026-02-17,Poule,(W) Shevy 5-4 Joshua,Shevy,1720.2,1723.7,3.5,Joshua,1697.7,1694.2,-3.5,0.532,0.118
2026-02-17,Poule,(W) Charlie 5-1 Colin R,Charlie,2015.1,2019.4,4.3,Colin R,1826.5,1822.2,-4.3,0.748,0.172
2026-02-17,Poule,(W) Eric L 5-4 Charlie,Eric L,2206.4,2204.0,-2.4,Charlie,2019.4,2021.8,2.4,0.746,0.096
2026-02-17,Poule,(W) Vivian 5-2 Anna Z,Vivian,1877.0,1885.8,8.8,Anna Z,1878.5,1867.9,-10.6,0.498,0.352
2026-02-17,Poule,(W) Darran 5-0 Nicholas P,Darran,1930.0,1941.2,11.2,Nicholas P,1800,1787.2,-12.8,0.679,0.321
2026-02-17,Poule,(W) Nicholas P 5-1 Colin R,Nicholas P,1787.2,1806.0,18.8,Colin R,1822.2,1810.4,-11.8,0.45,0.47
2026-02-17,Poule,(W) Colin R 5-4 Sammy,Colin R,1810.4,1821.9,11.5,Sammy,2060.3,2046.6,-13.7,0.192,0.458
2026-02-17,Poule,(W) Charlie 5-3 Kirill,Charlie,2021.8,2018.6,-3.2,Kirill,1680.1,1684.5,4.5,0.877,0.127
2026-02-17,Poule,(W) Lukas N 5-2 Marg,Lukas N,1828.1,1834.0,5.9,Marg,1747.6,1741.7,-5.9,0.614,0.236
2026-02-17,Poule,(W) Colin R 5-3 Vivian,Colin R,1821.9,1830.4,8.5,Vivian,1885.8,1877.2,-8.5,0.409,0.341
2026-02-17,Poule,(W) Alex Y 5-3 Kirill,Alex Y,1917.9,1916.6,-1.3,Kirill,1684.5,1686.0,1.5,0.793,0.043
2026-02-17,Poule,(W) Will P 5-3 Vincent,Will P,1856.3,1864.0,7.7,Vincent,1896.3,1888.6,-7.7,0.443,0.307
2026-02-17,Poule,(W) Anna Z 5-0 Joshua,Anna Z,1867.9,1876.0,8.1,Joshua,1694.2,1686.1,-8.1,0.731,0.269
2026-02-17,Poule,(W) Alex Y 5-3 Shevy,Alex Y,1916.6,1916.6,-0.1,Shevy,1723.7,1723.8,0.1,0.752,0.002
2026-02-17,Poule,(W) Oleg 5-0 Vivian,Oleg,1886.6,1906.0,19.5,Vivian,1877.2,1865.1,-12.2,0.513,0.487
2026-02-17,Poule,(W) Charlie 5-4 Vincent,Charlie,2018.6,2017.9,-0.7,Vincent,1888.6,1889.3,0.7,0.679,0.029
2026-02-17,Poule,(W) Darran 5-2 Lukas N,Darran,1941.2,1948.3,7.0,Lukas N,1834.0,1829.0,-5.0,0.65,0.2
2026-02-17,Poule,(W) Lukas N 5-3 Will P,Lukas N,1829.0,1836.5,7.5,Will P,1864.0,1856.4,-7.5,0.45,0.3
2026-02-17,Poule,(W) Charlie 5-2 Alex Y,Charlie,2017.9,2023.1,5.2,Alex Y,1916.6,1911.3,-5.2,0.642,0.208
2026-02-17,Poule,(W) Max 5-4 Will P,Max,1789.7,1799.5,9.8,Will P,1856.4,1850.3,-6.1,0.405,0.245
2026-02-17,Poule,(W) Vivian 5-4 Shevy,Vivian,1865.1,1864.0,-1.1,Shevy,1723.8,1725.1,1.3,0.693,0.043
2026-02-17,Poule,(W) Lukas N 5-3 Andy R,Lukas N,1836.5,1837.2,0.7,Andy R,1670.4,1669.6,-0.8,0.722,0.028
2026-02-17,Poule,(W) Sammy 5-1 Anna Z,Sammy,2046.6,2052.3,5.8,Anna Z,1876.0,1870.2,-5.8,0.727,0.193
2026-02-17,Poule,(W) Shevy 5-4 Kirill,Shevy,1725.1,1727.9,2.8,Kirill,1686.0,1682.7,-3.3,0.556,0.094
2026-02-17,Poule,(W) Anna Z 5-3 Oleg,Anna Z,1870.2,1879.3,9.0,Oleg,1906.0,1894.0,-12.1,0.449,0.301
2026-02-17,Poule,(W) Marg 5-3 Anna A,Marg,1741.7,1750.8,9.1,Anna A,1823.0,1812.1,-10.9,0.385,0.365
2026-02-17,Poule,(W) Alejo 5-2 Nicholas P,Alejo,1897.6,1903.1,5.5,Nicholas P,1806.0,1797.1,-8.8,0.629,0.221
2026-02-17,Poule,(W) Lukas N 5-3 Colin R,Lukas N,1837.2,1843.2,6.0,Colin R,1830.4,1824.4,-6.0,0.51,0.24
2026-02-17,Poule,(W) Alex Y 5-3 Lukas N,Alex Y,1911.3,1915.2,3.8,Lukas N,1843.2,1839.4,-3.8,0.597,0.153
2026-02-17,Poule,(W) Anna Z 5-3 Nicholas P,Anna Z,1879.3,1883.3,4.0,Nicholas P,1797.1,1791.8,-5.4,0.616,0.134
2026-02-17,Poule,(W) Shevy 5-4 Marg,Shevy,1727.9,1733.4,5.5,Marg,1750.8,1746.3,-4.6,0.467,0.183
2026-02-17,Poule,(W) Alejo 5-3 Darran,Alejo,1903.1,1911.0,7.9,Darran,1948.3,1938.8,-9.4,0.435,0.315
2026-02-17,Poule,(W) Nicholas P 5-4 Vivian,Nicholas P,1791.8,1801.9,10.1,Vivian,1864.0,1857.7,-6.3,0.398,0.252
2026-02-17,Poule,(W) Alejo 5-3 Colin R,Alejo,1911.0,1914.2,3.2,Colin R,1824.4,1821.2,-3.2,0.622,0.128
2026-02-17,Poule,(W) Charlie 5-4 Alejo,Charlie,2023.1,2023.1,-0.0,Alejo,1914.2,1914.3,0.0,0.652,0.002
2026-02-17,Poule,(W) Vincent 5-0 Max,Vincent,1889.3,1898.7,9.3,Max,1799.5,1784.6,-14.9,0.626,0.374
2026-02-17,Poule,(W) Richard B 5-1 Andy R,Richard B,1823.9,1829.1,5.3,Andy R,1669.6,1663.2,-6.3,0.709,0.211
2026-02-17,Poule,(W) Vivian 5-4 Julia T,Vivian,1857.7,1855.9,-1.8,Julia T,1693.3,1695.8,2.5,0.72,0.07
2026-02-17,Poule,(W) Shevy 5-3 Max,Shevy,1733.4,1743.1,9.7,Max,1784.6,1771.6,-12.9,0.427,0.323
2026-02-17,Poule,(W) Lukas N 5-3 Joshua,Lukas N,1839.4,1840.4,1.1,Joshua,1686.1,1684.9,-1.3,0.707,0.043
2026-02-17,Poule,(W) Charlie 5-4 Sammy,Charlie,2023.1,2027.9,4.8,Sammy,2052.3,2046.6,-5.8,0.458,0.192
2026-02-17,Poule,(W) Vivian 5-3 Max,Vivian,1855.9,1859.2,3.3,Max,1771.6,1766.4,-5.2,0.619,0.131
2026-02-17,Poule,(W) Charlie 5-4 Anna A,Charlie,2027.9,2024.7,-3.1,Anna A,1812.1,1815.9,3.8,0.776,0.126
2026-02-17,Poule,(W) Eric L 5-3 Colin R,Eric L,2204.0,2200.2,-3.8,Colin R,1821.2,1825.0,3.8,0.901,0.151
2026-02-17,Poule,(W) Anna A 5-3 Kirill,Anna A,1815.9,1817.9,2.0,Kirill,1682.7,1680.4,-2.4,0.683,0.067
2026-02-17,Poule,(W) Oleg 5-2 Max,Oleg,1894.0,1901.0,7.0,Max,1766.4,1759.4,-7.0,0.676,0.174
2026-02-17,Poule,(W) Eric L 5-4 Sammy,Eric L,2200.2,2198.8,-1.4,Sammy,2046.6,2048.3,1.7,0.708,0.058
2026-02-17,Poule,(W) Alex Y 5-3 Vivian,Alex Y,1915.2,1919.4,4.3,Vivian,1859.2,1855.0,-4.3,0.58,0.17
2026-02-17,Poule,(W) Shevy 5-3 Perth,Shevy,1743.1,1746.7,3.6,Perth,1651.3,1647.1,-4.2,0.629,0.121
2026-02-17,Poule,(W) Charlie 5-2 Darran,Charlie,2024.7,2030.4,5.7,Darran,1938.8,1932.0,-6.9,0.621,0.229
2026-02-17,Poule,(W) Alejo 5-3 Oleg,Alejo,1914.3,1920.0,5.8,Oleg,1901.0,1892.9,-8.1,0.519,0.231
2026-02-17,Poule,(W) Darran 5-0 Will P,Darran,1932.0,1943.5,11.5,Will P,1850.3,1840.7,-9.6,0.615,0.385
2026-02-17,Poule,(W) Max 5-3 Nicholas P,Max,1759.4,1771.9,12.4,Nicholas P,1801.9,1789.4,-12.4,0.439,0.311
2026-02-17,Poule,(W) Nicholas P 5-4 Purse,Nicholas P,1789.4,1795.5,6.0,Purse,1790.1,1784.0,-6.0,0.499,0.151
2026-02-17,Poule,(W) Julia T 5-2 Will P,Julia T,1695.8,1715.0,19.2,Will P,1840.7,1827.0,-13.7,0.303,0.547
2026-02-17,Poule,(W) Darran 5-1 Kirill,Darran,1943.5,1946.5,3.0,Kirill,1680.4,1676.9,-3.5,0.82,0.1
2026-02-17,Poule,(W) Lukas N 5-1 Nicholas P,Lukas N,1840.4,1849.3,8.9,Nicholas P,1795.5,1781.2,-14.2,0.564,0.356
2026-02-17,Poule,(W) Eric L 5-0 Perth,Eric L,2198.8,2199.8,1.0,Perth,1647.1,1645.7,-1.4,0.96,0.04
2026-02-17,Poule,(W) Richard B 5-2 Will P,Richard B,1829.1,1837.8,8.7,Will P,1827.0,1818.4,-8.7,0.503,0.347
2026-02-17,Poule,(W) Max 5-2 Kirill,Max,1771.9,1780.5,8.7,Kirill,1676.9,1669.3,-7.6,0.633,0.217
2026-02-17,Poule,(W) Vincent 5-4 Kirill,Vincent,1898.7,1895.2,-3.5,Kirill,1669.3,1674.2,4.9,0.789,0.139
2026-02-17,Poule,(W) Anna A 5-4 Colin R,Anna A,1817.9,1822.7,4.8,Colin R,1825.0,1821.0,-4.0,0.49,0.16
2026-02-17,Poule,(W) Alejo 5-3 Kirill,Alejo,1920.0,1918.7,-1.4,Kirill,1674.2,1676.1,1.9,0.805,0.055
2026-02-17,Poule,(W) Anna Z 5-2 Marg,Anna Z,1883.3,1888.1,4.9,Marg,1746.3,1742.2,-4.1,0.688,0.162
2026-02-17,Poule,(W) Will P 5-4 Purse,Will P,1818.4,1820.9,2.5,Purse,1784.0,1780.0,-4.0,0.549,0.101
2026-02-17,Poule,(W) Alex Y 5-2 Darran,Alex Y,1919.4,1929.2,9.7,Darran,1946.5,1934.8,-11.7,0.461,0.389
2026-02-17,Poule,(W) Richard B 5-3 Vivian,Richard B,1837.8,1844.7,6.9,Vivian,1855.0,1848.1,-6.9,0.475,0.275
2026-02-17,Poule,(W) Nicholas P 5-4 Perth,Nicholas P,1781.2,1779.8,-1.4,Perth,1645.7,1646.9,1.3,0.686,0.036
2026-02-17,Poule,(W) Anna A 5-4 Anna Z,Anna A,1822.7,1830.0,7.3,Anna Z,1888.1,1880.9,-7.3,0.407,0.243
2026-02-17,Poule,(W) Alejo 5-2 Alex Y,Alejo,1918.7,1927.8,9.1,Alex Y,1929.2,1920.0,-9.1,0.485,0.365
2026-02-17,Poule,(W) Alejo 5-0 Marg,Alejo,1927.8,1934.2,6.4,Marg,1742.2,1735.8,-6.4,0.744,0.256
2026-02-17,Poule,(W) Eric L 5-3 Kirill,Eric L,2199.8,2194.7,-5.1,Kirill,1676.1,1683.2,7.1,0.953,0.203
2026-02-17,Poule,(W) Vivian 5-3 Kirill,Vivian,1848.1,1848.8,0.7,Kirill,1683.2,1682.2,-1.0,0.721,0.029
2026-02-17,Poule,(W) Purse 5-4 Kirill,Purse,1780.0,1780.5,0.5,Kirill,1682.2,1681.7,-0.4,0.637,0.013
2026-02-17,Poule,(W) Shevy 5-4 Nicholas P,Shevy,1746.7,1752.6,5.9,Nicholas P,1779.8,1771.9,-7.9,0.453,0.197
2026-02-17,Poule,(W) Oleg 5-4 Lukas N,Oleg,1892.9,1895.9,3.1,Lukas N,1849.3,1847.1,-2.2,0.562,0.088
2026-02-17,Poule,(W) Alejo 5-4 Anna Z,Alejo,1934.2,1936.0,1.8,Anna Z,1880.9,1878.6,-2.2,0.576,0.074
2026-02-17,Poule,(W) Eric L 5-2 Nicholas P,Eric L,2194.7,2193.0,-1.7,Nicholas P,1771.9,1774.7,2.8,0.919,0.069
2026-02-17,Poule,(W) Eric L 5-4 Vincent,Eric L,2193.0,2188.0,-4.9,Vincent,1895.2,1900.1,4.9,0.847,0.197
2026-02-17,Poule,(W) Andy R 5-4 Perth,Andy R,1663.2,1667.0,3.8,Perth,1646.9,1642.5,-4.4,0.523,0.127
2026-02-17,Poule,(W) Anna A 5-4 Lukas N,Anna A,1830.0,1835.2,5.2,Lukas N,1847.1,1842.8,-4.4,0.475,0.175
2026-02-17,Poule,(W) Richard B 5-2 Max,Richard B,1844.7,1851.2,6.5,Max,1780.5,1770.2,-10.3,0.591,0.259
2026-02-17,Poule,(W) Vincent 5-4 Marg,Vincent,1900.1,1898.4,-1.8,Marg,1735.8,1737.6,1.8,0.72,0.07
2026-02-17,Poule,(W) Nicholas P 5-4 Julia T,Nicholas P,1774.7,1777.3,2.6,Julia T,1715.0,1712.7,-2.3,0.585,0.065
2026-02-17,Poule,(W) Shevy 5-3 Will P,Shevy,1752.6,1763.1,10.4,Will P,1820.9,1812.2,-8.7,0.403,0.347
2026-02-17,Poule,(W) Richard B 5-4 Lukas N,Richard B,1851.2,1854.6,3.4,Lukas N,1842.8,1839.3,-3.4,0.512,0.138
2026-02-17,L1-32,(W) Perth - Colin R,Perth,1642.5,1678.5,36.0,Colin R,1821.0,1795.2,-25.7,0.264,0.736
2026-02-17,L1-32,(W) Andy R - Nicholas P,Andy R,1667.0,1694.4,27.4,Nicholas P,1777.3,1740.7,-36.5,0.346,0.654
2026-02-17,L1-32,(W) Sammy - Joshua,Sammy,2048.3,2052.9,4.6,Joshua,1684.9,1680.3,-4.6,0.89,0.11
2026-02-17,L1-32,(W) Anna Z - Will P,Anna Z,1878.6,1895.6,17.0,Will P,1812.2,1798.0,-14.2,0.594,0.406
2026-02-17,L1-32,(W) Vivian - Kirill,Vivian,1848.8,1858.5,9.7,Kirill,1681.7,1668.2,-13.5,0.724,0.276
2026-02-17,L1-32,(W) Vincent - Max,Vincent,1898.4,1909.7,11.3,Max,1770.2,1752.1,-18.1,0.677,0.323
2026-02-17,L1-16,(W) Charlie - Perth,Charlie,2030.4,2035.3,4.9,Perth,1678.5,1671.7,-6.8,0.883,0.117
2026-02-17,L1-16,(W) Oleg - Richard B,Oleg,1895.9,1921.8,25.9,Richard B,1854.6,1836.1,-18.5,0.559,0.441
2026-02-17,L1-16,(W) Lukas N - Andy R,Lukas N,1839.3,1852.0,12.7,Andy R,1694.4,1679.2,-15.2,0.697,0.303
2026-02-17,L1-16,(W) Sammy - Darran,Sammy,2052.9,2069.8,16.9,Darran,1934.8,1917.9,-16.9,0.664,0.336
2026-02-17,L1-16,(W) Eric L - Anna Z,Eric L,2188.0,2194.6,6.6,Anna Z,1895.6,1887.8,-7.9,0.843,0.157
2026-02-17,L1-16,(W) Alex Y - Vivian,Alex Y,1920.0,1937.3,17.3,Vivian,1858.5,1841.2,-17.3,0.588,0.412
2026-02-17,L1-16,(W) Shevy - Anna A,Shevy,1763.1,1793.4,30.3,Anna A,1835.2,1804.9,-30.3,0.398,0.602
2026-02-17,L1-16,(W) Alejo - Vincent,Alejo,1936.0,1955.4,19.4,Vincent,1909.7,1890.3,-19.4,0.538,0.462
2026-02-17,L1-8,(W) Oleg - Charlie,Oleg,1921.8,1973.3,51.5,Charlie,2035.3,1998.6,-36.8,0.342,0.658
2026-02-17,L1-8,(W) Sammy - Lukas N,Sammy,2069.8,2084.7,14.9,Lukas N,1852.0,1839.6,-12.4,0.778,0.222
2026-02-17,L1-8,(W) Eric L - Alex Y,Eric L,2194.6,2205.0,10.4,Alex Y,1937.3,1927.0,-10.4,0.815,0.185
2026-02-17,L1-8,(W) Alejo - Shevy,Alejo,1955.4,1971.2,15.8,Shevy,1793.4,1774.4,-18.9,0.718,0.282
2026-02-17,L9-16,(W) Perth - Richard B,Perth,1671.7,1714.0,42.3,Richard B,1836.1,1805.9,-30.2,0.28,0.72
2026-02-17,L9-16,(W) Darran - Andy R,Darran,1917.9,1928.1,10.2,Andy R,1679.2,1669.0,-10.2,0.798,0.202
2026-02-17,L9-16,(W) Anna Z - Vivian,Anna Z,1887.8,1909.6,21.8,Vivian,1841.2,1823.0,-18.2,0.567,0.433
2026-02-17,L9-16,(W) Vincent - Anna A,Vincent,1890.3,1906.2,15.9,Anna A,1804.9,1785.8,-19.1,0.62,0.38
2026-02-17,L17-24,(W) Joshua - Nicholas P,Joshua,1680.3,1699.9,19.7,Nicholas P,1740.7,1714.5,-26.2,0.414,0.586
2026-02-17,L17-24,(W) Kirill - Will P,Kirill,1668.2,1694.7,26.6,Will P,1798.0,1779.1,-19.0,0.321,0.679
2026-02-17,L1-4,(W) Sammy - Oleg,Sammy,2084.7,2119.4,34.7,Oleg,1973.3,1932.8,-40.5,0.655,0.345
2026-02-17,L1-4,(W) Alejo - Eric L,Alejo,1971.2,2037.7,66.5,Eric L,2205.0,2138.4,-66.5,0.207,0.793
2026-02-17,L5-8,(W) Charlie - Lukas N,Charlie,1998.6,2014.5,16.0,Lukas N,1839.6,1823.6,-16.0,0.714,0.286
2026-02-17,L5-8,(W) Alex Y - Shevy,Alex Y,1927.0,1943.4,16.4,Shevy,1774.4,1754.7,-19.7,0.706,0.294
2026-02-17,L9-12,(W) Darran - Perth,Darran,1928.1,1939.4,11.4,Perth,1714.0,1700.7,-13.3,0.774,0.226
2026-02-17,L9-12,(W) Vincent - Anna Z,Vincent,1906.2,1927.4,21.2,Anna Z,1909.6,1884.2,-25.4,0.495,0.505
2026-02-17,L13-16,(W) Richard B - Andy R,Richard B,1805.9,1817.3,11.4,Andy R,1669.0,1655.4,-13.6,0.687,0.313
2026-02-17,L13-16,(W) Vivian - Anna A,Vivian,1823.0,1839.3,16.2,Anna A,1785.8,1766.3,-19.5,0.553,0.447
2026-02-17,L17-20,(W) Colin R - Joshua,Colin R,1795.2,1805.5,10.2,Joshua,1699.9,1687.6,-12.3,0.634,0.366
2026-02-17,L17-20,(W) Kirill - Max,Kirill,1694.7,1717.5,22.8,Max,1752.1,1726.1,-26.0,0.418,0.582
2026-02-17,L1-2,(W) Alejo - Sammy,Alejo,2037.7,2106.5,68.8,Sammy,2119.4,2036.9,-82.6,0.385,0.615
2026-02-17,L3-4,(W) Eric L - Oleg,Eric L,2138.4,2151.5,13.1,Oleg,1932.8,1914.5,-18.3,0.766,0.234
2026-02-17,L5-6,(W) Alex Y - Charlie,Alex Y,1943.4,1960.2,16.8,Charlie,2014.5,1997.7,-16.8,0.399,0.601
2026-02-17,L7-8,(W) Lukas N - Shevy,Lukas N,1823.6,1834.9,11.2,Shevy,1754.7,1741.2,-13.5,0.598,0.402
2026-02-17,L9-10,(W) Darran - Vincent,Darran,1939.4,1955.6,16.2,Vincent,1927.4,1913.9,-13.5,0.517,0.483
2026-02-17,L11-12,(W) Perth - Anna Z,Perth,1700.7,1729.8,29.0,Anna Z,1884.2,1859.3,-24.9,0.258,0.742
2026-02-17,L13-14,(W) Vivian - Richard B,Vivian,1839.3,1852.3,13.1,Richard B,1817.3,1804.2,-13.1,0.532,0.468
2026-02-17,L15-16,(W) Andy R - Anna A,Andy R,1655.4,1677.3,22.0,Anna A,1766.3,1744.4,-22.0,0.346,0.654
2026-02-17,L17-18,(W) Colin R - Kirill,Colin R,1805.5,1816.0,10.5,Kirill,1717.5,1704.9,-12.6,0.624,0.376
2026-02-17,L19-20,(W) Max - Joshua,Max,1726.1,1746.0,19.9,Joshua,1687.6,1672.7,-14.9,0.555,0.445
2026-02-17,L21-22,(W) Nicholas P - Will P,Nicholas P,1714.5,1741.0,26.5,Will P,1779.1,1762.5,-16.5,0.408,0.592
2026-02-24,Poule,(W) Steph 5-4 Max V,Steph,1775.9,1780.5,4.6,Max V,1800,1792.6,-7.4,0.465,0.185
2026-02-24,Poule,(W) Richard B 5-4 Lukas N,Richard B,1804.2,1809.0,4.9,Lukas N,1834.9,1830.0,-4.9,0.456,0.194
2026-02-24,Poule,(W) Anna Z 5-3 Vadym,Anna Z,1859.3,1868.5,9.3,Vadym,1900.4,1892.6,-7.7,0.441,0.309
2026-02-24,Poule,(W) Will P 5-4 Lukas N,Will P,1762.5,1768.7,6.1,Lukas N,1830.0,1823.9,-6.1,0.404,0.246
2026-02-24,Poule,(W) Alejo 5-3 Marg,Alejo,2131.5,2127.6,-3.9,Marg,1737.6,1741.5,3.9,0.906,0.156
2026-02-24,Poule,(W) Alejo 5-1 Oleg,Alejo,2127.6,2131.4,3.8,Oleg,1919.5,1914.1,-5.3,0.768,0.152
2026-02-24,Poule,(W) Marg 5-4 Colin R,Marg,1741.5,1747.9,6.4,Colin R,1816.0,1809.6,-6.4,0.394,0.256
2026-02-24,Poule,(W) Vivian 5-1 Richard B,Vivian,1852.3,1861.3,8.9,Richard B,1809.0,1800.1,-8.9,0.562,0.358
2026-02-24,Poule,(W) Richard B 5-4 Eugene,Richard B,1800.1,1798.3,-1.8,Eugene,1636.0,1637.7,1.8,0.72,0.07
2026-02-24,Poule,(W) Anna Z 5-4 Marg,Anna Z,1868.5,1868.0,-0.5,Marg,1747.9,1748.3,0.4,0.667,0.017
2026-02-24,Poule,(W) Alex Y 5-1 Vivian,Alex Y,1960.2,1967.2,7.0,Vivian,1861.3,1854.3,-7.0,0.639,0.281
2026-02-24,Poule,(W) Eugene 5-2 Alix S,Eugene,1637.7,1646.3,8.5,Alix S,1631.4,1621.2,-10.2,0.509,0.341
2026-02-24,Poule,(W) Lukas N 5-3 Steph,Lukas N,1823.9,1828.6,4.7,Steph,1780.5,1775.8,-4.7,0.562,0.188
2026-02-24,Poule,(W) Vadym 5-4 Lukas N,Vadym,1892.6,1894.1,1.5,Lukas N,1828.6,1827.1,-1.5,0.591,0.059
2026-02-24,Poule,(W) Max V 5-4 Colin R,Max V,1792.6,1799.6,7.0,Colin R,1809.6,1805.2,-4.4,0.476,0.174
2026-02-24,Poule,(W) Max V 5-4 Richard B,Max V,1799.6,1805.5,5.9,Richard B,1798.3,1794.6,-3.7,0.502,0.148
2026-02-24,Poule,(W) Willie 5-2 Will P,Willie,2071.2,2071.2,-0.0,Will P,1768.7,1768.7,0.0,0.851,0.001
2026-02-24,Poule,(W) Alejo 5-4 Alex Y,Alejo,2131.4,2129.7,-1.8,Alex Y,1967.2,1969.0,1.8,0.72,0.07
2026-02-24,Poule,(W) Max V 5-3 Andy R,Max V,1805.5,1808.5,2.9,Andy R,1677.3,1675.1,-2.2,0.677,0.073
2026-02-24,Poule,(W) Vivian 5-4 Anna A,Vivian,1854.3,1854.2,-0.1,Anna A,1744.4,1744.5,0.1,0.653,0.003
2026-02-24,Poule,(W) Alex Y 5-0 Will P,Alex Y,1969.0,1975.0,6.0,Will P,1768.7,1762.7,-6.0,0.76,0.24
2026-02-24,Poule,(W) Alex Y 5-2 Richard B,Alex Y,1975.0,1977.7,2.8,Richard B,1794.6,1791.8,-2.8,0.738,0.112
2026-02-24,Poule,(W) Alejo 5-2 Lukas N,Alejo,2129.7,2129.6,-0.0,Lukas N,1827.1,1827.1,0.0,0.851,0.001
2026-02-24,Poule,(W) Vivian 5-3 Alix S,Vivian,1854.2,1853.1,-1.1,Alix S,1621.2,1622.5,1.3,0.793,0.043
2026-02-24,Poule,(W) Anna Z 5-2 Andy R,Anna Z,1868.0,1871.0,2.9,Andy R,1675.1,1672.2,-2.9,0.752,0.098
2026-02-24,Poule,(W) Vivian 5-3 Andy R,Vivian,1853.1,1853.4,0.3,Andy R,1672.2,1671.9,-0.3,0.739,0.011
2026-02-24,Poule,(W) Will P 5-3 Caden,Will P,1762.7,1768.9,6.2,Caden,1760.4,1753.0,-7.4,0.503,0.247
2026-02-24,Poule,(W) Etienne 5-2 Anna A,Etienne,1774.5,1785.2,10.7,Anna A,1744.5,1735.3,-9.2,0.543,0.307
2026-02-24,Poule,(W) Etienne 5-3 Alex Y,Etienne,1785.2,1802.8,17.6,Alex Y,1977.7,1965.2,-12.5,0.248,0.502
2026-02-24,Poule,(W) Steph 5-4 Vadym,Steph,1775.8,1783.7,7.8,Vadym,1894.1,1886.3,-7.8,0.336,0.314
2026-02-24,Poule,(W) Alex Y 5-2 Willie,Alex Y,1965.2,1977.6,12.5,Willie,2071.2,2058.8,-12.5,0.352,0.498
2026-02-24,Poule,(W) Eugene 5-3 Colin R,Eugene,1646.3,1657.9,11.6,Colin R,1805.2,1793.6,-11.6,0.286,0.464
2026-02-24,Poule,(W) Lukas N 5-4 Alex Y,Lukas N,1827.1,1836.0,8.9,Alex Y,1977.6,1968.8,-8.9,0.296,0.354
2026-02-24,Poule,(W) Etienne 5-4 Max V,Etienne,1802.8,1808.3,5.5,Max V,1808.5,1802.1,-6.3,0.492,0.158
2026-02-24,Poule,(W) Lukas N 5-1 Alix S,Lukas N,1836.0,1839.6,3.7,Alix S,1622.5,1618.1,-4.4,0.774,0.146
2026-02-24,Poule,(W) Alex Y 5-4 Anna Z,Alex Y,1968.8,1969.1,0.3,Anna Z,1871.0,1870.6,-0.4,0.637,0.013
2026-02-24,Poule,(W) Willie 5-4 Vivian,Willie,2058.8,2055.9,-2.9,Vivian,1853.4,1856.3,2.9,0.765,0.115
2026-02-24,Poule,(W) Will P 5-1 Oleg,Will P,1768.9,1784.3,15.4,Oleg,1914.1,1892.5,-21.6,0.302,0.618
2026-02-24,Poule,(W) Vadym 5-2 Alix S,Vadym,1886.3,1886.9,0.6,Alix S,1618.1,1617.3,-0.8,0.824,0.026
2026-02-24,Poule,(W) Richard B 5-4 Oleg,Richard B,1791.8,1799.1,7.3,Oleg,1892.5,1882.3,-10.2,0.359,0.291
2026-02-24,Poule,(W) Anna A 5-3 Willie,Anna A,1735.3,1753.7,18.4,Willie,2055.9,2040.6,-15.3,0.136,0.614
2026-02-24,Poule,(W) Alex Y 5-3 Colin R,Alex Y,1969.1,1969.5,0.4,Colin R,1793.6,1793.2,-0.4,0.733,0.017
2026-02-24,Poule,(W) Oleg 5-3 Colin R,Oleg,1882.3,1886.7,4.4,Colin R,1793.2,1790.1,-3.1,0.626,0.124
2026-02-24,Poule,(W) Oleg 5-2 Marg,Oleg,1886.7,1892.3,5.6,Marg,1748.3,1744.3,-4.0,0.689,0.161
2026-02-24,Poule,(W) Oleg 5-1 Lukas N,Oleg,1892.3,1904.4,12.1,Lukas N,1839.6,1831.0,-8.6,0.575,0.345
2026-02-24,Poule,(W) Willie 5-1 Oleg,Willie,2040.6,2046.4,5.8,Oleg,1904.4,1896.2,-8.2,0.687,0.233
2026-02-24,Poule,(W) Richard B 5-4 Alejo,Richard B,1799.1,1812.1,13.0,Alejo,2129.6,2116.6,-13.0,0.13,0.52
2026-02-24,Poule,(W) Vadym 5-2 Colin R,Vadym,1886.9,1892.3,5.4,Colin R,1790.1,1784.7,-5.4,0.636,0.214
2026-02-24,Poule,(W) Anna Z 5-1 Alix S,Anna Z,1870.6,1873.8,3.3,Alix S,1617.3,1614.0,-3.3,0.811,0.109
2026-02-24,Poule,(W) Willie 5-4 Caden,Willie,2046.4,2041.5,-4.9,Caden,1753.0,1758.8,5.8,0.844,0.194
2026-02-24,Poule,(W) Lukas N 5-4 Andy R,Lukas N,1831.0,1829.4,-1.6,Andy R,1671.9,1673.8,1.9,0.714,0.064
2026-02-24,Poule,(W) Anna Z 5-2 Eugene,Anna Z,1873.8,1876.1,2.2,Eugene,1657.9,1656.0,-1.8,0.776,0.074
2026-02-24,Poule,(W) Richard B 5-4 Caden,Richard B,1812.1,1814.0,1.8,Caden,1758.8,1756.6,-2.2,0.576,0.074
2026-02-24,Poule,(W) Alix S 5-2 Andy R,Alix S,1614.0,1627.1,13.1,Andy R,1673.8,1660.8,-13.1,0.415,0.435
2026-02-24,Poule,(W) Richard B 5-4 Alix S,Richard B,1814.0,1811.6,-2.4,Alix S,1627.1,1630.0,2.9,0.746,0.096
2026-02-24,Poule,(W) Alejo 5-1 Vivian,Alejo,2116.6,2119.2,2.6,Vivian,1856.3,1853.7,-2.6,0.817,0.103
2026-02-24,Poule,(W) Alex Y 5-4 Steph,Alex Y,1969.5,1967.2,-2.4,Steph,1783.7,1786.0,2.4,0.745,0.095
2026-02-24,Poule,(W) Oleg 5-4 Max V,Oleg,1896.2,1896.8,0.6,Max V,1802.1,1801.4,-0.7,0.632,0.018
2026-02-24,Poule,(W) Eugene 5-2 Marg,Eugene,1656.0,1667.9,11.9,Marg,1744.3,1732.4,-11.9,0.376,0.474
2026-02-24,Poule,(W) Alex Y 5-4 Anna A,Alex Y,1967.2,1964.1,-3.1,Anna A,1753.7,1757.4,3.7,0.774,0.124
2026-02-24,Poule,(W) Lukas N 5-4 Colin R,Lukas N,1829.4,1831.5,2.2,Colin R,1784.7,1782.6,-2.2,0.564,0.086
2026-02-24,Poule,(W) Anna A 5-2 Anna Z,Anna A,1757.4,1772.8,15.4,Anna Z,1876.1,1860.6,-15.4,0.336,0.514
2026-02-24,Poule,(W) Lukas N 5-2 Etienne,Lukas N,1831.5,1839.5,7.9,Etienne,1808.3,1797.2,-11.1,0.533,0.317
2026-02-24,Poule,(W) Max V 5-2 Eugene,Max V,1801.4,1808.1,6.7,Eugene,1667.9,1663.7,-4.2,0.683,0.167
2026-02-24,Poule,(W) Eugene 5-2 Etienne,Eugene,1663.7,1677.0,13.3,Etienne,1797.2,1778.6,-18.7,0.317,0.533
2026-02-24,Poule,(W) Marg 5-4 Anna A,Marg,1732.4,1737.6,5.2,Anna A,1772.8,1766.6,-6.2,0.442,0.208
2026-02-24,Poule,(W) Willie 5-2 Eugene,Willie,2041.5,2040.5,-1.0,Eugene,1677.0,1678.0,1.0,0.891,0.041
2026-02-24,Poule,(W) Steph 5-4 Andy R,Steph,1786.0,1785.4,-0.6,Andy R,1660.8,1661.4,0.7,0.673,0.023
2026-02-24,Poule,(W) Colin R 5-4 Willie,Colin R,1782.6,1794.2,11.6,Willie,2040.5,2028.9,-11.6,0.185,0.465
2026-02-24,Poule,(W) Vadym 5-2 Vivian,Vadym,1892.3,1899.6,7.4,Vivian,1853.7,1846.3,-7.4,0.555,0.295
2026-02-24,Poule,(W) Steph 5-3 Vivian,Steph,1785.4,1793.9,8.4,Vivian,1846.3,1837.9,-8.4,0.413,0.337
2026-02-24,L1-32,(W) Caden - Alix S,Caden,1756.6,1768.8,12.2,Alix S,1630.0,1617.8,-12.2,0.675,0.325
2026-02-24,L1-32,(W) Colin R - Andy R,Colin R,1794.2,1804.1,9.9,Andy R,1661.4,1649.5,-11.9,0.682,0.318
2026-02-24,L1-16,(W) Alex Y - Caden,Alex Y,1964.1,1973.3,9.2,Caden,1768.8,1757.7,-11.0,0.755,0.245
2026-02-24,L1-16,(W) Steph - Max V,Steph,1793.9,1813.4,19.5,Max V,1808.1,1776.9,-31.2,0.48,0.52
2026-02-24,L1-16,(W) Vivian - Anna Z,Vivian,1837.9,1857.9,20.0,Anna Z,1860.6,1836.7,-24.0,0.467,0.533
2026-02-24,L1-16,(W) Alejo - Etienne,Alejo,2119.2,2123.8,4.6,Etienne,1778.6,1772.1,-6.5,0.877,0.123
2026-02-24,L1-16,(W) Will P - Richard B,Will P,1784.3,1804.5,20.2,Richard B,1811.6,1791.4,-20.2,0.461,0.539
2026-02-24,L1-16,(W) Willie - Oleg,Willie,2028.9,2040.8,11.9,Oleg,1896.8,1880.1,-16.7,0.681,0.319
2026-02-24,L1-16,(W) Vadym - Eugene,Vadym,1899.6,1907.8,8.2,Eugene,1678.0,1669.9,-8.2,0.782,0.218
2026-02-24,L1-16,(W) Colin R - Lukas N,Colin R,1804.1,1824.8,20.6,Lukas N,1839.5,1818.8,-20.6,0.449,0.551
2026-02-24,L1-8,(W) Alex Y - Steph,Alex Y,1973.3,1987.5,14.2,Steph,1813.4,1799.1,-14.2,0.715,0.285
2026-02-24,L1-8,(W) Alejo - Vivian,Alejo,2123.8,2132.7,8.9,Vivian,1857.9,1849.0,-8.9,0.822,0.178
2026-02-24,L1-8,(W) Willie - Will P,Willie,2040.8,2051.0,10.2,Will P,1804.5,1794.3,-10.2,0.796,0.204
2026-02-24,L1-8,(W) Vadym - Colin R,Vadym,1907.8,1927.0,19.1,Colin R,1824.8,1805.7,-19.1,0.617,0.383
2026-02-24,L9-16,(W) Caden - Max V,Caden,1757.7,1781.5,23.7,Max V,1776.9,1745.2,-31.6,0.473,0.527
2026-02-24,L9-16,(W) Anna Z - Etienne,Anna Z,1836.7,1855.0,18.4,Etienne,1772.1,1750.7,-21.4,0.592,0.408
2026-02-24,L9-16,(W) Oleg - Richard B,Oleg,1880.1,1899.8,19.7,Richard B,1791.4,1777.3,-14.1,0.625,0.375
2026-02-24,L9-16,(W) Lukas N - Eugene,Lukas N,1818.8,1830.0,11.2,Eugene,1669.9,1658.7,-11.2,0.702,0.298
2026-02-24,L1-4,(W) Alejo - Alex Y,Alejo,2132.7,2155.4,22.7,Alex Y,1987.5,1964.8,-22.7,0.698,0.302
2026-02-24,L1-4,(W) Willie - Vadym,Willie,2051.0,2075.7,24.6,Vadym,1927.0,1902.3,-24.6,0.671,0.329
2026-02-24,L5-8,(W) Vivian - Steph,Vivian,1849.0,1870.4,21.4,Steph,1799.1,1777.7,-21.4,0.571,0.429
2026-02-24,L5-8,(W) Colin R - Will P,Colin R,1805.7,1829.8,24.2,Will P,1794.3,1770.1,-24.2,0.516,0.484
2026-02-24,L9-12,(W) Anna Z - Caden,Anna Z,1855.0,1872.8,17.8,Caden,1781.5,1763.7,-17.8,0.604,0.396
2026-02-24,L9-12,(W) Lukas N - Oleg,Lukas N,1830.0,1852.4,22.5,Oleg,1899.8,1868.3,-31.5,0.401,0.599
2026-02-24,L13-16,(W) Etienne - Max V,Etienne,1750.7,1773.0,22.4,Max V,1745.2,1719.6,-25.6,0.508,0.492
2026-02-24,L13-16,(W) Richard B - Eugene,Richard B,1777.3,1788.2,10.9,Eugene,1658.7,1647.8,-10.9,0.664,0.336
2026-02-24,L1-2,(W) Willie - Alejo,Willie,2075.7,2137.0,61.3,Alejo,2155.4,2094.1,-61.3,0.387,0.613
2026-02-24,L3-4,(W) Alex Y - Vadym,Alex Y,1964.8,1985.4,20.5,Vadym,1902.3,1881.8,-20.5,0.589,0.411
2026-02-24,L5-6,(W) Vivian - Colin R,Vivian,1870.4,1881.5,11.0,Colin R,1829.8,1818.8,-11.0,0.558,0.442
2026-02-24,L7-8,(W) Steph - Will P,Steph,1777.7,1789.9,12.2,Will P,1770.1,1757.9,-12.2,0.511,0.489
2026-02-24,L9-10,(W) Anna Z - Lukas N,Anna Z,1872.8,1887.0,14.1,Lukas N,1852.4,1840.7,-11.8,0.529,0.471
2026-02-24,L11-12,(W) Oleg - Caden,Oleg,1868.3,1880.7,12.4,Caden,1763.7,1753.1,-10.6,0.646,0.354
2026-02-24,L13-14,(W) Richard B - Etienne,Richard B,1788.2,1800.2,12.0,Etienne,1773.0,1756.3,-16.7,0.522,0.478
2026-02-24,L15-16,(W) Max V - Eugene,Max V,1719.6,1735.5,15.9,Eugene,1647.8,1637.8,-10.0,0.602,0.398
2026-02-24,L17-18,(W) Alix S - Andy R,Alix S,1617.8,1634.1,16.4,Andy R,1649.5,1633.2,-16.4,0.454,0.546
2026-03-03,Poule,(W) Greg 5-2 Steph,Greg,2153.8,2152.8,-1.0,Steph,1789.9,1790.9,1.0,0.89,0.04
2026-03-03,Poule,(W) James S 5-3 Shevy,James S,1800,1806.6,6.6,Shevy,1741.2,1736.3,-5.0,0.584,0.166
2026-03-03,Poule,(W) Oleg 5-2 Fergus,Oleg,1880.7,1884.5,3.8,Fergus,1696.8,1693.5,-3.2,0.742,0.108
2026-03-03,Poule,(W) Anna A 5-3 Marg,Anna A,1766.6,1772.8,6.3,Marg,1737.6,1732.4,-5.2,0.542,0.208
2026-03-03,Poule,(W) Caden 5-4 Richard B,Caden,1753.1,1759.6,6.5,Richard B,1800.2,1794.7,-5.4,0.433,0.217
2026-03-03,Poule,(W) Greg 5-4 Colin R,Greg,2152.8,2147.3,-5.6,Colin R,1818.8,1824.4,5.6,0.872,0.222
2026-03-03,Poule,(W) James S 5-3 Anna A,James S,1806.6,1814.7,8.1,Anna A,1772.8,1766.8,-6.0,0.549,0.201
2026-03-03,Poule,(W) Alex Y 5-1 Alix S,Alex Y,1993.4,1994.2,0.8,Alix S,1634.1,1633.2,-1.0,0.888,0.032
2026-03-03,Poule,(W) Shevy 5-0 Marg,Shevy,1736.3,1751.1,14.8,Marg,1732.4,1720.0,-12.4,0.506,0.494
2026-03-03,Poule,(W) Alex Y 5-4 Steph,Alex Y,1994.2,1991.4,-2.8,Steph,1790.9,1793.8,2.8,0.763,0.113
2026-03-03,Poule,(W) Alex Y 5-0 Will P,Alex Y,1991.4,1996.5,5.2,Will P,1757.9,1752.7,-5.2,0.793,0.207
2026-03-03,Poule,(W) Joshua 5-4 Shevy,Joshua,1672.7,1680.5,7.8,Shevy,1751.1,1743.3,-7.8,0.389,0.261
2026-03-03,Poule,(W) Vivian 5-3 Richard B,Vivian,1881.5,1884.7,3.2,Richard B,1794.7,1791.5,-3.2,0.622,0.128
2026-03-03,Poule,(W) Will P 5-1 Oleg,Will P,1752.7,1767.8,15.0,Oleg,1884.5,1863.5,-21.0,0.319,0.601
2026-03-03,Poule,(W) Will P 5-4 Alix S,Will P,1767.8,1766.9,-0.9,Alix S,1633.2,1634.2,1.0,0.685,0.035
2026-03-03,Poule,(W) Kirill 5-4 Caden,Kirill,1704.9,1711.7,6.8,Caden,1759.6,1752.7,-6.8,0.422,0.228
2026-03-03,Poule,(W) Angelica 5-2 Marg,Angelica,1800,1809.5,9.5,Marg,1720.0,1714.1,-5.9,0.613,0.237
2026-03-03,Poule,(W) Vincent 5-3 Kirill,Vincent,1913.9,1913.6,-0.3,Kirill,1711.7,1712.1,0.4,0.762,0.012
2026-03-03,Poule,(W) Alex Y 5-2 Joshua,Alex Y,1996.5,1996.3,-0.3,Joshua,1680.5,1680.9,0.3,0.86,0.01
2026-03-03,Poule,(W) Max 5-4 Aisling,Max,1746.0,1756.8,10.9,Aisling,1832.0,1823.8,-8.1,0.379,0.271
2026-03-03,Poule,(W) Vivian 5-1 Shevy,Vivian,1884.7,1890.3,5.7,Shevy,1743.3,1736.4,-6.8,0.693,0.227
2026-03-03,Poule,(W) Aisling 5-4 Alix S,Aisling,1823.8,1820.9,-3.0,Alix S,1634.2,1637.2,3.0,0.749,0.099
2026-03-03,Poule,(W) Vivian 5-3 Joshua,Vivian,1890.3,1889.9,-0.5,Joshua,1680.9,1681.4,0.6,0.77,0.02
2026-03-03,Poule,(W) Angelica 5-4 Max,Angelica,1809.5,1812.5,3.0,Max,1756.8,1753.8,-3.0,0.575,0.075
2026-03-03,Poule,(W) Vivian 5-4 Colin R,Vivian,1889.9,1891.3,1.4,Colin R,1824.4,1822.9,-1.4,0.593,0.057
2026-03-03,Poule,(W) Anna A 5-3 Alix S,Anna A,1766.8,1768.9,2.1,Alix S,1637.2,1635.0,-2.1,0.678,0.072
2026-03-03,Poule,(W) Shevy 5-3 Greg,Shevy,1736.4,1756.4,19.9,Greg,2147.3,2130.7,-16.6,0.086,0.664
2026-03-03,Poule,(W) Joshua 5-4 Steph,Joshua,1681.4,1690.6,9.2,Steph,1793.8,1786.1,-7.7,0.344,0.306
2026-03-03,Poule,(W) Steph 5-2 Vivian,Steph,1786.1,1798.5,12.4,Vivian,1891.3,1878.9,-12.4,0.353,0.497
2026-03-03,Poule,(W) Will P 5-3 Vivian,Will P,1766.9,1777.0,10.1,Vivian,1878.9,1868.7,-10.1,0.344,0.406
2026-03-03,Poule,(W) Aisling 5-2 Marg,Aisling,1820.9,1826.9,6.0,Marg,1714.1,1709.1,-5.0,0.649,0.201
2026-03-03,Poule,(W) Will P 5-4 Colin R,Will P,1777.0,1782.4,5.4,Colin R,1822.9,1817.5,-5.4,0.434,0.216
2026-03-03,Poule,(W) Caden 5-3 Greg,Caden,1752.7,1772.2,19.4,Greg,2130.7,2114.5,-16.2,0.102,0.648
2026-03-03,Poule,(W) Greg 5-1 Alex Y,Greg,2114.5,2120.9,6.4,Alex Y,1996.3,1989.9,-6.4,0.664,0.256
2026-03-03,Poule,(W) Joshua 5-4 Richard B,Joshua,1690.6,1699.4,8.7,Richard B,1791.5,1784.2,-7.3,0.359,0.291
2026-03-03,Poule,(W) Oleg 5-1 Caden,Oleg,1863.5,1873.7,10.2,Caden,1772.2,1763.4,-8.7,0.628,0.292
2026-03-03,Poule,(W) Greg 5-3 Vincent,Greg,2120.9,2120.4,-0.4,Vincent,1913.6,1914.0,0.4,0.767,0.017
2026-03-03,Poule,(W) Greg 5-3 Will P,Greg,2120.4,2117.3,-3.1,Will P,1782.4,1785.6,3.1,0.875,0.125
2026-03-03,Poule,(W) James S 5-4 Joshua,James S,1814.7,1814.3,-0.4,Joshua,1699.4,1699.7,0.3,0.66,0.01
2026-03-03,Poule,(W) Alex Y 5-2 Marg,Alex Y,1989.9,1990.3,0.4,Marg,1709.1,1708.7,-0.4,0.834,0.016
2026-03-03,Poule,(W) Oleg 5-4 Marg,Oleg,1873.7,1871.2,-2.5,Marg,1708.7,1710.5,1.8,0.721,0.071
2026-03-03,Poule,(W) Colin R 5-3 Angelica,Colin R,1817.5,1823.6,6.1,Angelica,1812.5,1802.8,-9.7,0.507,0.243
2026-03-03,Poule,(W) James S 5-3 Richard B,James S,1814.3,1822.6,8.3,Richard B,1784.2,1779.1,-5.2,0.543,0.207
2026-03-03,Poule,(W) Steph 5-2 Kirill,Steph,1798.5,1804.2,5.7,Kirill,1712.1,1705.3,-6.8,0.622,0.228
2026-03-03,Poule,(W) Vincent 5-4 Caden,Vincent,1914.0,1912.7,-1.4,Caden,1763.4,1765.1,1.6,0.704,0.054
2026-03-03,Poule,(W) Shevy 5-4 Aisling,Shevy,1756.4,1763.9,7.5,Aisling,1826.9,1819.4,-7.5,0.4,0.25
2026-03-03,Poule,(W) Vincent 5-3 Steph,Vincent,1912.7,1915.1,2.5,Steph,1804.2,1801.8,-2.5,0.651,0.099
2026-03-03,Poule,(W) Colin R 5-3 Alex Y,Colin R,1823.6,1835.4,11.8,Alex Y,1990.3,1978.4,-11.8,0.277,0.473
2026-03-03,Poule,(W) Vivian 5-1 Caden,Vivian,1868.7,1875.6,6.9,Caden,1765.1,1756.8,-8.3,0.645,0.275
2026-03-03,Poule,(W) Shevy 5-3 Oleg,Shevy,1763.9,1775.9,12.0,Oleg,1871.2,1857.2,-14.0,0.35,0.4
2026-03-03,Poule,(W) James S 5-4 Alex Y,James S,1822.6,1837.0,14.4,Alex Y,1978.4,1969.4,-9.0,0.29,0.36
2026-03-03,Poule,(W) Greg 5-1 Max,Greg,2117.3,2118.1,0.7,Max,1753.8,1752.6,-1.2,0.89,0.03
2026-03-03,Poule,(W) Oleg 5-3 Max,Oleg,1857.2,1860.8,3.6,Max,1752.6,1748.5,-4.2,0.646,0.104
2026-03-03,Poule,(W) Anna A 5-3 Will P,Anna A,1768.9,1777.2,8.2,Will P,1785.6,1778.7,-6.8,0.476,0.274
2026-03-03,Poule,(W) Richard B 5-1 Alix S,Richard B,1779.1,1784.7,5.6,Alix S,1635.0,1628.3,-6.7,0.696,0.224
2026-03-03,Poule,(W) Vincent 5-1 Max,Vincent,1915.1,1920.1,4.9,Max,1748.5,1740.6,-7.9,0.723,0.197
2026-03-03,Poule,(W) Alix S 5-4 Kirill,Alix S,1628.3,1636.1,7.8,Kirill,1705.3,1697.5,-7.8,0.391,0.259
2026-03-03,Poule,(W) Steph 5-3 Angelica,Steph,1801.8,1808.1,6.3,Angelica,1802.8,1792.7,-10.1,0.499,0.251
2026-03-03,Poule,(W) Greg 5-4 Fergus,Greg,2118.1,2111.3,-6.8,Fergus,1693.5,1701.7,8.1,0.92,0.27
2026-03-03,Poule,(W) Richard B 5-1 Colin R,Richard B,1784.7,1797.0,12.3,Colin R,1835.4,1823.1,-12.3,0.427,0.493
2026-03-03,Poule,(W) Vivian 5-4 Kirill,Vivian,1875.6,1873.4,-2.1,Kirill,1697.5,1700.1,2.6,0.736,0.086
2026-03-03,Poule,(W) Colin R 5-3 Oleg,Colin R,1823.1,1830.7,7.6,Oleg,1860.8,1850.2,-10.6,0.446,0.304
2026-03-03,Poule,(W) Max 5-2 Richard B,Max,1740.6,1757.8,17.2,Richard B,1797.0,1786.2,-10.8,0.42,0.43
2026-03-03,Poule,(W) Anna A 5-1 Kirill,Anna A,1777.2,1786.5,9.3,Kirill,1700.1,1690.7,-9.3,0.609,0.311
2026-03-03,Poule,(W) Alex Y 5-1 Caden,Alex Y,1969.4,1973.1,3.7,Caden,1756.8,1752.4,-4.4,0.773,0.147
2026-03-03,Poule,(W) Vincent 5-4 James S,Vincent,1920.1,1920.9,0.8,James S,1837.0,1835.7,-1.3,0.617,0.033
2026-03-03,Poule,(W) Max 5-1 Fergus,Max,1757.8,1771.4,13.6,Fergus,1701.7,1691.5,-10.2,0.58,0.34
2026-03-03,Poule,(W) James S 5-4 Oleg,James S,1835.7,1842.5,6.8,Oleg,1850.2,1844.2,-6.0,0.479,0.171
2026-03-03,Poule,(W) Max 5-4 James S,Max,1771.4,1780.2,8.8,James S,1842.5,1832.5,-10.0,0.399,0.251
2026-03-03,Poule,(W) Aisling 5-2 Vincent,Aisling,1819.4,1834.1,14.8,Vincent,1920.9,1908.6,-12.3,0.358,0.492
2026-03-03,Poule,(W) Colin R 5-4 Anna A,Colin R,1830.7,1832.9,2.2,Anna A,1786.5,1783.9,-2.6,0.563,0.087
2026-03-03,Poule,(W) Anna A 5-3 Angelica,Anna A,1783.9,1791.8,7.9,Angelica,1792.7,1782.2,-10.5,0.487,0.263
2026-03-03,Poule,(W) Alex Y 5-4 Oleg,Alex Y,1973.1,1972.4,-0.7,Oleg,1844.2,1845.2,1.0,0.677,0.027
2026-03-03,Poule,(W) Anna A 5-3 Vivian,Anna A,1791.8,1802.7,11.0,Vivian,1873.4,1864.3,-9.1,0.385,0.365
2026-03-03,Poule,(W) Aisling 5-3 Anna A,Aisling,1834.1,1840.3,6.1,Anna A,1802.7,1796.6,-6.1,0.545,0.205
2026-03-03,Poule,(W) Alex Y 5-3 Vincent,Alex Y,1972.4,1976.4,4.0,Vincent,1908.6,1904.6,-4.0,0.591,0.159
2026-03-03,Poule,(W) Vincent 5-4 Shevy,Vincent,1904.6,1903.9,-0.7,Shevy,1775.9,1776.7,0.8,0.677,0.027
2026-03-03,Poule,(W) James S 5-1 Angelica,James S,1832.5,1846.4,13.9,Angelica,1782.2,1768.3,-13.9,0.572,0.348
2026-03-03,Poule,(W) Vivian 5-4 Vincent,Vivian,1864.3,1869.5,5.2,Vincent,1903.9,1898.8,-5.2,0.443,0.207
2026-03-03,Poule,(W) Colin R 5-3 Steph,Colin R,1832.9,1838.2,5.4,Steph,1808.1,1802.7,-5.4,0.536,0.214
2026-03-03,Poule,(W) Steph 5-2 Max,Steph,1802.7,1810.6,7.9,Max,1780.2,1769.1,-11.1,0.532,0.318
2026-03-03,Poule,(W) Fergus 5-4 Alix S,Fergus,1691.5,1693.6,2.1,Alix S,1636.1,1633.9,-2.1,0.579,0.071
2026-03-03,Poule,(W) Kirill 5-4 Joshua,Kirill,1690.7,1695.6,4.9,Joshua,1699.7,1694.8,-4.9,0.487,0.163
2026-03-03,Poule,(W) Vivian 5-1 Alix S,Vivian,1869.5,1872.6,3.1,Alix S,1633.9,1630.2,-3.7,0.795,0.125
2026-03-03,Poule,(W) Greg 5-3 Richard B,Greg,2111.3,2108.4,-2.9,Richard B,1786.2,1789.1,2.9,0.867,0.117
2026-03-03,Poule,(W) Vivian 5-3 James S,Vivian,1872.6,1877.9,5.3,James S,1846.4,1837.9,-8.5,0.538,0.212
2026-03-03,Poule,(W) Colin R 5-4 Fergus,Colin R,1838.2,1837.1,-1.2,Fergus,1693.6,1695.0,1.4,0.697,0.047
2026-03-03,L1-32,(W) Angelica - Caden,Angelica,1768.3,1792.7,24.4,Caden,1752.4,1734.1,-18.3,0.523,0.477
2026-03-03,L1-32,(W) Kirill - Alix S,Kirill,1695.6,1711.3,15.6,Alix S,1630.2,1614.5,-15.6,0.593,0.407
2026-03-03,L1-32,(W) Richard B - Fergus,Richard B,1789.1,1800.9,11.8,Fergus,1695.0,1680.9,-14.1,0.632,0.368
2026-03-03,L1-16,(W) Vivian - Angelica,Vivian,1877.9,1892.5,14.6,Angelica,1792.7,1769.4,-23.4,0.62,0.38
2026-03-03,L1-16,(W) Will P - Aisling,Will P,1778.7,1801.3,22.6,Aisling,1840.3,1813.2,-27.1,0.412,0.588
2026-03-03,L1-16,(W) Anna A - Joshua,Anna A,1796.6,1813.1,16.5,Joshua,1694.8,1678.3,-16.5,0.642,0.358
2026-03-03,L1-16,(W) James S - Max,James S,1837.9,1862.6,24.7,Max,1769.1,1747.4,-21.6,0.598,0.402
2026-03-03,L1-16,(W) Greg - Kirill,Greg,2108.4,2111.9,3.5,Kirill,1711.3,1707.0,-4.3,0.908,0.092
2026-03-03,L1-16,(W) Oleg - Colin R,Oleg,1845.2,1871.4,26.3,Colin R,1837.1,1818.3,-18.8,0.512,0.488
2026-03-03,L1-16,(W) Vincent - Steph,Vincent,1898.8,1913.2,14.4,Steph,1810.6,1796.2,-14.4,0.624,0.376
2026-03-03,L1-16,(W) Alex Y - Richard B,Alex Y,1976.4,1986.7,10.3,Richard B,1800.9,1790.7,-10.3,0.733,0.267
2026-03-03,L1-8,(W) Vivian - Will P,Vivian,1892.5,1911.5,19.0,Will P,1801.3,1782.2,-19.0,0.628,0.372
2026-03-03,L1-8,(W) James S - Anna A,James S,1862.6,1897.8,35.2,Anna A,1813.1,1786.7,-26.4,0.571,0.429
2026-03-03,L1-8,(W) Greg - Oleg,Greg,2111.9,2122.2,10.3,Oleg,1871.4,1857.1,-14.4,0.8,0.2
2026-03-03,L1-8,(W) Alex Y - Vincent,Alex Y,1986.7,2006.9,20.3,Vincent,1913.2,1892.9,-20.3,0.604,0.396
2026-03-03,L9-16,(W) Aisling - Angelica,Aisling,1813.2,1833.4,20.2,Angelica,1769.4,1742.5,-26.9,0.563,0.437
2026-03-03,L9-16,(W) Max - Joshua,Max,1747.4,1769.1,21.6,Joshua,1678.3,1662.9,-15.4,0.598,0.402
2026-03-03,L9-16,(W) Kirill - Colin R,Kirill,1707.0,1737.2,30.2,Colin R,1818.3,1793.1,-25.2,0.345,0.655
2026-03-03,L9-16,(W) Steph - Richard B,Steph,1796.2,1815.1,18.9,Richard B,1790.7,1771.8,-18.9,0.508,0.492
2026-03-03,L1-4,(W) Vivian - James S,Vivian,1911.5,1948.5,36.9,James S,1897.8,1838.8,-59.1,0.52,0.48
2026-03-03,L1-4,(W) Alex Y - Greg,Alex Y,2006.9,2057.7,50.7,Greg,2122.2,2071.5,-50.7,0.34,0.66
2026-03-03,L5-8,(W) Anna A - Will P,Anna A,1786.7,1817.0,30.3,Will P,1782.2,1757.0,-25.3,0.506,0.494
2026-03-03,L5-8,(W) Oleg - Vincent,Oleg,1857.1,1896.6,39.6,Vincent,1892.9,1864.7,-28.3,0.449,0.551
2026-03-03,L9-12,(W) Max - Aisling,Max,1769.1,1800.9,31.8,Aisling,1833.4,1806.1,-27.3,0.409,0.591
2026-03-03,L9-12,(W) Steph - Kirill,Steph,1815.1,1830.1,15.0,Kirill,1737.2,1719.2,-18.0,0.61,0.39
2026-03-03,L13-16,(W) Joshua - Angelica,Joshua,1662.9,1683.3,20.4,Angelica,1742.5,1709.8,-32.6,0.387,0.613
2026-03-03,L13-16,(W) Richard B - Colin R,Richard B,1771.8,1789.4,17.7,Colin R,1793.1,1775.5,-17.7,0.469,0.531
2026-03-03,L17-20,(W) Fergus - Alix S,Fergus,1680.9,1693.3,12.5,Alix S,1614.5,1602.1,-12.5,0.594,0.406
2026-03-03,L1-2,(W) Alex Y - Vivian,Alex Y,2057.7,2093.3,35.6,Vivian,1948.5,1912.8,-35.6,0.652,0.348
2026-03-03,L3-4,(W) Greg - James S,Greg,2071.5,2082.1,10.6,James S,1838.8,1821.7,-17.0,0.792,0.208
2026-03-03,L5-6,(W) Oleg - Anna A,Oleg,1896.6,1908.5,11.9,Anna A,1817.0,1805.1,-11.9,0.613,0.387
2026-03-03,L7-8,(W) Vincent - Will P,Vincent,1864.7,1873.6,9.0,Will P,1757.0,1748.0,-9.0,0.65,0.35
2026-03-03,L9-10,(W) Steph - Max,Steph,1830.1,1841.8,11.7,Max,1800.9,1784.4,-16.4,0.542,0.458
2026-03-03,L11-12,(W) Kirill - Aisling,Kirill,1719.2,1738.4,19.1,Aisling,1806.1,1786.9,-19.1,0.378,0.622
2026-03-03,L13-14,(W) Richard B - Joshua,Richard B,1789.4,1798.4,9.0,Joshua,1683.3,1674.2,-9.0,0.648,0.352
2026-03-03,L15-16,(W) Colin R - Angelica,Colin R,1775.5,1785.9,10.4,Angelica,1709.8,1693.2,-16.7,0.593,0.407
2026-03-03,L17-18,(W) Caden - Fergus,Caden,1734.1,1747.6,13.6,Fergus,1693.3,1679.8,-13.6,0.558,0.442
2026-03-10,Poule,(W) Vincent 5-2 Adam S,Vincent,1873.6,1880.5,6.9,Adam S,1822.1,1811.0,-11.1,0.574,0.276
2026-03-10,Poule,(W) James S 5-2 Vadym,James S,1826.7,1844.2,17.4,Vadym,1886.8,1875.9,-10.9,0.414,0.436
2026-03-10,Poule,(W) Sameer 5-1 Eric L,Sameer,2130.6,2146.8,16.2,Eric L,2159.5,2148.0,-11.5,0.458,0.462
2026-03-10,Poule,(W) Eric L 5-2 Eugene,Eric L,2148.0,2145.5,-2.5,Eugene,1637.8,1640.3,2.5,0.95,0.1
2026-03-10,Poule,(W) Vivian 5-3 Vanessa,Vivian,1927.8,1929.7,1.8,Vanessa,1800,1797.0,-3.0,0.676,0.074
2026-03-10,Poule,(W) Alex Y 5-1 Angelica,Alex Y,2118.3,2118.3,-0.0,Angelica,1693.2,1693.2,0.0,0.92,0.0
2026-03-10,Poule,(W) Vincent 5-4 Kirill,Vincent,1880.5,1879.4,-1.1,Kirill,1738.4,1739.7,1.3,0.694,0.044
2026-03-10,Poule,(W) Joshua 5-4 Eugene,Joshua,1674.2,1676.8,2.5,Eugene,1640.3,1637.8,-2.5,0.549,0.101
2026-03-10,Poule,(W) Eric L 5-4 Kirill,Eric L,2145.5,2139.0,-6.5,Kirill,1739.7,1747.5,7.9,0.912,0.262
2026-03-10,Poule,(W) Eric L 5-3 Alex Y,Eric L,2139.0,2144.5,5.5,Alex Y,2118.3,2112.8,-5.5,0.53,0.22
2026-03-10,Poule,(W) Tom T 5-4 Eric L,Tom T,1972.3,1983.7,11.4,Eric L,2144.5,2135.0,-9.5,0.271,0.379
2026-03-10,Poule,(W) Eric L 5-3 Joshua,Eric L,2135.0,2130.4,-4.6,Joshua,1676.8,1681.4,4.6,0.933,0.183
2026-03-10,Poule,(W) Darran 5-2 Vanessa,Darran,1955.6,1959.7,4.1,Vanessa,1797.0,1791.6,-5.5,0.714,0.136
2026-03-10,Poule,(W) Alejo 5-2 Marg,Alejo,2109.1,2107.7,-1.5,Marg,1710.5,1711.9,1.5,0.908,0.058
2026-03-10,Poule,(W) Vincent 5-4 Vanessa,Vincent,1879.4,1880.1,0.7,Vanessa,1791.6,1790.5,-1.0,0.624,0.026
2026-03-10,Poule,(W) Anna Z 5-4 Marg,Anna Z,1887.0,1884.5,-2.5,Marg,1711.9,1714.0,2.1,0.733,0.083
2026-03-10,Poule,(W) Lukas N 5-4 Vanessa,Lukas N,1840.7,1842.6,2.0,Vanessa,1790.5,1787.4,-3.1,0.572,0.078
2026-03-10,Poule,(W) Anna Z 5-4 Tom T,Anna Z,1884.5,1893.1,8.7,Tom T,1983.7,1975.0,-8.7,0.361,0.289
2026-03-10,Poule,(W) James S 5-3 Vivian,James S,1844.2,1859.0,14.8,Vivian,1929.7,1920.4,-9.3,0.379,0.371
2026-03-10,Poule,(W) Alex Y 5-1 Eugene,Alex Y,2112.8,2112.3,-0.5,Eugene,1637.8,1638.3,0.5,0.939,0.019
2026-03-10,Poule,(W) Caden 5-4 Fergus,Caden,1747.6,1749.0,1.3,Fergus,1679.8,1678.1,-1.6,0.596,0.054
2026-03-10,Poule,(W) Vivian 5-3 Marg,Vivian,1920.4,1920.0,-0.4,Marg,1714.0,1714.4,0.4,0.766,0.016
2026-03-10,Poule,(W) James S 5-1 Caden,James S,1859.0,1869.7,10.7,Caden,1749.0,1742.3,-6.7,0.653,0.267
2026-03-10,Poule,(W) Eric L 5-0 Adam S,Eric L,2130.4,2133.8,3.4,Adam S,1811.0,1805.5,-5.5,0.863,0.137
2026-03-10,Poule,(W) Vivian 5-4 Colin R,Vivian,1920.0,1919.1,-0.8,Colin R,1785.9,1786.7,0.8,0.684,0.034
2026-03-10,Poule,(W) Eric L 5-3 Lukas N,Eric L,2133.8,2131.5,-2.3,Lukas N,1842.6,1845.0,2.3,0.842,0.092
2026-03-10,Poule,(W) Ed B 5-4 Anna Z,Ed B,1800,1811.2,11.2,Anna Z,1893.1,1884.7,-8.4,0.369,0.281
2026-03-10,Poule,(W) Vivian 5-3 Andy R,Vivian,1919.1,1916.9,-2.2,Andy R,1633.2,1635.8,2.7,0.838,0.088
2026-03-10,Poule,(W) Ed B 5-4 Vivian,Ed B,1811.2,1823.1,11.9,Vivian,1916.9,1909.5,-7.4,0.352,0.298
2026-03-10,Poule,(W) Darran 5-1 Lukas N,Darran,1959.7,1967.5,7.8,Lukas N,1845.0,1838.4,-6.5,0.659,0.261
2026-03-10,Poule,(W) Greg 5-4 Darran,Greg,2090.1,2089.6,-0.5,Darran,1967.5,1968.1,0.6,0.669,0.019
2026-03-10,Poule,(W) Fergus 5-1 Joshua,Fergus,1678.1,1690.9,12.7,Joshua,1681.4,1670.7,-10.6,0.495,0.425
2026-03-10,Poule,(W) Willie 5-4 Darran,Willie,2162.0,2159.4,-2.6,Darran,1968.1,1971.2,3.1,0.753,0.103
2026-03-10,Poule,(W) Darran 5-1 Adam S,Darran,1971.2,1977.2,5.9,Adam S,1805.5,1797.6,-7.9,0.722,0.198
2026-03-10,Poule,(W) Vadym 5-4 Greg,Vadym,1875.9,1886.5,10.6,Greg,2089.6,2079.0,-10.6,0.226,0.424
2026-03-10,Poule,(W) Steph 5-3 Alix S,Steph,1841.8,1840.6,-1.2,Alix S,1602.1,1603.5,1.5,0.799,0.049
2026-03-10,Poule,(W) Greg 5-1 Fergus,Greg,2079.0,2079.4,0.4,Fergus,1690.9,1690.4,-0.5,0.903,0.017
2026-03-10,Poule,(W) Sameer 5-3 Darran,Sameer,2146.8,2147.6,0.8,Darran,1977.2,1976.4,-0.7,0.726,0.024
2026-03-10,Poule,(W) Marg 5-4 Steph,Marg,1714.4,1722.5,8.1,Steph,1840.6,1832.5,-8.1,0.326,0.324
2026-03-10,Poule,(W) Vincent 5-2 Colin R,Vincent,1880.1,1885.6,5.5,Colin R,1786.7,1781.3,-5.5,0.631,0.219
2026-03-10,Poule,(W) Vadym 5-4 Eugene,Vadym,1886.5,1882.6,-3.9,Eugene,1638.3,1642.2,3.9,0.807,0.157
2026-03-10,Poule,(W) Alex Y 5-2 Adam S,Alex Y,2112.3,2112.1,-0.2,Adam S,1797.6,1798.0,0.4,0.86,0.01
2026-03-10,Poule,(W) Alex Y 5-2 Lukas N,Alex Y,2112.1,2112.6,0.5,Lukas N,1838.4,1837.9,-0.5,0.829,0.021
2026-03-10,Poule,(W) Oleg 5-1 Alex Y,Oleg,1908.5,1929.0,20.5,Alex Y,2112.6,2095.5,-17.1,0.236,0.684
2026-03-10,Poule,(W) James S 5-1 Marg,James S,1869.7,1878.5,8.8,Marg,1722.5,1717.0,-5.5,0.7,0.22
2026-03-10,Poule,(W) Kirill 5-4 Caden,Kirill,1747.5,1751.8,4.3,Caden,1742.3,1738.7,-3.6,0.508,0.142
2026-03-10,Poule,(W) Vincent 5-3 Caden,Vincent,1885.6,1886.8,1.3,Caden,1738.7,1737.5,-1.3,0.7,0.05
2026-03-10,Poule,(W) Darran 5-1 Kirill,Darran,1976.4,1980.5,4.1,Kirill,1751.8,1747.8,-4.1,0.785,0.135
2026-03-10,Poule,(W) Greg 5-4 Steph,Greg,2079.4,2075.6,-3.9,Steph,1832.5,1836.4,3.9,0.806,0.156
2026-03-10,Poule,(W) Adam S 5-2 Ed B,Adam S,1798.0,1813.4,15.4,Ed B,1823.1,1807.7,-15.4,0.464,0.386
2026-03-10,Poule,(W) Vivian 5-0 Joshua,Vivian,1909.5,1914.5,5.0,Joshua,1670.7,1665.7,-5.0,0.798,0.202
2026-03-10,Poule,(W) Vadym 5-4 Lukas N,Vadym,1882.6,1884.7,2.2,Lukas N,1837.9,1835.7,-2.2,0.564,0.086
2026-03-10,Poule,(W) Tom T 5-3 Steph,Tom T,1975.0,1976.8,1.8,Steph,1836.4,1834.9,-1.5,0.69,0.06
2026-03-10,Poule,(W) Tom T 5-4 Vadym,Tom T,1976.8,1977.5,0.6,Vadym,1884.7,1884.2,-0.5,0.63,0.02
2026-03-10,Poule,(W) Tom T 5-3 Eugene,Tom T,1977.5,1973.8,-3.7,Eugene,1642.2,1645.3,3.1,0.873,0.123
2026-03-10,Poule,(W) Oleg 5-1 Caden,Oleg,1929.0,1934.1,5.1,Caden,1737.5,1733.2,-4.2,0.751,0.169
2026-03-10,Poule,(W) James S 5-1 Kirill,James S,1878.5,1888.1,9.6,Kirill,1747.8,1740.5,-7.2,0.68,0.24
2026-03-10,Poule,(W) Greg 5-2 Tom T,Greg,2075.6,2080.7,5.2,Tom T,1973.8,1967.5,-6.2,0.642,0.208
2026-03-10,Poule,(W) Willie 5-4 Eric L,Willie,2159.4,2162.1,2.7,Eric L,2131.5,2128.8,-2.7,0.54,0.11
2026-03-10,Poule,(W) Vincent 5-3 James S,Vincent,1886.8,1893.1,6.3,James S,1888.1,1878.0,-10.1,0.498,0.252
2026-03-10,Poule,(W) Alex Y 5-4 Vivian,Alex Y,2095.5,2093.3,-2.2,Vivian,1914.5,1916.8,2.2,0.739,0.089
2026-03-10,Poule,(W) Steph 5-3 Angelica,Steph,1834.9,1836.3,1.4,Angelica,1693.2,1690.9,-2.3,0.693,0.057
2026-03-10,Poule,(W) Alex Y 5-4 Steph,Alex Y,2093.3,2089.2,-4.1,Steph,1836.3,1840.4,4.1,0.814,0.164
2026-03-10,Poule,(W) Greg 5-4 Vincent,Greg,2080.7,2078.3,-2.4,Vincent,1893.1,1895.5,2.4,0.747,0.097
2026-03-10,Poule,(W) Steph 5-4 Joshua,Steph,1840.4,1838.3,-2.1,Joshua,1665.7,1667.8,2.1,0.732,0.082
2026-03-10,Poule,(W) Darran 5-3 Steph,Darran,1980.5,1982.2,1.7,Steph,1838.3,1836.9,-1.4,0.694,0.056
2026-03-10,Poule,(W) Colin R 5-4 Vadym,Colin R,1781.3,1788.6,7.3,Vadym,1884.2,1876.8,-7.3,0.356,0.294
2026-03-10,Poule,(W) Tom T 5-3 Andy R,Tom T,1967.5,1963.9,-3.6,Andy R,1635.8,1639.4,3.6,0.871,0.121
2026-03-10,Poule,(W) Anna Z 5-2 Angelica,Anna Z,1884.7,1887.6,2.9,Angelica,1690.9,1687.0,-3.9,0.753,0.097
2026-03-10,Poule,(W) Alex Y 5-3 Alix S,Alex Y,2089.2,2084.4,-4.8,Alix S,1603.5,1609.3,5.8,0.942,0.192
2026-03-10,Poule,(W) Alix S 5-4 Vanessa,Alix S,1609.3,1620.9,11.6,Vanessa,1787.4,1772.0,-15.4,0.264,0.386
2026-03-10,Poule,(W) Vincent 5-2 Tom T,Vincent,1895.5,1906.7,11.2,Tom T,1963.9,1950.5,-13.4,0.403,0.447
2026-03-10,Poule,(W) Willie 5-3 James S,Willie,2162.1,2160.0,-2.2,James S,1878.0,1881.0,3.0,0.837,0.087
2026-03-10,Poule,(W) Vadym 5-2 Ed B,Vadym,1876.8,1883.1,6.3,Ed B,1807.7,1797.6,-10.1,0.598,0.252
2026-03-10,Poule,(W) Vincent 5-3 Alex Y,Vincent,1906.7,1918.8,12.1,Alex Y,2084.4,2072.2,-12.1,0.265,0.485
2026-03-10,Poule,(W) Alex Y 5-4 Greg,Alex Y,2072.2,2076.2,4.0,Greg,2078.3,2074.4,-4.0,0.491,0.159
2026-03-10,Poule,(W) Willie 5-3 Vincent,Willie,2160.0,2158.7,-1.3,Vincent,1918.8,1920.1,1.3,0.8,0.05
2026-03-10,Poule,(W) Alejo 5-4 Greg,Alejo,2107.7,2110.2,2.6,Greg,2074.4,2071.8,-2.6,0.548,0.102
2026-03-10,Poule,(W) Eric L 5-3 Angelica,Eric L,2128.8,2124.3,-4.4,Angelica,1687.0,1694.1,7.1,0.927,0.177
2026-03-10,Poule,(W) Oleg 5-4 James S,Oleg,1934.1,1936.4,2.2,James S,1881.0,1878.5,-2.6,0.576,0.074
2026-03-10,Poule,(W) Anna Z 5-2 Vanessa,Anna Z,1887.6,1893.3,5.7,Vanessa,1772.0,1764.4,-7.6,0.661,0.189
2026-03-10,Poule,(W) Andy R 5-2 Alix S,Andy R,1639.4,1649.1,9.7,Alix S,1620.9,1611.2,-9.7,0.527,0.323
2026-03-10,Poule,(W) Vincent 5-1 Eugene,Vincent,1920.1,1922.4,2.3,Eugene,1645.3,1643.0,-2.3,0.83,0.09
2026-03-10,Poule,(W) Colin R 5-4 Lukas N,Colin R,1788.6,1794.0,5.4,Lukas N,1835.7,1830.3,-5.4,0.433,0.217
2026-03-10,Poule,(W) Alejo 5-3 James S,Alejo,2110.2,2109.2,-1.0,James S,1878.5,1879.9,1.5,0.792,0.042
2026-03-10,Poule,(W) Tom T 5-2 James S,Tom T,1950.5,1958.0,7.5,James S,1879.9,1871.2,-8.7,0.6,0.25
2026-03-10,Poule,(W) Adam S 5-1 Alix S,Adam S,1813.4,1819.8,6.3,Alix S,1611.2,1606.5,-4.7,0.762,0.158
2026-03-10,Poule,(W) Vivian 5-2 Oleg,Vivian,1916.8,1926.2,9.5,Oleg,1936.4,1925.0,-11.3,0.472,0.378
2026-03-10,Poule,(W) Vivian 5-3 Eric L,Vivian,1926.2,1938.9,12.7,Eric L,2124.3,2111.7,-12.7,0.242,0.508
2026-03-10,Poule,(W) Steph 5-4 Colin R,Steph,1836.9,1839.2,2.2,Colin R,1794.0,1791.8,-2.2,0.561,0.089
2026-03-10,Poule,(W) Lukas N 5-4 Alix S,Lukas N,1830.3,1827.0,-3.3,Alix S,1606.5,1610.5,4.0,0.784,0.134
2026-03-10,Poule,(W) Sameer 5-4 Greg,Sameer,2147.6,2149.1,1.5,Greg,2071.8,2070.7,-1.1,0.607,0.043
2026-03-10,Poule,(W) Tom T 5-1 Fergus,Tom T,1958.0,1960.9,2.9,Fergus,1690.4,1687.5,-2.9,0.824,0.096
2026-03-10,Poule,(W) Greg 5-2 James S,Greg,2070.7,2073.0,2.3,James S,1871.2,1868.0,-3.2,0.759,0.091
2026-03-10,Poule,(W) Angelica 5-4 Tom T,Angelica,1694.1,1713.0,18.9,Tom T,1960.9,1946.7,-14.2,0.177,0.473
2026-03-10,Poule,(W) Tom T 5-4 Willie,Tom T,1946.7,1959.4,12.7,Willie,2158.7,2148.2,-10.6,0.228,0.422
2026-03-10,Poule,(W) Alix S 5-4 Colin R,Alix S,1610.5,1622.2,11.7,Colin R,1791.8,1782.1,-9.7,0.26,0.39
2026-03-10,Poule,(W) Eric L 5-1 Vadym,Eric L,2111.7,2114.9,3.3,Vadym,1883.1,1879.9,-3.3,0.788,0.132
2026-03-10,Poule,(W) Colin R 5-1 Andy R,Colin R,1782.1,1788.0,5.9,Andy R,1649.1,1642.0,-7.1,0.683,0.237
2026-03-10,Poule,(W) Colin R 5-0 Joshua,Colin R,1788.0,1796.4,8.3,Joshua,1667.8,1659.4,-8.3,0.666,0.334
2026-03-10,Poule,(W) Eugene 5-2 Vanessa,Eugene,1643.0,1655.9,12.9,Vanessa,1764.4,1743.7,-20.7,0.332,0.518
2026-03-10,Poule,(W) Vincent 5-2 Lukas N,Vincent,1922.4,1927.8,5.4,Lukas N,1827.0,1821.6,-5.4,0.634,0.216
2026-03-10,Poule,(W) Darran 5-3 Anna Z,Darran,1982.2,1985.9,3.7,Anna Z,1893.3,1889.6,-3.7,0.625,0.125
2026-03-10,Poule,(W) James S 5-3 Eugene,James S,1868.0,1867.2,-0.8,Eugene,1655.9,1656.5,0.6,0.772,0.022
2026-03-10,Poule,(W) Anna Z 5-3 Alix S,Anna Z,1889.6,1887.4,-2.2,Alix S,1622.2,1624.4,2.2,0.823,0.073
2026-03-10,Poule,(W) Eric L 5-3 Alejo,Eric L,2114.9,2121.0,6.0,Alejo,2109.2,2103.1,-6.0,0.508,0.242
2026-03-10,Poule,(W) James S 5-4 Fergus,James S,1867.2,1864.1,-3.1,Fergus,1687.5,1690.1,2.6,0.738,0.088
2026-03-10,Poule,(W) Vincent 5-4 Oleg,Vincent,1927.8,1931.4,3.7,Oleg,1925.0,1920.6,-4.4,0.504,0.146
2026-03-10,Poule,(W) Steph 5-4 Lukas N,Steph,1839.2,1842.3,3.1,Lukas N,1821.6,1818.4,-3.1,0.525,0.125
2026-03-10,Poule,(W) Andy R 5-4 Lukas N,Andy R,1642.0,1653.5,11.5,Lukas N,1818.4,1808.8,-9.6,0.266,0.384
2026-03-10,Poule,(W) Joshua 5-3 Lukas N,Joshua,1659.4,1670.7,11.3,Lukas N,1808.8,1797.5,-11.3,0.297,0.453
2026-03-10,Poule,(W) Vivian 5-3 Sameer,Vivian,1938.9,1951.9,13.0,Sameer,2149.1,2130.9,-18.2,0.23,0.52
2026-03-10,Poule,(W) Eugene 5-4 Fergus,Eugene,1656.5,1661.5,5.0,Fergus,1690.1,1684.2,-5.9,0.452,0.198
2026-03-10,Poule,(W) Willie 5-0 Sameer,Willie,2148.2,2160.0,11.9,Sameer,2130.9,2114.3,-16.6,0.525,0.475
2026-03-10,Poule,(W) Joshua 5-2 Kirill,Joshua,1670.7,1682.0,11.2,Kirill,1740.5,1727.1,-13.5,0.401,0.449
2026-03-10,Poule,(W) Willie 5-4 Oleg,Willie,2160.0,2156.3,-3.7,Oleg,1920.6,1925.1,4.5,0.799,0.149
2026-03-10,Poule,(W) Sameer 5-2 Oleg,Sameer,2114.3,2117.3,3.1,Oleg,1925.1,1922.0,-3.1,0.748,0.102
2026-03-10,Poule,(W) Vadym 5-4 Steph,Vadym,1879.9,1882.3,2.4,Steph,1842.3,1839.9,-2.4,0.554,0.096
2026-03-10,Poule,(W) Kirill 5-4 Sameer,Kirill,1727.1,1743.7,16.6,Sameer,2117.3,2100.7,-16.6,0.096,0.554
2026-03-10,Poule,(W) Alejo 5-3 Anna Z,Alejo,2103.1,2102.5,-0.6,Anna Z,1887.4,1888.1,0.8,0.776,0.026
2026-03-10,Poule,(W) Vincent 5-4 Darran,Vincent,1931.4,1937.1,5.7,Darran,1985.9,1979.1,-6.8,0.422,0.228
2026-03-10,Poule,(W) Greg 5-1 Eugene,Greg,2073.0,2073.1,0.1,Eugene,1661.5,1661.3,-0.1,0.914,0.006
2026-03-10,Poule,(W) Marg 5-3 Vanessa,Marg,1717.0,1724.2,7.2,Vanessa,1743.7,1732.1,-11.5,0.462,0.288
2026-03-10,Poule,(W) Eugene 5-3 Colin R,Eugene,1661.3,1672.2,10.9,Colin R,1796.4,1785.5,-10.9,0.315,0.435
2026-03-10,Poule,(W) Eugene 5-1 Lukas N,Eugene,1672.2,1687.0,14.8,Lukas N,1797.5,1782.7,-14.8,0.327,0.593
2026-03-10,Poule,(W) Anna Z 5-2 Alex Y,Anna Z,1888.1,1906.1,17.9,Alex Y,2076.2,2061.3,-14.9,0.253,0.597
2026-03-10,Poule,(W) Eric L 5-3 Steph,Eric L,2121.0,2118.9,-2.1,Steph,1839.9,1842.0,2.1,0.835,0.085
2026-03-10,Poule,(W) Lukas N 5-3 James S,Lukas N,1782.7,1791.8,9.1,James S,1864.1,1851.4,-12.8,0.385,0.365
2026-03-10,Poule,(W) Vivian 5-1 Eugene,Vivian,1951.9,1954.4,2.5,Eugene,1687.0,1684.6,-2.5,0.821,0.099
2026-03-10,Poule,(W) Marg 5-3 Eugene,Marg,1724.2,1729.0,4.8,Eugene,1684.6,1679.7,-4.8,0.557,0.193
2026-03-10,Poule,(W) Andy R 5-3 Vanessa,Andy R,1653.5,1664.4,10.8,Vanessa,1732.1,1717.7,-14.4,0.389,0.361
2026-03-10,Poule,(W) Darran 5-1 Fergus,Darran,1979.1,1981.3,2.2,Fergus,1684.2,1681.9,-2.2,0.845,0.075
2026-03-10,L1-32,(W) Oleg - Andy R,Oleg,1922.0,1930.4,8.4,Andy R,1664.4,1656.0,-8.4,0.815,0.185
2026-03-10,L1-32,(W) Ed B - Caden,Ed B,1797.6,1822.2,24.6,Caden,1733.2,1717.9,-15.4,0.592,0.408
2026-03-10,L1-32,(W) Anna Z - Vanessa,Anna Z,1906.1,1917.5,11.4,Vanessa,1717.7,1702.5,-15.2,0.747,0.253
2026-03-10,L1-32,(W) Sameer - Alix S,Sameer,2100.7,2103.4,2.7,Alix S,1624.4,1621.6,-2.7,0.939,0.061
2026-03-10,L1-32,(W) Alejo - Kirill,Alejo,2102.5,2106.7,4.2,Kirill,1743.7,1738.6,-5.1,0.887,0.113
2026-03-10,L1-32,(W) Lukas N - Colin R,Lukas N,1791.8,1810.3,18.5,Colin R,1785.5,1767.0,-18.5,0.509,0.491
2026-03-10,L1-32,(W) Steph - Angelica,Steph,1842.0,1854.1,12.1,Angelica,1713.0,1693.6,-19.4,0.677,0.323
2026-03-10,L1-32,(W) Vadym - Fergus,Vadym,1882.3,1891.3,9.0,Fergus,1681.9,1671.1,-10.8,0.76,0.24
2026-03-10,L1-32,(W) Eugene - Joshua,Eugene,1679.7,1698.7,18.9,Joshua,1682.0,1663.0,-18.9,0.497,0.503
2026-03-10,L1-16,(W) Oleg - Vincent,Oleg,1930.4,1958.0,27.6,Vincent,1937.1,1914.1,-23.0,0.49,0.51
2026-03-10,L1-16,(W) Anna Z - Ed B,Anna Z,1917.5,1937.3,19.8,Ed B,1822.2,1795.8,-26.5,0.634,0.366
2026-03-10,L1-16,(W) Sameer - Darran,Sameer,2103.4,2121.4,17.9,Darran,1981.3,1963.4,-17.9,0.669,0.331
2026-03-10,L1-16,(W) Alejo - Tom T,Alejo,2106.7,2120.3,13.5,Tom T,1959.4,1943.1,-16.2,0.7,0.3
2026-03-10,L1-16,(W) Alex Y - Lukas N,Alex Y,2061.3,2069.9,8.6,Lukas N,1810.3,1801.7,-8.6,0.809,0.191
2026-03-10,L1-16,(W) Steph - Greg,Steph,1854.1,1889.3,35.2,Greg,2073.1,2038.0,-35.2,0.221,0.779
2026-03-10,L1-16,(W) Vadym - James S,Vadym,1891.3,1911.3,20.0,James S,1851.4,1823.4,-28.0,0.557,0.443
2026-03-10,L1-16,(W) Vivian - Eugene,Vivian,1954.4,1962.8,8.4,Eugene,1698.7,1690.2,-8.4,0.813,0.187
2026-03-10,L17-32,(W) Caden - Vanessa,Caden,1717.9,1732.3,14.4,Vanessa,1702.5,1679.5,-23.0,0.522,0.478
2026-03-10,L1-8,(W) Oleg - Anna Z,Oleg,1958.0,1992.0,34.0,Anna Z,1937.3,1903.3,-34.0,0.53,0.47
2026-03-10,L1-8,(W) Sameer - Alejo,Sameer,2121.4,2157.4,36.0,Alejo,2120.3,2090.3,-30.0,0.502,0.498
2026-03-10,L1-8,(W) Alex Y - Steph,Alex Y,2069.9,2085.6,15.7,Steph,1889.3,1873.6,-15.7,0.739,0.261
2026-03-10,L1-8,(W) Vadym - Vivian,Vadym,1911.3,1945.8,34.5,Vivian,1962.8,1928.3,-34.5,0.426,0.574
2026-03-10,L9-16,(W) Ed B - Vincent,Ed B,1795.8,1843.7,48.0,Vincent,1914.1,1884.1,-30.0,0.336,0.664
2026-03-10,L9-16,(W) Darran - Tom T,Darran,1963.4,1988.9,25.5,Tom T,1943.1,1917.6,-25.5,0.529,0.471
2026-03-10,L9-16,(W) Greg - Lukas N,Greg,2038.0,2047.2,9.2,Lukas N,1801.7,1792.5,-9.2,0.796,0.204
2026-03-10,L9-16,(W) James S - Eugene,James S,1823.4,1843.4,20.1,Eugene,1690.2,1675.9,-14.3,0.683,0.317
2026-03-10,L17-24,(W) Andy R - Caden,Andy R,1656.0,1678.0,22.0,Caden,1732.3,1714.0,-18.3,0.392,0.608
2026-03-10,L17-24,(W) Kirill - Alix S,Kirill,1738.6,1750.8,12.2,Alix S,1621.6,1609.4,-12.2,0.662,0.338
2026-03-10,L17-24,(W) Colin R - Angelica,Colin R,1767.0,1778.9,11.9,Angelica,1693.6,1674.6,-19.1,0.604,0.396
2026-03-10,L17-24,(W) Fergus - Joshua,Fergus,1671.1,1688.7,17.6,Joshua,1663.0,1648.3,-14.7,0.512,0.488
2026-03-10,L1-4,(W) Oleg - Sameer,Oleg,1992.0,2070.2,78.2,Sameer,2157.4,2079.2,-78.2,0.278,0.722
2026-03-10,L1-4,(W) Alex Y - Vadym,Alex Y,2085.6,2113.5,27.9,Vadym,1945.8,1917.9,-27.9,0.691,0.309
2026-03-10,L5-8,(W) Alejo - Anna Z,Alejo,2090.3,2105.6,15.3,Anna Z,1903.3,1885.0,-18.4,0.746,0.254
2026-03-10,L5-8,(W) Vivian - Steph,Vivian,1928.3,1953.7,25.4,Steph,1873.6,1848.2,-25.4,0.578,0.422
2026-03-10,L9-12,(W) Ed B - Darran,Ed B,1843.7,1894.1,50.4,Darran,1988.9,1951.1,-37.8,0.302,0.698
2026-03-10,L9-12,(W) Greg - James S,Greg,2047.2,2057.9,10.7,James S,1843.4,1828.5,-14.9,0.764,0.236
2026-03-10,L13-16,(W) Vincent - Tom T,Vincent,1884.1,1905.6,21.4,Tom T,1917.6,1891.9,-25.7,0.452,0.548
2026-03-10,L13-16,(W) Eugene - Lukas N,Eugene,1675.9,1701.8,25.9,Lukas N,1792.5,1766.6,-25.9,0.338,0.662
2026-03-10,L17-20,(W) Andy R - Kirill,Andy R,1678.0,1699.8,21.8,Kirill,1750.8,1729.0,-21.8,0.397,0.603
2026-03-10,L17-20,(W) Colin R - Fergus,Colin R,1778.9,1790.2,11.2,Fergus,1688.7,1675.3,-13.5,0.627,0.373
2026-03-10,L21-24,(W) Caden - Alix S,Caden,1714.0,1724.6,10.7,Alix S,1609.4,1596.6,-12.8,0.646,0.354
2026-03-10,L21-24,(W) Joshua - Angelica,Joshua,1648.3,1664.5,16.2,Angelica,1674.6,1648.7,-25.9,0.462,0.538
2026-03-10,L1-2,(W) Alex Y - Oleg,Alex Y,2113.5,2166.3,52.7,Oleg,2070.2,2006.9,-63.3,0.562,0.438
2026-03-10,L3-4,(W) Vadym - Sameer,Vadym,1917.9,1961.1,43.2,Sameer,2079.2,2027.4,-51.8,0.283,0.717
2026-03-10,L5-6,(W) Alejo - Vivian,Alejo,2105.6,2114.4,8.9,Vivian,1953.7,1944.8,-8.9,0.706,0.294
2026-03-10,L7-8,(W) Steph - Anna Z,Steph,1848.2,1864.8,16.6,Anna Z,1885.0,1865.0,-20.0,0.447,0.553
2026-03-10,L9-10,(W) Greg - Ed B,Greg,2057.9,2066.3,8.4,Ed B,1894.1,1880.6,-13.5,0.72,0.28
2026-03-10,L11-12,(W) James S - Darran,James S,1828.5,1856.7,28.2,Darran,1951.1,1926.9,-24.2,0.331,0.669
2026-03-10,L13-14,(W) Vincent - Eugene,Vincent,1905.6,1912.7,7.1,Eugene,1701.8,1694.7,-7.1,0.764,0.236
2026-03-10,L15-16,(W) Lukas N - Tom T,Lukas N,1766.6,1786.8,20.3,Tom T,1891.9,1867.6,-24.3,0.327,0.673
2026-03-10,L17-18,(W) Colin R - Andy R,Colin R,1790.2,1801.4,11.2,Andy R,1699.8,1686.3,-13.5,0.627,0.373
2026-03-10,L19-20,(W) Fergus - Kirill,Fergus,1675.3,1696.1,20.8,Kirill,1729.0,1708.2,-20.8,0.423,0.577
2026-03-10,L21-22,(W) Caden - Joshua,Caden,1724.6,1737.1,12.5,Joshua,1664.5,1652.0,-12.5,0.586,0.414
2026-03-10,L23-24,(W) Angelica - Alix S,Angelica,1648.7,1669.2,20.5,Alix S,1596.6,1581.3,-15.4,0.574,0.426
2026-03-17,Poule,(W) James S 5-3 Eugene,James S,1856.7,1857.8,1.1,Eugene,1694.7,1693.9,-0.8,0.718,0.032
2026-03-17,Poule,(W) Steph 5-3 Greg,Steph,1864.8,1877.6,12.8,Greg,2066.3,2053.5,-12.8,0.239,0.511
2026-03-17,Poule,(W) Kirill 5-3 Matilda,Kirill,1708.2,1714.4,6.2,Matilda,1677.8,1671.6,-6.2,0.544,0.206
2026-03-17,Poule,(W) Kirill 5-3 Eugene,Kirill,1714.4,1721.0,6.6,Eugene,1693.9,1688.4,-5.5,0.529,0.221
2026-03-17,Poule,(W) Alix S 5-3 Steph,Alix S,1581.3,1599.2,17.9,Steph,1877.6,1862.7,-14.9,0.154,0.596
2026-03-17,Poule,(W) Alejo 5-0 Eugene,Alejo,2114.4,2116.4,2.0,Eugene,1688.4,1686.4,-2.0,0.921,0.079
2026-03-17,Poule,(W) Alejo 5-3 Kirill,Alejo,2116.4,2112.5,-3.9,Kirill,1721.0,1725.7,4.7,0.907,0.157
2026-03-17,Poule,(W) Marg 5-4 Marinko,Marg,1729.0,1731.9,2.9,Marinko,1704.4,1701.0,-3.4,0.535,0.115
2026-03-17,Poule,(W) Steph 5-2 Marg,Steph,1862.7,1866.9,4.3,Marg,1731.9,1727.6,-4.3,0.68,0.17
2026-03-17,Poule,(W) Greg 5-4 Anna A,Greg,2053.5,2049.6,-3.9,Anna A,1805.1,1809.8,4.7,0.807,0.157
2026-03-17,Poule,(W) Anna A 5-4 James S,Anna A,1809.8,1816.4,6.6,James S,1857.8,1850.2,-7.7,0.431,0.219
2026-03-17,Poule,(W) Greg 5-2 Marg,Greg,2049.6,2049.2,-0.4,Marg,1727.6,1728.0,0.4,0.865,0.015
2026-03-17,Poule,(W) Alix S 5-3 Marinko,Alix S,1599.2,1610.9,11.8,Marinko,1701.0,1689.2,-11.8,0.358,0.392
2026-03-17,Poule,(W) Anna A 5-4 Steph,Anna A,1816.4,1823.1,6.7,Steph,1866.9,1861.4,-5.6,0.428,0.222
2026-03-17,Poule,(W) Alejo 5-1 Vadym,Alejo,2112.5,2118.1,5.6,Vadym,1969.1,1963.4,-5.6,0.695,0.225
2026-03-17,Poule,(W) Matilda 5-3 Marinko,Matilda,1671.6,1679.9,8.3,Marinko,1689.2,1680.9,-8.3,0.475,0.275
2026-03-17,Poule,(W) Marg 5-3 Matilda,Marg,1728.0,1732.5,4.5,Matilda,1679.9,1674.4,-5.4,0.569,0.181
2026-03-17,Poule,(W) Vadym 5-1 Marinko,Vadym,1963.4,1965.6,2.1,Marinko,1680.9,1678.4,-2.5,0.836,0.084
2026-03-17,Poule,(W) Greg 5-1 Alix S,Greg,2049.2,2049.1,-0.1,Alix S,1610.9,1611.1,0.2,0.926,0.006
2026-03-17,Poule,(W) Greg 5-1 James S,Greg,2049.1,2053.1,4.0,James S,1850.2,1844.5,-5.6,0.759,0.161
2026-03-17,Poule,(W) Vadym 5-2 Eugene,Vadym,1965.6,1966.0,0.4,Eugene,1686.4,1686.0,-0.4,0.833,0.017
2026-03-17,Poule,(W) Steph 5-2 Eugene,Steph,1861.4,1864.3,2.9,Eugene,1686.0,1683.0,-2.9,0.733,0.117
2026-03-17,Poule,(W) James S 5-3 Matilda,James S,1844.5,1845.3,0.8,Matilda,1674.4,1673.8,-0.7,0.727,0.023
2026-03-17,Poule,(W) Eugene 5-1 Alix S,Eugene,1683.0,1691.0,7.9,Alix S,1611.1,1601.6,-9.5,0.602,0.318
2026-03-17,Poule,(W) Alejo 5-1 Marg,Alejo,2118.1,2118.5,0.5,Marg,1732.5,1732.1,-0.5,0.902,0.018
2026-03-17,Poule,(W) Alix S 5-4 Anna A,Alix S,1601.6,1614.5,12.9,Anna A,1823.1,1810.1,-12.9,0.218,0.432
2026-03-17,Poule,(W) Greg 5-2 Eugene,Greg,2053.1,2052.1,-1.0,Eugene,1691.0,1692.0,1.0,0.889,0.039
2026-03-17,Poule,(W) James S 5-1 Kirill,James S,1845.3,1854.2,8.9,Kirill,1725.7,1718.1,-7.6,0.666,0.254
2026-03-17,Poule,(W) Vadym 5-3 James S,Vadym,1966.0,1968.3,2.4,James S,1854.2,1850.9,-3.3,0.655,0.095
2026-03-17,Poule,(W) Marinko 5-4 Eugene,Marinko,1678.4,1683.5,5.1,Eugene,1692.0,1687.7,-4.2,0.48,0.17
2026-03-17,Poule,(W) Alejo 5-3 Alix S,Alejo,2118.5,2113.6,-4.9,Alix S,1614.5,1620.4,5.9,0.948,0.198
2026-03-17,Poule,(W) Greg 5-1 Marinko,Greg,2052.1,2052.8,0.7,Marinko,1683.5,1682.7,-0.8,0.893,0.027
2026-03-17,Poule,(W) Eugene 5-2 Matilda,Eugene,1687.7,1696.0,8.2,Matilda,1673.8,1663.9,-9.9,0.52,0.33
2026-03-17,Poule,(W) Anna A 5-3 Alejo,Anna A,1810.1,1828.2,18.0,Alejo,2113.6,2098.6,-15.0,0.148,0.602
2026-03-17,Poule,(W) Matilda 5-4 Alix S,Matilda,1663.9,1666.5,2.6,Alix S,1620.4,1617.8,-2.6,0.562,0.088
2026-03-17,Poule,(W) Alejo 5-1 Marinko,Alejo,2098.6,2098.7,0.1,Marinko,1682.7,1682.6,-0.1,0.916,0.004
2026-03-17,Poule,(W) Alejo 5-3 James S,Alejo,2098.7,2097.2,-1.4,James S,1850.9,1852.9,2.0,0.806,0.056
2026-03-17,Poule,(W) Anna A 5-4 Matilda,Anna A,1828.2,1826.1,-2.0,Matilda,1666.5,1668.5,2.0,0.717,0.067
2026-03-17,Poule,(W) Vadym 5-1 Marg,Vadym,1968.3,1971.4,3.1,Marg,1732.1,1729.0,-3.1,0.796,0.124
2026-03-17,Poule,(W) Kirill 5-3 Marinko,Kirill,1718.1,1724.0,6.0,Marinko,1682.6,1676.6,-6.0,0.551,0.199
2026-03-17,Poule,(W) Greg 5-3 Alejo,Greg,2052.8,2060.7,7.8,Alejo,2097.2,2089.4,-7.8,0.436,0.314
2026-03-17,Poule,(W) Anna A 5-4 Marg,Anna A,1826.1,1826.5,0.4,Marg,1729.0,1728.6,-0.3,0.636,0.014
2026-03-17,Poule,(W) Anna A 5-3 Kirill,Anna A,1826.5,1829.7,3.2,Kirill,1724.0,1720.9,-3.2,0.643,0.107
2026-03-17,Poule,(W) Vadym 5-1 Alix S,Vadym,1971.4,1972.3,0.9,Alix S,1617.8,1616.7,-1.1,0.884,0.036
2026-03-17,Poule,(W) Vadym 5-4 Steph,Vadym,1972.3,1972.3,-0.0,Steph,1864.3,1864.3,0.0,0.651,0.001
2026-03-17,Poule,(W) James S 5-3 Steph,James S,1852.9,1862.2,9.3,Steph,1864.3,1857.7,-6.7,0.484,0.266
2026-03-17,Poule,(W) Greg 5-2 Matilda,Greg,2060.7,2059.3,-1.4,Matilda,1668.5,1670.2,1.7,0.905,0.055
2026-03-17,L1-16,(W) Matilda - Alix S,Matilda,1670.2,1684.9,14.8,Alix S,1616.7,1602.0,-14.8,0.576,0.424
2026-03-17,L1-16,(W) James S - Marinko,James S,1862.2,1872.6,10.4,Marinko,1676.6,1667.7,-8.9,0.744,0.256
2026-03-17,L1-16,(W) Kirill - Eugene,Kirill,1720.9,1737.0,16.2,Eugene,1696.0,1682.5,-13.5,0.536,0.464
2026-03-17,L1-8,(W) Greg - Matilda,Greg,2059.3,2063.3,4.0,Matilda,1684.9,1680.1,-4.8,0.896,0.104
2026-03-17,L1-8,(W) Anna A - Steph,Anna A,1829.7,1854.8,25.1,Steph,1857.7,1836.7,-20.9,0.46,0.54
2026-03-17,L1-8,(W) Vadym - James S,Vadym,1972.3,1986.3,14.0,James S,1872.6,1853.1,-19.5,0.64,0.36
2026-03-17,L1-8,(W) Alejo - Kirill,Alejo,2089.4,2093.9,4.5,Kirill,1737.0,1731.6,-5.4,0.884,0.116
2026-03-17,L1-4,(W) Greg - Anna A,Greg,2063.3,2076.7,13.4,Anna A,1854.8,1838.7,-16.1,0.769,0.231
2026-03-17,L1-4,(W) Alejo - Vadym,Alejo,2093.9,2114.2,20.3,Vadym,1986.3,1966.0,-20.3,0.65,0.35
2026-03-17,L5-8,(W) Steph - Matilda,Steph,1836.7,1847.9,11.2,Matilda,1680.1,1666.7,-13.4,0.711,0.289
2026-03-17,L5-8,(W) James S - Kirill,James S,1853.1,1871.1,18.0,Kirill,1731.6,1716.2,-15.4,0.668,0.332
2026-03-17,L9-12,(W) Marinko - Eugene,Marinko,1667.7,1685.9,18.2,Eugene,1682.5,1667.3,-15.1,0.479,0.521
2026-03-17,L1-2,(W) Greg - Alejo,Greg,2076.7,2119.6,42.9,Alejo,2114.2,2071.3,-42.9,0.446,0.554
2026-03-17,L3-4,(W) Vadym - Anna A,Vadym,1966.0,1978.5,12.6,Anna A,1838.7,1823.6,-15.1,0.675,0.325
2026-03-17,L5-6,(W) James S - Steph,James S,1871.1,1883.7,12.7,Steph,1847.9,1838.9,-9.0,0.533,0.467
2026-03-17,L9-10,(W) Marinko - Alix S,Marinko,1685.9,1694.7,8.9,Alix S,1602.0,1593.1,-8.9,0.618,0.382
2026-03-24,Poule,(W) Fassel 5-2 Marg,Fassel,2009.6,2010.0,0.4,Marg,1728.6,1728.2,-0.4,0.834,0.016
2026-03-24,Poule,(W) Darran 5-3 Ed B,Darran,1926.9,1932.4,5.5,Ed B,1880.6,1873.3,-7.4,0.566,0.184
2026-03-24,Poule,(W) Greg 5-2 Ed B,Greg,2144.6,2145.2,0.6,Ed B,1873.3,1872.3,-0.9,0.827,0.023
2026-03-24,Poule,(W) Max V 5-4 Fassel,Max V,1735.5,1754.7,19.2,Fassel,2010.0,1998.0,-12.0,0.171,0.479
2026-03-24,Poule,(W) Adam S 5-2 Eugene,Adam S,1819.8,1825.5,5.7,Eugene,1667.3,1663.8,-3.6,0.706,0.144
2026-03-24,Poule,(W) Marinko 5-4 Tom T,Marinko,1694.7,1706.1,11.4,Tom T,1867.6,1856.1,-11.4,0.27,0.38
2026-03-24,Poule,(W) Fassel 5-2 Willie,Fassel,1998.0,2012.1,14.1,Willie,2156.3,2142.2,-14.1,0.287,0.563
2026-03-24,Poule,(W) Pierre 5-0 Eugene,Pierre,1885.3,1893.0,7.6,Eugene,1663.8,1658.3,-5.5,0.782,0.218
2026-03-24,Poule,(W) Kirill 5-4 Oleg,Kirill,1716.2,1731.3,15.1,Oleg,2021.9,2006.8,-15.1,0.147,0.503
2026-03-24,Poule,(W) Eugene 5-1 Marinko,Eugene,1658.3,1670.5,12.2,Marinko,1706.1,1691.5,-14.7,0.432,0.488
2026-03-24,Poule,(W) Oleg 5-2 Eugene,Oleg,2006.8,2006.1,-0.7,Eugene,1670.5,1671.1,0.6,0.874,0.024
2026-03-24,Poule,(W) Tom T 5-3 Adam S,Tom T,1856.1,1862.3,6.2,Adam S,1825.5,1818.3,-7.2,0.544,0.206
2026-03-24,Poule,(W) Greg 5-2 Idris,Greg,2145.2,2144.5,-0.7,Idris,1800,1801.2,1.2,0.879,0.029
2026-03-24,Poule,(W) Fassel 5-2 Vivian,Fassel,2012.1,2018.5,6.4,Vivian,1944.8,1938.5,-6.4,0.596,0.254
2026-03-24,Poule,(W) Caden 5-4 Ed B,Caden,1737.1,1745.5,8.4,Ed B,1872.3,1858.9,-13.4,0.315,0.335
2026-03-24,Poule,(W) Kirill 5-3 Idris,Kirill,1731.3,1741.8,10.5,Idris,1801.2,1787.2,-14.0,0.401,0.349
2026-03-24,Poule,(W) Kirill 5-3 Will P,Kirill,1741.8,1749.5,7.8,Will P,1748.0,1741.5,-6.5,0.491,0.259
2026-03-24,Poule,(W) Pierre 5-3 Will P,Pierre,1893.0,1894.5,1.6,Will P,1741.5,1740.4,-1.1,0.705,0.045
2026-03-24,Poule,(W) Eric L 5-3 Caden,Eric L,2118.9,2115.2,-3.6,Caden,1745.5,1749.1,3.6,0.896,0.146
2026-03-24,Poule,(W) Max V 5-0 James S,Max V,1754.7,1781.8,27.1,James S,1883.7,1860.0,-23.7,0.322,0.678
2026-03-24,Poule,(W) Vincent 5-3 Eugene,Vincent,1912.7,1911.4,-1.3,Eugene,1671.1,1672.4,1.3,0.801,0.051
2026-03-24,Poule,(W) Tom T 5-3 Eric L,Tom T,1862.3,1879.2,16.8,Eric L,2115.2,2101.2,-14.0,0.189,0.561
2026-03-24,Poule,(W) Eugene 5-4 Will P,Eugene,1672.4,1678.5,6.2,Will P,1740.4,1734.2,-6.2,0.403,0.247
2026-03-24,Poule,(W) Tom T 5-4 Idris,Tom T,1879.2,1879.8,0.6,Idris,1787.2,1786.4,-0.8,0.629,0.021
2026-03-24,Poule,(W) Fergus 5-2 Tom T,Fergus,1696.1,1713.9,17.8,Tom T,1879.8,1862.0,-17.8,0.258,0.592
2026-03-24,Poule,(W) Fassel 5-2 Eugene,Fassel,2018.5,2017.8,-0.7,Eugene,1678.5,1679.2,0.7,0.876,0.026
2026-03-24,Poule,(W) Tom T 5-2 Vivian,Tom T,1862.0,1875.8,13.7,Vivian,1938.5,1927.0,-11.5,0.392,0.458
2026-03-24,Poule,(W) Pierre 5-3 Fassel,Pierre,1894.5,1909.2,14.7,Fassel,2017.8,2007.3,-10.5,0.33,0.42
2026-03-24,Poule,(W) Vincent 5-1 Will P,Vincent,1911.4,1916.0,4.6,Will P,1734.2,1729.6,-4.6,0.735,0.185
2026-03-24,Poule,(W) Pierre 5-4 Marg,Pierre,1909.2,1906.1,-3.1,Marg,1728.2,1730.5,2.2,0.739,0.089
2026-03-24,Poule,(W) Eric L 5-2 Marg,Eric L,2101.2,2100.1,-1.1,Marg,1730.5,1731.6,1.1,0.894,0.044
2026-03-24,Poule,(W) Adam S 5-1 Kirill,Adam S,1818.3,1829.6,11.3,Kirill,1749.5,1739.9,-9.7,0.598,0.322
2026-03-24,Poule,(W) James S 5-4 Pierre,James S,1860.0,1867.6,7.6,Pierre,1906.1,1898.6,-7.6,0.434,0.216
2026-03-24,Poule,(W) James S 5-0 Will P,James S,1867.6,1878.5,10.9,Will P,1729.6,1721.8,-7.8,0.689,0.311
2026-03-24,Poule,(W) Fassel 5-3 Kirill,Fassel,2007.3,2005.5,-1.8,Kirill,1739.9,1742.1,2.2,0.823,0.073
2026-03-24,Poule,(W) Vincent 5-0 Perth,Vincent,1916.0,1922.4,6.4,Perth,1729.8,1720.8,-8.9,0.745,0.255
2026-03-24,Poule,(W) Fassel 5-4 Will P,Fassel,2005.5,2000.8,-4.7,Will P,1721.8,1726.5,4.7,0.837,0.187
2026-03-24,Poule,(W) Will P 5-2 Perth,Will P,1726.5,1735.0,8.5,Perth,1720.8,1708.9,-12.0,0.508,0.342
2026-03-24,Poule,(W) Greg 5-4 Oleg,Greg,2144.5,2143.5,-1.0,Oleg,2006.1,2007.3,1.2,0.689,0.039
2026-03-24,Poule,(W) Greg 5-3 Willie,Greg,2143.5,2149.7,6.2,Willie,2142.2,2136.0,-6.2,0.502,0.248
2026-03-24,Poule,(W) Willie 5-2 Kirill,Willie,2136.0,2134.6,-1.4,Kirill,1742.1,1743.8,1.7,0.906,0.056
2026-03-24,Poule,(W) Tom T 5-2 Perth,Tom T,1875.8,1879.6,3.8,Perth,1708.9,1704.4,-4.4,0.723,0.127
2026-03-24,Poule,(W) Willie 5-2 Will P,Willie,2134.6,2133.2,-1.5,Will P,1735.0,1736.5,1.5,0.909,0.059
2026-03-24,Poule,(W) Vincent 5-3 Fergus,Vincent,1922.4,1921.9,-0.5,Fergus,1713.9,1714.4,0.6,0.769,0.019
2026-03-24,Poule,(W) Darran 5-1 Adam S,Darran,1932.4,1940.7,8.3,Adam S,1829.6,1819.9,-9.7,0.644,0.276
2026-03-24,Poule,(W) Max V 5-2 Ed B,Max V,1781.8,1800.2,18.4,Ed B,1858.9,1840.6,-18.4,0.391,0.459
2026-03-24,Poule,(W) James S 5-4 Marinko,James S,1878.5,1875.1,-3.4,Marinko,1691.5,1694.3,2.9,0.746,0.096
2026-03-24,Poule,(W) Caden 5-3 Kirill,Caden,1749.1,1755.2,6.1,Kirill,1743.8,1736.5,-7.3,0.508,0.242
2026-03-24,Poule,(W) Will P 5-3 Marinko,Will P,1736.5,1741.2,4.7,Marinko,1694.3,1688.7,-5.7,0.56,0.19
2026-03-24,Poule,(W) Eric L 5-3 Max V,Eric L,2100.1,2097.6,-2.5,Max V,1800.2,1804.1,4.0,0.849,0.099
2026-03-24,Poule,(W) James S 5-3 Marg,James S,1875.1,1877.0,1.9,Marg,1731.6,1730.2,-1.4,0.696,0.054
2026-03-24,Poule,(W) Pierre 5-1 Idris,Pierre,1898.6,1907.8,9.2,Idris,1786.4,1775.8,-10.6,0.656,0.264
2026-03-24,Poule,(W) Oleg 5-2 Eric L,Oleg,2007.3,2021.6,14.3,Eric L,2097.6,2085.7,-11.9,0.373,0.477
2026-03-24,Poule,(W) Vincent 5-4 Idris,Vincent,1921.9,1920.7,-1.2,Idris,1775.8,1777.8,1.9,0.699,0.049
2026-03-24,Poule,(W) Vincent 5-4 Ed B,Vincent,1920.7,1921.6,0.9,Ed B,1840.6,1839.1,-1.5,0.613,0.037
2026-03-24,Poule,(W) Eugene 5-3 Vivian,Eugene,1679.2,1693.1,13.9,Vivian,1927.0,1913.1,-13.9,0.194,0.556
2026-03-24,Poule,(W) Pierre 5-4 Greg,Pierre,1907.8,1923.6,15.8,Greg,2149.7,2138.4,-11.3,0.199,0.451
2026-03-24,Poule,(W) Vivian 5-3 Marinko,Vivian,1913.1,1912.2,-0.9,Marinko,1688.7,1689.7,1.0,0.784,0.034
2026-03-24,Poule,(W) Perth 5-4 Marinko,Perth,1704.4,1708.9,4.5,Marinko,1689.7,1685.8,-3.9,0.521,0.129
2026-03-24,Poule,(W) Adam S 5-2 Eric L,Adam S,1819.9,1843.4,23.5,Eric L,2085.7,2068.9,-16.8,0.178,0.672
2026-03-24,Poule,(W) Oleg 5-4 Vivian,Oleg,2021.6,2021.5,-0.1,Vivian,1912.2,1912.3,0.1,0.652,0.002
2026-03-24,Poule,(W) Darran 5-3 Max V,Darran,1940.7,1942.6,1.9,Max V,1804.1,1801.6,-2.5,0.687,0.063
2026-03-24,Poule,(W) Perth 5-4 Fergus,Perth,1708.9,1714.5,5.5,Fergus,1714.4,1709.7,-4.7,0.492,0.158
2026-03-24,Poule,(W) James S 5-4 Willie,James S,1877.0,1893.3,16.2,Willie,2133.2,2121.6,-11.6,0.186,0.464
2026-03-24,Poule,(W) Pierre 5-1 Willie,Pierre,1923.6,1947.3,23.7,Willie,2121.6,2104.6,-16.9,0.242,0.678
2026-03-24,Poule,(W) Fassel 5-3 Caden,Fassel,2000.8,1999.4,-1.4,Caden,1755.2,1756.5,1.4,0.804,0.054
2026-03-24,Poule,(W) Pierre 5-4 Max V,Pierre,1947.3,1945.6,-1.7,Max V,1801.6,1803.5,1.9,0.698,0.048
2026-03-24,Poule,(W) Greg 5-2 Eugene,Greg,2138.4,2136.5,-2.0,Eugene,1693.1,1695.1,2.0,0.928,0.078
2026-03-24,Poule,(W) Vivian 5-1 Willie,Vivian,1912.3,1929.1,16.8,Willie,2104.6,2087.8,-16.8,0.248,0.672
2026-03-24,Poule,(W) Fassel 5-2 Perth,Fassel,1999.4,1999.8,0.3,Perth,1714.5,1714.0,-0.4,0.838,0.012
2026-03-24,Poule,(W) Oleg 5-2 Marg,Oleg,2021.5,2021.7,0.2,Marg,1730.2,1730.0,-0.2,0.842,0.008
2026-03-24,Poule,(W) Adam S 5-4 Fergus,Adam S,1843.4,1842.3,-1.2,Fergus,1709.7,1710.7,1.0,0.683,0.033
2026-03-24,Poule,(W) Willie 5-4 Perth,Willie,2087.8,2081.7,-6.1,Perth,1714.0,1722.6,8.6,0.896,0.246
2026-03-24,Poule,(W) Ed B 5-3 Willie,Ed B,1839.1,1861.2,22.1,Willie,2081.7,2067.9,-13.8,0.198,0.552
2026-03-24,Poule,(W) Vincent 5-4 Kirill,Vincent,1921.6,1919.3,-2.3,Kirill,1736.5,1739.3,2.8,0.744,0.094
2026-03-24,Poule,(W) Darran 5-3 Kirill,Darran,1942.6,1942.2,-0.4,Kirill,1739.3,1739.7,0.4,0.763,0.013
2026-03-24,Poule,(W) Caden 5-3 Marg,Caden,1756.5,1761.8,5.3,Marg,1730.0,1724.7,-5.3,0.538,0.212
2026-03-24,Poule,(W) Greg 5-0 Fergus,Greg,2136.5,2138.5,2.0,Fergus,1710.7,1708.3,-2.4,0.921,0.079
2026-03-24,Poule,(W) Darran 5-3 Will P,Darran,1942.2,1941.9,-0.3,Will P,1741.2,1741.5,0.3,0.761,0.011
2026-03-24,Poule,(W) Vincent 5-1 Marg,Vincent,1919.3,1923.4,4.2,Marg,1724.7,1720.6,-4.2,0.754,0.166
2026-03-24,Poule,(W) Darran 5-4 Idris,Darran,1941.9,1939.8,-2.1,Idris,1777.8,1780.6,2.8,0.72,0.07
2026-03-24,Poule,(W) Eric L 5-3 Willie,Eric L,2068.9,2075.1,6.2,Willie,2067.9,2061.7,-6.2,0.501,0.249
2026-03-24,Poule,(W) Will P 5-4 Fergus,Will P,1741.5,1744.1,2.6,Fergus,1708.3,1705.2,-3.1,0.548,0.102
2026-03-24,Poule,(W) Adam S 5-4 James S,Adam S,1842.3,1850.1,7.8,James S,1893.3,1886.6,-6.7,0.427,0.223
2026-03-24,Poule,(W) Greg 5-4 Eric L,Greg,2138.5,2139.9,1.5,Eric L,2075.1,2073.6,-1.5,0.59,0.06
2026-03-24,Poule,(W) Vincent 5-0 Vivian,Vincent,1923.4,1936.1,12.7,Vivian,1929.1,1916.4,-12.7,0.492,0.508
2026-03-24,Poule,(W) Kirill 5-4 Pierre,Kirill,1739.7,1752.2,12.5,Pierre,1945.6,1931.1,-14.6,0.234,0.416
2026-03-24,Poule,(W) James S 5-4 Perth,James S,1886.6,1884.5,-2.1,Perth,1722.6,1725.1,2.4,0.72,0.07
2026-03-24,Poule,(W) Greg 5-1 Marg,Greg,2139.9,2140.0,0.1,Marg,1720.6,1720.5,-0.1,0.918,0.002
2026-03-24,Poule,(W) Caden 5-4 Vincent,Caden,1761.8,1771.4,9.5,Vincent,1936.1,1926.6,-9.5,0.268,0.382
2026-03-24,Poule,(W) Pierre 5-2 Ed B,Pierre,1931.1,1939.8,8.8,Ed B,1861.2,1851.1,-10.0,0.599,0.251
2026-03-24,Poule,(W) Max V 5-1 Fergus,Max V,1803.5,1814.8,11.3,Fergus,1705.2,1696.8,-8.5,0.638,0.282
2026-03-24,L1-32,(W) Vivian - Will P,Vivian,1916.4,1925.4,9.1,Will P,1744.1,1735.0,-9.1,0.729,0.271
2026-03-24,L1-32,(W) Eric L - Marinko,Eric L,2073.6,2076.9,3.2,Marinko,1685.8,1681.9,-3.9,0.903,0.097
2026-03-24,L1-32,(W) Fergus - Kirill,Fergus,1696.8,1720.1,23.3,Kirill,1752.2,1728.9,-23.3,0.421,0.579
2026-03-24,L1-32,(W) Ed B - Willie,Ed B,1851.1,1892.4,41.3,Willie,2061.7,2035.9,-25.8,0.229,0.771
2026-03-24,L1-32,(W) Jamie S - Caden,Jamie S,1800,1824.6,24.6,Caden,1771.4,1756.0,-15.4,0.541,0.459
2026-03-24,L1-32,(W) Eugene - Perth,Eugene,1695.1,1713.3,18.2,Perth,1725.1,1699.6,-25.5,0.457,0.543
2026-03-24,L1-16,(W) Vivian - Vincent,Vivian,1925.4,1945.6,20.2,Vincent,1926.6,1906.4,-20.2,0.498,0.502
2026-03-24,L1-16,(W) Adam S - Max V,Adam S,1850.1,1875.4,25.3,Max V,1814.8,1785.9,-28.9,0.551,0.449
2026-03-24,L1-16,(W) Darran - Eric L,Darran,1939.8,1973.0,33.2,Eric L,2076.9,2049.2,-27.7,0.312,0.688
2026-03-24,L1-16,(W) Greg - Fergus,Greg,2140.0,2143.3,3.3,Fergus,1720.1,1716.1,-4.0,0.918,0.082
2026-03-24,L1-16,(W) Ed B - Pierre,Ed B,1892.4,1929.0,36.5,Pierre,1939.8,1907.9,-32.0,0.432,0.568
2026-03-24,L1-16,(W) James S - Jamie S,James S,1884.5,1904.5,20.0,Jamie S,1824.6,1797.9,-26.7,0.585,0.415
2026-03-24,L1-16,(W) Fassel - Eugene,Fassel,1999.8,2006.2,6.5,Eugene,1713.3,1706.8,-6.5,0.839,0.161
2026-03-24,L1-8,(W) Vivian - Adam S,Vivian,1945.6,1967.1,21.5,Adam S,1875.4,1845.3,-30.0,0.6,0.4
2026-03-24,L1-8,(W) Greg - Darran,Greg,2143.3,2157.9,14.6,Darran,1973.0,1955.4,-17.6,0.727,0.273
2026-03-24,L1-8,(W) James S - Ed B,James S,1904.5,1938.9,34.4,Ed B,1929.0,1883.1,-45.9,0.465,0.535
2026-03-24,L9-16,(W) Vincent - Max V,Vincent,1906.4,1919.8,13.4,Max V,1785.9,1764.5,-21.4,0.667,0.333
2026-03-24,L9-16,(W) Eric L - Fergus,Eric L,2049.2,2054.4,5.2,Fergus,1716.1,1709.9,-6.2,0.872,0.128
2026-03-24,L9-16,(W) Jamie S - Pierre,Jamie S,1797.9,1839.9,42.0,Pierre,1907.9,1871.1,-36.8,0.347,0.653
2026-03-24,L9-16,(W) Tom T - Eugene,Tom T,1879.6,1892.6,13.0,Eugene,1706.8,1695.9,-10.9,0.73,0.27
2026-03-24,L17-24,(W) Kirill - Marinko,Kirill,1728.9,1742.8,13.9,Marinko,1681.9,1668.0,-13.9,0.567,0.433
2026-03-24,L17-24,(W) Willie - Caden,Willie,2035.9,2040.3,4.5,Caden,1756.0,1751.5,-4.5,0.834,0.166
2026-03-24,L1-4,(W) Greg - Vivian,Greg,2157.9,2178.0,20.1,Vivian,1967.1,1947.0,-20.1,0.75,0.25
2026-03-24,L1-4,(W) Fassel - James S,Fassel,2006.2,2038.8,32.5,James S,1938.9,1899.9,-39.0,0.596,0.404
2026-03-24,L5-8,(W) Darran - Adam S,Darran,1955.4,1977.7,22.3,Adam S,1845.3,1819.3,-26.0,0.653,0.347
2026-03-24,L9-12,(W) Eric L - Vincent,Eric L,2054.4,2067.1,12.7,Vincent,1919.8,1907.1,-12.7,0.684,0.316
2026-03-24,L9-12,(W) Jamie S - Tom T,Jamie S,1839.9,1877.0,37.0,Tom T,1892.6,1864.8,-27.8,0.425,0.575
2026-03-24,L13-16,(W) Max V - Fergus,Max V,1764.5,1785.1,20.6,Fergus,1709.9,1692.3,-17.7,0.578,0.422
2026-03-24,L13-16,(W) Pierre - Eugene,Pierre,1871.1,1884.1,13.0,Eugene,1695.9,1686.6,-9.3,0.733,0.267
2026-03-24,L17-20,(W) Will P - Kirill,Will P,1735.0,1748.7,13.7,Kirill,1742.8,1726.4,-16.4,0.489,0.511
2026-03-24,L1-2,(W) Fassel - Greg,Fassel,2038.8,2112.8,74.0,Greg,2178.0,2104.0,-74.0,0.31,0.69
2026-03-24,L3-4,(W) Vivian - James S,Vivian,1947.0,1970.2,23.2,James S,1899.9,1872.1,-27.8,0.567,0.433
2026-03-24,L5-6,(W) Darran - Ed B,Darran,1977.7,1989.5,11.8,Ed B,1883.1,1867.3,-15.7,0.633,0.367
2026-03-24,L9-10,(W) Eric L - Jamie S,Eric L,2067.1,2073.8,6.7,Jamie S,1877.0,1866.2,-10.8,0.749,0.251
2026-03-24,L11-12,(W) Vincent - Tom T,Vincent,1907.1,1918.9,11.8,Tom T,1864.8,1850.7,-14.1,0.561,0.439
2026-03-24,L13-14,(W) Pierre - Max V,Pierre,1884.1,1897.7,13.6,Max V,1785.1,1771.5,-13.6,0.639,0.361
2026-03-24,L15-16,(W) Eugene - Fergus,Eugene,1686.6,1700.2,13.6,Fergus,1692.3,1675.9,-16.3,0.492,0.508
2026-03-24,L19-20,(W) Kirill - Willie,Kirill,1726.4,1754.0,27.6,Willie,2040.3,2017.3,-23.0,0.141,0.859
2026-04-14,Poule,(W) Andy R 5-4 Nat,Andy R,1686.3,1685.6,-0.7,Nat,1559.6,1560.4,0.7,0.675,0.025
2026-04-14,Poule,(W) Fedor 5-2 Joshua,Fedor,1800,1806.0,6.0,Joshua,1652.0,1648.3,-3.7,0.701,0.149
2026-04-14,Poule,(W) Willie 5-2 Kirill,Willie,2017.3,2018.0,0.8,Kirill,1754.0,1753.1,-0.9,0.82,0.03
2026-04-14,Poule,(W) Fassel 5-1 Benjamin,Fassel,2137.8,2138.9,1.1,Benjamin,1800,1798.2,-1.8,0.875,0.045
2026-04-14,Poule,(W) Alex Y 5-2 Fedor,Alex Y,2191.3,2190.0,-1.3,Fedor,1806.0,1808.0,2.1,0.902,0.052
2026-04-14,Poule,(W) Greg 5-3 Willie,Greg,2119.0,2121.7,2.7,Willie,2018.0,2015.3,-2.7,0.641,0.109
2026-04-14,Poule,(W) Fassel 5-3 Kirill,Fassel,2138.9,2135.1,-3.8,Kirill,1753.1,1757.7,4.6,0.902,0.152
2026-04-14,Poule,(W) Tom T 5-2 Benjamin,Tom T,1850.7,1858.9,8.3,Benjamin,1798.2,1787.2,-11.0,0.575,0.275
2026-04-14,Poule,(W) Will P 5-4 Alex Y,Will P,1748.7,1763.1,14.4,Alex Y,2190.0,2175.5,-14.4,0.073,0.577
2026-04-14,Poule,(W) Greg 5-0 Benjamin,Greg,2121.7,2124.9,3.2,Benjamin,1787.2,1782.1,-5.1,0.873,0.127
2026-04-14,Poule,(W) Richard B 5-2 Sameer,Richard B,1798.4,1814.5,16.1,Sameer,2032.4,2013.1,-19.3,0.206,0.644
2026-04-14,Poule,(W) Fassel 5-2 Sameer,Fassel,2135.1,2139.6,4.5,Sameer,2013.1,2007.6,-5.4,0.669,0.181
2026-04-14,Poule,(W) Lukas N 5-2 Fedor,Lukas N,1786.8,1796.3,9.5,Fedor,1808.0,1792.8,-15.2,0.47,0.38
2026-04-14,Poule,(W) Vincent 5-3 Richard B,Vincent,1918.9,1921.5,2.6,Richard B,1814.5,1811.9,-2.6,0.646,0.104
2026-04-14,Poule,(W) Richard B 5-3 Isra,Richard B,1811.9,1817.7,5.8,Isra,1800,1790.7,-9.3,0.517,0.233
2026-04-14,Poule,(W) Vivian 5-3 Richard B,Vivian,1978.2,1979.0,0.9,Richard B,1817.7,1816.9,-0.9,0.716,0.034
2026-04-14,Poule,(W) Joshua 5-4 Lukas N,Joshua,1648.3,1657.1,8.8,Lukas N,1796.3,1787.6,-8.8,0.299,0.351
2026-04-14,Poule,(W) Alex Y 5-3 Andy R,Alex Y,2175.5,2170.7,-4.8,Andy R,1685.6,1691.4,5.8,0.944,0.194
2026-04-14,Poule,(W) Tom T 5-0 Vincent,Tom T,1858.9,1876.6,17.7,Vincent,1921.5,1906.8,-14.7,0.411,0.589
2026-04-14,Poule,(W) Vincent 5-4 Will P,Vincent,1906.8,1905.7,-1.1,Will P,1763.1,1764.3,1.1,0.696,0.046
2026-04-14,Poule,(W) Anna A 5-1 Nat,Anna A,1828.6,1831.5,2.9,Nat,1560.4,1557.5,-2.9,0.824,0.096
2026-04-14,Poule,(W) Willie 5-3 Will P,Willie,2015.3,2013.8,-1.5,Will P,1764.3,1765.8,1.5,0.809,0.059
2026-04-14,Poule,(W) Lukas N 5-3 Andy R,Lukas N,1787.6,1790.4,2.9,Andy R,1691.4,1687.9,-3.5,0.635,0.115
2026-04-14,Poule,(W) Greg 5-3 Kirill,Greg,2124.9,2121.3,-3.6,Kirill,1757.7,1761.9,4.3,0.892,0.142
2026-04-14,Poule,(W) Lukas N 5-3 Vincent,Lukas N,1790.4,1800.7,10.2,Vincent,1905.7,1895.4,-10.2,0.34,0.41
2026-04-14,Poule,(W) Alex Y 5-4 Vivian,Alex Y,2170.7,2168.2,-2.5,Vivian,1979.0,1981.6,2.5,0.751,0.101
2026-04-14,Poule,(W) Fedor 5-3 Sameer,Fedor,1792.8,1813.8,21.0,Sameer,2007.6,1991.9,-15.7,0.225,0.525
2026-04-14,Poule,(W) Greg 5-4 Joshua,Greg,2121.3,2114.2,-7.1,Joshua,1657.1,1664.2,7.1,0.935,0.285
2026-04-14,Poule,(W) Vincent 5-3 Shevy,Vincent,1895.4,1897.5,2.1,Shevy,1776.7,1774.1,-2.6,0.665,0.085
2026-04-14,Poule,(W) Richard B 5-4 Shevy,Richard B,1816.9,1819.1,2.2,Shevy,1774.1,1771.5,-2.7,0.561,0.089
2026-04-14,Poule,(W) Greg 5-0 Nat,Greg,2114.2,2115.2,1.0,Nat,1557.5,1556.3,-1.2,0.961,0.039
2026-04-14,Poule,(W) Fedor 5-4 Will P,Fedor,1813.8,1817.1,3.3,Will P,1765.8,1763.7,-2.0,0.569,0.081
2026-04-14,Poule,(W) Joshua 5-3 Nat,Joshua,1664.2,1666.7,2.5,Nat,1556.3,1553.3,-3.0,0.65,0.1
2026-04-14,Poule,(W) James S 5-2 Caden,James S,1877.1,1882.4,5.3,Caden,1751.5,1747.1,-4.4,0.673,0.177
2026-04-14,Poule,(W) Caden 5-3 Will P,Caden,1747.1,1754.0,6.8,Will P,1763.7,1756.9,-6.8,0.476,0.274
2026-04-14,Poule,(W) Will P 5-3 Marinko,Will P,1756.9,1760.0,3.1,Marinko,1668.0,1664.3,-3.7,0.625,0.125
2026-04-14,Poule,(W) Alex Y 5-0 James S,Alex Y,2168.2,2172.2,4.0,James S,1882.4,1877.5,-4.9,0.838,0.162
2026-04-14,Poule,(W) Alex Y 5-4 Steph,Alex Y,2172.2,2166.7,-5.6,Steph,1838.9,1844.4,5.6,0.872,0.222
2026-04-14,Poule,(W) Fassel 5-2 Joshua,Fassel,2139.6,2137.4,-2.2,Joshua,1666.7,1668.9,2.2,0.938,0.088
2026-04-14,Poule,(W) Greg 5-3 Vadym,Greg,2115.2,2117.0,1.8,Vadym,1986.5,1984.7,-1.8,0.677,0.073
2026-04-14,Poule,(W) Anna A 5-2 Steph,Anna A,1831.5,1842.6,11.1,Steph,1844.4,1835.2,-9.2,0.481,0.369
2026-04-14,Poule,(W) Vivian 5-2 Steph,Vivian,1981.6,1985.3,3.8,Steph,1835.2,1831.5,-3.8,0.699,0.151
2026-04-14,Poule,(W) Alex Y 5-3 Anna A,Alex Y,2166.7,2163.8,-2.9,Anna A,1842.6,1846.0,3.5,0.866,0.116
2026-04-14,Poule,(W) Vivian 5-3 Will P,Vivian,1985.3,1984.4,-0.9,Will P,1760.0,1760.9,0.9,0.785,0.035
2026-04-14,Poule,(W) Marinko 5-4 Marg,Marinko,1664.3,1671.2,6.9,Marg,1720.5,1714.8,-5.8,0.42,0.23
2026-04-14,Poule,(W) Shevy 5-4 Anna Z,Shevy,1771.5,1779.9,8.4,Anna Z,1865.0,1856.6,-8.4,0.369,0.281
2026-04-14,Poule,(W) Fassel 5-2 Steph,Fassel,2137.4,2137.4,-0.1,Steph,1831.5,1831.5,0.1,0.853,0.003
2026-04-14,Poule,(W) Tom T 5-2 Will P,Tom T,1876.6,1882.3,5.7,Will P,1760.9,1756.2,-4.7,0.661,0.189
2026-04-14,Poule,(W) Alejo 5-3 Shevy,Alejo,2086.3,2083.7,-2.6,Shevy,1779.9,1783.0,3.1,0.854,0.104
2026-04-14,Poule,(W) Caden 5-4 Shevy,Caden,1754.0,1758.8,4.8,Shevy,1783.0,1777.3,-5.8,0.458,0.192
2026-04-14,Poule,(W) Steph 5-1 Nat,Steph,1831.5,1833.7,2.2,Nat,1553.3,1550.7,-2.6,0.832,0.088
2026-04-14,Poule,(W) Sameer 5-4 Vivian,Sameer,1991.9,1996.1,4.2,Vivian,1984.4,1981.0,-3.5,0.511,0.139
2026-04-14,Poule,(W) Sameer 5-4 Benjamin,Sameer,1996.1,1992.4,-3.7,Benjamin,1782.1,1787.1,5.0,0.774,0.124
2026-04-14,Poule,(W) Alejo 5-2 Marg,Alejo,2083.7,2082.7,-1.1,Marg,1714.8,1715.9,1.1,0.893,0.043
2026-04-14,Poule,(W) Tom T 5-2 Steph,Tom T,1882.3,1890.7,8.4,Steph,1833.7,1826.7,-7.0,0.569,0.281
2026-04-14,Poule,(W) Steph 5-2 Vadym,Steph,1826.7,1840.8,14.1,Vadym,1984.7,1970.6,-14.1,0.287,0.563
2026-04-14,Poule,(W) Willie 5-1 James S,Willie,2013.8,2019.7,5.8,James S,1877.5,1870.5,-7.0,0.687,0.233
2026-04-14,Poule,(W) Caden 5-3 Willie,Caden,1758.8,1772.9,14.2,Willie,2019.7,2005.5,-14.2,0.182,0.568
2026-04-14,Poule,(W) Anna Z 5-0 Willie,Anna Z,1856.6,1877.6,21.1,Willie,2005.5,1987.9,-17.6,0.298,0.702
2026-04-14,Poule,(W) Tom T 5-2 Fedor,Tom T,1890.7,1898.1,7.4,Fedor,1817.1,1807.2,-9.8,0.604,0.246
2026-04-14,Poule,(W) Vadym 5-3 Fedor,Vadym,1970.6,1971.4,0.8,Fedor,1807.2,1806.0,-1.2,0.719,0.031
2026-04-14,Poule,(W) Marinko 5-1 Caden,Marinko,1671.2,1688.0,16.9,Caden,1772.9,1758.9,-14.1,0.358,0.562
2026-04-14,Poule,(W) Steph 5-4 Lukas N,Steph,1840.8,1843.1,2.3,Lukas N,1800.7,1798.4,-2.3,0.557,0.093
2026-04-14,Poule,(W) Fedor 5-2 Kirill,Fedor,1806.0,1817.5,11.5,Kirill,1761.9,1753.3,-8.6,0.563,0.287
2026-04-14,Poule,(W) Willie 5-3 Lukas N,Willie,1987.9,1988.0,0.0,Lukas N,1798.4,1798.3,-0.0,0.749,0.001
2026-04-14,Poule,(W) James S 5-3 Isra,James S,1870.5,1874.6,4.1,Isra,1790.7,1785.2,-5.5,0.613,0.137
2026-04-14,Poule,(W) Willie 5-3 Anna A,Willie,1988.0,1989.4,1.4,Anna A,1846.0,1844.3,-1.7,0.694,0.056
2026-04-14,Poule,(W) Richard B 5-4 Andy R,Richard B,1819.1,1818.4,-0.8,Andy R,1687.9,1688.8,0.9,0.68,0.03
2026-04-14,Poule,(W) Greg 5-0 Andy R,Greg,2117.0,2119.0,2.0,Andy R,1688.8,1686.5,-2.4,0.922,0.078
2026-04-14,Poule,(W) Benjamin 5-2 Vincent,Benjamin,1787.1,1807.2,20.2,Vincent,1897.5,1884.9,-12.6,0.346,0.504
2026-04-14,Poule,(W) Alex Y 5-1 Anna Z,Alex Y,2163.8,2165.8,2.0,Anna Z,1877.6,1875.2,-2.4,0.839,0.081
2026-04-14,Poule,(W) Greg 5-4 Isra,Greg,2119.0,2113.4,-5.6,Isra,1785.2,1794.1,8.9,0.872,0.222
2026-04-14,Poule,(W) Lukas N 5-1 Nat,Lukas N,1798.3,1801.2,2.8,Nat,1550.7,1547.3,-3.4,0.806,0.114
2026-04-14,Poule,(W) Tom T 5-1 Alex Y,Tom T,1898.1,1920.4,22.3,Alex Y,2165.8,2147.2,-18.6,0.176,0.744
2026-04-14,Poule,(W) Steph 5-1 Joshua,Steph,1843.1,1847.8,4.7,Joshua,1668.9,1664.2,-4.7,0.732,0.188
2026-04-14,Poule,(W) Lukas N 5-2 Richard B,Lukas N,1801.2,1810.5,9.4,Richard B,1818.4,1809.0,-9.4,0.475,0.375
2026-04-14,Poule,(W) James S 5-3 Alejo,James S,1874.6,1890.2,15.5,Alejo,2082.7,2069.7,-13.0,0.232,0.518
2026-04-14,Poule,(W) Lukas N 5-4 Anna Z,Lukas N,1810.5,1816.6,6.0,Anna Z,1875.2,1867.9,-7.3,0.408,0.242
2026-04-14,Poule,(W) Tom T 5-0 Nat,Tom T,1920.4,1923.5,3.1,Nat,1547.3,1544.2,-3.1,0.895,0.105
2026-04-14,Poule,(W) Marinko 5-2 Joshua,Marinko,1688.0,1697.5,9.5,Joshua,1664.2,1656.3,-7.9,0.534,0.316
2026-04-14,Poule,(W) James S 5-0 Fedor,James S,1890.2,1902.1,11.9,Fedor,1817.5,1801.6,-15.9,0.603,0.397
2026-04-14,Poule,(W) Marg 5-4 Anna Z,Marg,1715.9,1724.8,8.9,Anna Z,1867.9,1857.2,-10.7,0.294,0.356
2026-04-14,Poule,(W) Shevy 5-4 Vivian,Shevy,1777.3,1789.7,12.4,Vivian,1981.0,1970.6,-10.3,0.236,0.414
2026-04-14,Poule,(W) Fedor 5-3 Nat,Fedor,1801.6,1799.0,-2.6,Nat,1544.2,1546.1,1.9,0.815,0.065
2026-04-14,Poule,(W) Richard B 5-1 Joshua,Richard B,1809.0,1814.3,5.3,Joshua,1656.3,1651.0,-5.3,0.707,0.213
2026-04-14,Poule,(W) Fassel 5-3 Vincent,Fassel,2137.4,2135.8,-1.5,Vincent,1884.9,1886.5,1.5,0.81,0.06
2026-04-14,Poule,(W) Anna Z 5-2 Anna A,Anna Z,1857.2,1867.2,9.9,Anna A,1844.3,1834.4,-9.9,0.519,0.331
2026-04-14,Poule,(W) Anna Z 5-2 Vadym,Anna Z,1867.2,1882.0,14.9,Vadym,1971.4,1959.0,-12.4,0.354,0.496
2026-04-14,Poule,(W) Andy R 5-4 Kirill,Andy R,1686.5,1693.8,7.4,Kirill,1753.3,1746.0,-7.4,0.405,0.245
2026-04-14,Poule,(W) Alejo 5-2 Steph,Alejo,2069.7,2071.4,1.7,Steph,1847.8,1846.1,-1.7,0.782,0.068
2026-04-14,Poule,(W) Tom T 5-2 Isra,Tom T,1923.5,1928.7,5.2,Isra,1794.1,1787.2,-6.9,0.678,0.172
2026-04-14,Poule,(W) Steph 5-4 Marinko,Steph,1846.1,1844.8,-1.3,Marinko,1697.5,1699.1,1.6,0.702,0.052
2026-04-14,Poule,(W) Shevy 5-4 Marinko,Shevy,1789.7,1790.3,0.7,Marinko,1699.1,1698.4,-0.7,0.628,0.022
2026-04-14,Poule,(W) Alex Y 5-3 Alejo,Alex Y,2147.2,2150.8,3.6,Alejo,2071.4,2067.8,-3.6,0.607,0.143
2026-04-14,Poule,(W) Alex Y 5-4 Benjamin,Alex Y,2150.8,2145.1,-5.7,Benjamin,1807.2,1816.4,9.1,0.878,0.228
2026-04-14,Poule,(W) Fassel 5-2 Anna A,Fassel,2135.8,2135.8,-0.0,Anna A,1834.4,1834.4,0.0,0.85,0.0
2026-04-14,Poule,(W) Lukas N 5-3 Isra,Lukas N,1816.6,1821.8,5.2,Isra,1787.2,1778.9,-8.3,0.542,0.208
2026-04-14,Poule,(W) Anna A 5-3 Caden,Anna A,1834.4,1838.7,4.3,Caden,1758.9,1755.3,-3.6,0.607,0.143
2026-04-14,Poule,(W) Lukas N 5-0 Sameer,Lukas N,1821.8,1840.0,18.2,Sameer,1992.4,1970.5,-21.8,0.273,0.727
2026-04-14,Poule,(W) Willie 5-2 Joshua,Willie,1989.4,1988.7,-0.6,Joshua,1651.0,1651.6,0.6,0.875,0.025
2026-04-14,Poule,(W) Fassel 5-3 Caden,Fassel,2135.8,2132.1,-3.7,Caden,1755.3,1759.0,3.7,0.899,0.149
2026-04-14,Poule,(W) Tom T 5-2 Anna Z,Tom T,1928.7,1937.2,8.5,Anna Z,1882.0,1873.5,-8.5,0.567,0.283
2026-04-14,Poule,(W) Richard B 5-4 Anna Z,Richard B,1814.3,1820.2,5.9,Anna Z,1873.5,1866.5,-7.0,0.416,0.234
2026-04-14,Poule,(W) Fassel 5-3 Isra,Fassel,2132.1,2128.7,-3.4,Isra,1778.9,1784.3,5.4,0.884,0.134
2026-04-14,Poule,(W) Fassel 5-3 Willie,Fassel,2128.7,2130.2,1.5,Willie,1988.7,1987.3,-1.5,0.691,0.059
2026-04-14,Poule,(W) Andy R 5-4 Vivian,Andy R,1693.8,1708.3,14.4,Vivian,1970.6,1958.6,-12.0,0.169,0.481
2026-04-14,Poule,(W) Fassel 5-3 Vivian,Fassel,2130.2,2130.8,0.5,Vivian,1958.6,1958.1,-0.5,0.729,0.021
2026-04-14,Poule,(W) Kirill 5-3 Isra,Kirill,1746.0,1755.1,9.1,Isra,1784.3,1772.1,-12.2,0.445,0.305
2026-04-14,Poule,(W) Will P 5-3 Nat,Will P,1756.2,1755.6,-0.5,Nat,1546.1,1546.7,0.6,0.77,0.02
2026-04-14,Poule,(W) Alejo 5-3 Marinko,Alejo,2067.8,2064.3,-3.6,Marinko,1698.4,1702.7,4.3,0.893,0.143
2026-04-14,Poule,(W) Shevy 5-4 Greg,Shevy,1790.3,1805.8,15.5,Greg,2113.4,2100.5,-12.9,0.135,0.515
2026-04-14,Poule,(W) Benjamin 5-1 Marg,Benjamin,1816.4,1828.0,11.6,Marg,1724.8,1717.5,-7.3,0.629,0.291
2026-04-14,Poule,(W) Anna A 5-3 Fedor,Anna A,1838.7,1844.5,5.8,Fedor,1799.0,1791.3,-7.7,0.557,0.193
2026-04-14,Poule,(W) Lukas N 5-3 Anna A,Lukas N,1840.0,1846.4,6.4,Anna A,1844.5,1836.8,-7.7,0.494,0.256
2026-04-14,Poule,(W) Willie 5-2 Vincent,Willie,1987.3,1992.5,5.2,Vincent,1886.5,1881.2,-5.2,0.641,0.209
2026-04-14,Poule,(W) Shevy 5-4 Kirill,Shevy,1805.8,1808.1,2.3,Kirill,1755.1,1752.8,-2.3,0.572,0.078
2026-04-14,Poule,(W) Greg 5-0 Lukas N,Greg,2100.5,2105.2,4.7,Lukas N,1846.4,1841.7,-4.7,0.812,0.188
2026-04-14,Poule,(W) Anna A 5-2 Marg,Anna A,1836.8,1842.3,5.5,Marg,1717.5,1712.9,-4.6,0.665,0.185
2026-04-14,Poule,(W) Vivian 5-4 Vincent,Vivian,1958.1,1959.1,1.0,Vincent,1881.2,1880.2,-1.0,0.609,0.041
2026-04-14,Poule,(W) Will P 5-3 Steph,Will P,1755.6,1765.0,9.4,Steph,1844.8,1835.4,-9.4,0.374,0.376
2026-04-14,Poule,(W) Alejo 5-3 Willie,Alejo,2064.3,2068.0,3.7,Willie,1992.5,1988.8,-3.7,0.602,0.148
2026-04-14,Poule,(W) Vivian 5-1 Willie,Vivian,1959.1,1970.7,11.6,Willie,1988.8,1977.2,-11.6,0.457,0.463
2026-04-14,Poule,(W) Fassel 5-3 James S,Fassel,2130.8,2129.8,-1.0,James S,1902.1,1903.2,1.2,0.789,0.039
2026-04-14,Poule,(W) Benjamin 5-4 Vivian,Benjamin,1828.0,1841.8,13.8,Vivian,1970.7,1962.0,-8.6,0.306,0.344
2026-04-14,Poule,(W) Greg 5-3 Anna A,Greg,2105.2,2103.5,-1.7,Anna A,1842.3,1844.4,2.1,0.82,0.07
2026-04-14,L1-32,(W) Anna Z - Marinko,Anna Z,1866.5,1879.0,12.4,Marinko,1702.7,1690.3,-12.4,0.72,0.28
2026-04-14,L1-32,(W) Vivian - Isra,Vivian,1962.0,1971.3,9.3,Isra,1772.1,1757.2,-14.8,0.749,0.251
2026-04-14,L1-32,(W) Alejo - Kirill,Alejo,2068.0,2073.1,5.2,Kirill,1752.8,1746.6,-6.2,0.86,0.14
2026-04-14,L1-32,(W) Vincent - Shevy,Vincent,1880.2,1894.9,14.7,Shevy,1808.1,1790.5,-17.6,0.602,0.398
2026-04-14,L1-32,(W) Steph - Andy R,Steph,1835.4,1847.4,12.0,Andy R,1708.3,1693.9,-14.4,0.675,0.325
2026-04-14,L1-32,(W) Fedor - Caden,Fedor,1791.3,1818.1,26.8,Caden,1759.0,1742.3,-16.8,0.546,0.454
2026-04-14,L1-32,(W) Sameer - Richard B,Sameer,1970.5,1983.7,13.1,Richard B,1820.2,1809.2,-11.0,0.704,0.296
2026-04-14,L1-32,(W) Willie - Nat,Willie,1977.2,1980.1,2.9,Nat,1546.7,1543.3,-3.4,0.923,0.077
2026-04-14,L1-32,(W) Vadym - James S,Vadym,1959.0,1974.6,15.5,James S,1903.2,1884.6,-18.7,0.58,0.42
2026-04-14,L1-32,(W) Anna A - Joshua,Anna A,1844.4,1855.4,11.0,Joshua,1651.6,1642.4,-9.2,0.752,0.248
2026-04-14,L1-32,(W) Will P - Benjamin,Will P,1765.0,1787.5,22.5,Benjamin,1841.8,1805.8,-36.0,0.391,0.609
2026-04-14,L1-16,(W) Fassel - Anna Z,Fassel,2129.8,2138.3,8.5,Anna Z,1879.0,1868.8,-10.2,0.809,0.191
2026-04-14,L1-16,(W) Vivian - Alejo,Vivian,1971.3,1999.8,28.5,Alejo,2073.1,2044.6,-28.5,0.358,0.642
2026-04-14,L1-16,(W) Lukas N - Vincent,Lukas N,1841.7,1867.2,25.6,Vincent,1894.9,1869.4,-25.6,0.424,0.576
2026-04-14,L1-16,(W) Alex Y - Steph,Alex Y,2145.1,2151.8,6.8,Steph,1847.4,1840.7,-6.8,0.847,0.153
2026-04-14,L1-16,(W) Tom T - Fedor,Tom T,1937.2,1955.0,17.8,Fedor,1818.1,1794.3,-23.8,0.665,0.335
2026-04-14,L1-16,(W) Sameer - Willie,Sameer,1983.7,2010.0,26.3,Willie,1980.1,1958.1,-22.0,0.505,0.495
2026-04-14,L1-16,(W) Vadym - Anna A,Vadym,1974.6,1989.4,14.9,Anna A,1855.4,1837.6,-17.8,0.665,0.335
2026-04-14,L1-16,(W) Greg - Will P,Greg,2103.5,2109.7,6.2,Will P,1787.5,1781.4,-6.2,0.86,0.14
2026-04-14,L17-32,(W) Kirill - Isra,Kirill,1746.6,1764.9,18.3,Isra,1757.2,1732.8,-24.4,0.485,0.515
2026-04-14,L17-32,(W) Richard B - Nat,Richard B,1809.2,1814.5,5.3,Nat,1543.3,1537.0,-6.3,0.822,0.178
2026-04-14,L17-32,(W) James S - Joshua,James S,1884.6,1891.6,7.1,Joshua,1642.4,1636.6,-5.9,0.801,0.199
2026-04-14,L1-8,(W) Fassel - Vivian,Fassel,2138.3,2156.6,18.4,Vivian,1999.8,1981.5,-18.4,0.689,0.311
2026-04-14,L1-8,(W) Lukas N - Alex Y,Lukas N,1867.2,1916.8,49.5,Alex Y,2151.8,2102.3,-49.5,0.163,0.837
2026-04-14,L1-8,(W) Sameer - Tom T,Sameer,2010.0,2039.9,29.9,Tom T,1955.0,1925.1,-29.9,0.578,0.422
2026-04-14,L1-8,(W) Greg - Vadym,Greg,2109.7,2129.4,19.7,Vadym,1989.4,1969.7,-19.7,0.666,0.334
2026-04-14,L9-16,(W) Anna Z - Alejo,Anna Z,1868.8,1907.8,39.1,Alejo,2044.6,2012.1,-32.5,0.267,0.733
2026-04-14,L9-16,(W) Vincent - Steph,Vincent,1869.4,1889.7,20.4,Steph,1840.7,1820.3,-20.4,0.541,0.459
2026-04-14,L9-16,(W) Willie - Fedor,Willie,1958.1,1970.6,12.4,Fedor,1794.3,1774.4,-19.9,0.72,0.28
2026-04-14,L9-16,(W) Anna A - Will P,Anna A,1837.6,1859.9,22.4,Will P,1781.4,1762.7,-18.6,0.58,0.42
2026-04-14,L17-24,(W) Marinko - Kirill,Marinko,1690.3,1711.8,21.5,Kirill,1764.9,1743.4,-21.5,0.394,0.606
2026-04-14,L17-24,(W) Andy R - Shevy,Andy R,1693.9,1716.4,22.6,Shevy,1790.5,1767.9,-22.6,0.364,0.636
2026-04-14,L17-24,(W) Caden - Richard B,Caden,1742.3,1760.1,17.8,Richard B,1814.5,1796.7,-17.8,0.398,0.602
2026-04-14,L17-24,(W) James S - Benjamin,James S,1891.6,1905.1,13.4,Benjamin,1805.8,1787.8,-17.9,0.621,0.379
2026-04-14,L1-4,(W) Lukas N - Fassel,Lukas N,1916.8,1987.7,70.9,Fassel,2156.6,2085.7,-70.9,0.201,0.799
2026-04-14,L1-4,(W) Greg - Sameer,Greg,2129.4,2162.6,33.2,Sameer,2039.9,2000.1,-39.8,0.626,0.374
2026-04-14,L5-8,(W) Vivian - Alex Y,Vivian,1981.5,2020.9,39.5,Alex Y,2102.3,2062.8,-39.5,0.333,0.667
2026-04-14,L5-8,(W) Tom T - Vadym,Tom T,1925.1,1965.1,40.0,Vadym,1969.7,1936.3,-33.4,0.436,0.564
2026-04-14,L9-12,(W) Anna Z - Vincent,Anna Z,1907.8,1933.1,25.2,Vincent,1889.7,1868.7,-21.0,0.526,0.474
2026-04-14,L9-12,(W) Willie - Anna A,Willie,1970.6,1985.9,15.4,Anna A,1859.9,1841.5,-18.4,0.654,0.346
2026-04-14,L13-16,(W) Steph - Alejo,Steph,1820.3,1849.2,28.9,Alejo,2012.1,1983.2,-28.9,0.249,0.751
2026-04-14,L13-16,(W) Will P - Fedor,Will P,1762.7,1782.6,19.9,Fedor,1774.4,1742.6,-31.8,0.483,0.517
2026-04-14,L17-20,(W) Andy R - Marinko,Andy R,1716.4,1733.9,17.5,Marinko,1711.8,1694.3,-17.5,0.507,0.493
2026-04-14,L17-20,(W) James S - Caden,James S,1905.1,1915.8,10.7,Caden,1760.1,1751.1,-9.0,0.697,0.303
2026-04-14,L21-24,(W) Kirill - Shevy,Kirill,1743.4,1762.4,19.0,Shevy,1767.9,1748.9,-19.0,0.465,0.535
2026-04-14,L21-24,(W) Benjamin - Richard B,Benjamin,1787.8,1812.1,24.3,Richard B,1796.7,1781.5,-15.2,0.487,0.513
2026-04-14,L25-28,(W) Nat - Joshua,Nat,1537.0,1559.7,22.7,Joshua,1636.6,1617.6,-18.9,0.36,0.64
2026-04-14,L1-2,(W) Greg - Lukas N,Greg,2162.6,2194.3,31.7,Lukas N,1987.7,1956.0,-31.7,0.732,0.268
2026-04-14,L3-4,(W) Fassel - Sameer,Fassel,2085.7,2108.2,22.4,Sameer,2000.1,1973.2,-26.9,0.621,0.379
2026-04-14,L5-6,(W) Vivian - Tom T,Vivian,2020.9,2033.4,12.4,Tom T,1965.1,1950.2,-14.9,0.58,0.42
2026-04-14,L7-8,(W) Alex Y - Vadym,Alex Y,2062.8,2072.5,9.6,Vadym,1936.3,1926.7,-9.6,0.674,0.326
2026-04-14,L9-10,(W) Willie - Anna Z,Willie,1985.9,1998.5,12.6,Anna Z,1933.1,1918.0,-15.1,0.575,0.425
2026-04-14,L11-12,(W) Vincent - Anna A,Vincent,1868.7,1882.3,13.6,Anna A,1841.5,1825.2,-16.4,0.539,0.461
2026-04-14,L13-14,(W) Will P - Steph,Will P,1782.6,1800.2,17.6,Steph,1849.2,1831.6,-17.6,0.405,0.595
2026-04-14,L15-16,(W) Alejo - Fedor,Alejo,1983.2,1989.1,5.9,Fedor,1742.6,1733.2,-9.5,0.8,0.2
2026-04-14,L17-18,(W) James S - Andy R,James S,1915.8,1925.1,9.2,Andy R,1733.9,1724.7,-9.2,0.74,0.26
2026-04-14,L19-20,(W) Marinko - Caden,Marinko,1694.3,1714.9,20.6,Caden,1751.1,1733.9,-17.2,0.419,0.581
2026-04-14,L21-22,(W) Benjamin - Kirill,Benjamin,1812.1,1832.4,20.3,Kirill,1762.4,1747.1,-15.2,0.571,0.429
2026-04-14,L23-24,(W) Richard B - Shevy,Richard B,1781.5,1794.9,13.4,Shevy,1748.9,1732.8,-16.1,0.547,0.453
2026-04-14,L25-26,(W) Nat - Isra,Nat,1559.7,1585.6,25.9,Isra,1732.8,1698.3,-34.6,0.27,0.73
2026-04-21,Poule,(W) Shevy 5-2 Vladimir,Shevy,1732.8,1746.2,13.4,Vladimir,1800,1782.2,-17.8,0.405,0.445
2026-04-21,Poule,(W) Willie 5-2 Vova,Willie,1998.5,2000.8,2.3,Vova,1800,1796.3,-3.7,0.758,0.092
2026-04-21,Poule,(W) Charlie 5-3 Greg,Charlie,1989.9,2003.4,13.5,Greg,2219.3,2205.8,-13.5,0.211,0.539
2026-04-21,Poule,(W) Shevy 5-2 Darran,Shevy,1746.2,1765.8,19.6,Darran,1989.5,1970.0,-19.6,0.198,0.652
2026-04-21,Poule,(W) Charlie 5-4 Vadym,Charlie,2003.4,2004.4,1.0,Vadym,1926.7,1925.7,-1.0,0.609,0.041
2026-04-21,Poule,(W) Anna A 5-4 Kirill,Anna A,1825.2,1826.3,1.2,Kirill,1747.1,1746.0,-1.2,0.61,0.04
2026-04-21,Poule,(W) Eric L 5-3 Greg,Eric L,2073.8,2084.6,10.8,Greg,2205.8,2195.0,-10.8,0.319,0.431
2026-04-21,Poule,(W) Willie 5-1 Richard B,Willie,2000.8,2004.6,3.9,Richard B,1794.9,1791.1,-3.9,0.766,0.154
2026-04-21,Poule,(W) Greg 5-2 Richard B,Greg,2195.0,2193.5,-1.5,Richard B,1791.1,1792.6,1.5,0.911,0.061
2026-04-21,Poule,(W) Sameer 5-3 Vincent,Sameer,1978.2,1981.7,3.5,Vincent,1882.3,1879.4,-2.9,0.635,0.115
2026-04-21,Poule,(W) Darran 5-3 Colin R,Darran,1970.0,1970.7,0.7,Colin R,1801.4,1800.8,-0.6,0.725,0.025
2026-04-21,Poule,(W) Vivian 5-3 Tom S,Vivian,2033.4,2031.0,-2.3,Tom S,1741.3,1744.6,3.3,0.843,0.093
2026-04-21,Poule,(W) Anna Z 5-2 Vladimir,Anna Z,1918.0,1922.9,4.9,Vladimir,1782.2,1775.6,-6.6,0.686,0.164
2026-04-21,Poule,(W) Vivian 5-1 Lysandra,Vivian,2031.0,2034.3,3.2,Lysandra,1800,1794.8,-5.2,0.791,0.129
2026-04-21,Poule,(W) Greg 5-0 Fergus,Greg,2193.5,2194.7,1.2,Fergus,1675.9,1674.5,-1.5,0.952,0.048
2026-04-21,Poule,(W) Vadym 5-2 Max V,Vadym,1925.7,1929.2,3.5,Max V,1771.5,1766.6,-5.0,0.708,0.142
2026-04-21,Poule,(W) Eric L 5-2 Vivian,Eric L,2084.6,2091.5,7.0,Vivian,2034.3,2027.3,-7.0,0.572,0.278
2026-04-21,Poule,(W) Greg 5-3 James S,Greg,2194.7,2192.8,-1.9,James S,1925.1,1927.3,2.3,0.825,0.075
2026-04-21,Poule,(W) Alex Y 5-4 Vincent,Alex Y,2072.5,2069.9,-2.6,Vincent,1879.4,1882.0,2.6,0.752,0.102
2026-04-21,Poule,(W) Charlie 5-4 Eric L,Charlie,2004.4,2011.3,6.8,Eric L,2091.5,2084.7,-6.8,0.377,0.273
2026-04-21,Poule,(W) Vivian 5-2 Darran,Vivian,2027.3,2034.0,6.7,Darran,1970.7,1962.6,-8.1,0.581,0.269
2026-04-21,Poule,(W) Shevy 5-1 James S,Shevy,1765.8,1784.9,19.1,James S,1927.3,1908.2,-19.1,0.283,0.637
2026-04-21,Poule,(W) Sameer 5-2 James S,Sameer,1981.7,1989.0,7.4,James S,1908.2,1900.8,-7.4,0.604,0.246
2026-04-21,Poule,(W) James S 5-4 Tom S,James S,1900.8,1899.0,-1.8,Tom S,1744.6,1746.7,2.1,0.711,0.061
2026-04-21,Poule,(W) Shevy 5-2 Marg,Shevy,1784.9,1792.3,7.4,Marg,1712.9,1706.7,-6.2,0.602,0.248
2026-04-21,Poule,(W) Vincent 5-3 Willie,Vincent,1882.0,1892.5,10.5,Willie,2004.6,1994.1,-10.5,0.331,0.419
2026-04-21,Poule,(W) Alex Y 5-2 Vladimir,Alex Y,2069.9,2070.0,0.1,Vladimir,1775.6,1775.4,-0.2,0.845,0.005
2026-04-21,Poule,(W) Charlie 5-2 Tom S,Charlie,2011.3,2012.0,0.7,Tom S,1746.7,1745.7,-1.0,0.821,0.029
2026-04-21,Poule,(W) Vladimir 5-1 Colin R,Vladimir,1775.4,1793.7,18.3,Colin R,1800.8,1789.4,-11.4,0.464,0.456
2026-04-21,Poule,(W) Alex Y 5-3 Will P,Alex Y,2070.0,2068.2,-1.9,Will P,1800.2,1802.1,1.9,0.825,0.075
2026-04-21,Poule,(W) Vadym 5-1 Alix S,Vadym,1929.2,1930.4,1.2,Alix S,1593.1,1591.7,-1.4,0.874,0.046
2026-04-21,Poule,(W) Eric L 5-1 Shevy,Eric L,2084.7,2086.6,1.9,Shevy,1792.3,1790.0,-2.3,0.843,0.077
2026-04-21,Poule,(W) Willie 5-2 Alix S,Willie,1994.1,1992.6,-1.5,Alix S,1591.7,1593.5,1.8,0.91,0.06
2026-04-21,Poule,(W) Alex Y 5-0 Anna Z,Alex Y,2068.2,2075.7,7.6,Anna Z,1922.9,1913.9,-9.1,0.698,0.302
2026-04-21,Poule,(W) Willie 5-4 Alex Y,Willie,1992.6,1999.3,6.7,Alex Y,2075.7,2069.0,-6.7,0.383,0.267
2026-04-21,Poule,(W) Anna A 5-1 Alix S,Anna A,1826.3,1830.2,3.8,Alix S,1593.5,1589.7,-3.8,0.793,0.127
2026-04-21,Poule,(W) Tom S 5-3 Shevy,Tom S,1745.7,1756.7,11.0,Shevy,1790.0,1780.6,-9.4,0.437,0.313
2026-04-21,Poule,(W) Anna Z 5-4 Anna A,Anna Z,1913.9,1914.8,1.0,Anna A,1830.2,1829.2,-1.0,0.618,0.032
2026-04-21,Poule,(W) Alex Y 5-2 Colin R,Alex Y,2069.0,2069.4,0.4,Colin R,1789.4,1788.9,-0.4,0.833,0.017
2026-04-21,Poule,(W) Vadym 5-4 Colin R,Vadym,1930.4,1929.3,-1.1,Colin R,1788.9,1790.0,1.1,0.693,0.043
2026-04-21,Poule,(W) Anna A 5-3 Richard B,Anna A,1829.2,1834.1,4.9,Richard B,1792.6,1787.6,-4.9,0.553,0.197
2026-04-21,Poule,(W) Eric L 5-0 Lysandra,Eric L,2086.6,2090.5,3.9,Lysandra,1794.8,1788.5,-6.3,0.843,0.157
2026-04-21,Poule,(W) Fergus 5-2 Richard B,Fergus,1674.5,1689.7,15.2,Richard B,1787.6,1775.0,-12.7,0.343,0.507
2026-04-21,Poule,(W) Anna A 5-4 Colin R,Anna A,1834.1,1836.3,2.2,Colin R,1790.0,1787.8,-2.2,0.563,0.087
2026-04-21,Poule,(W) Greg 5-3 Darran,Greg,2192.8,2191.8,-1.0,Darran,1962.6,1963.8,1.2,0.79,0.04
2026-04-21,Poule,(W) Kirill 5-3 Fergus,Kirill,1746.0,1751.0,5.1,Fergus,1689.7,1684.6,-5.1,0.58,0.17
2026-04-21,Poule,(W) Anna Z 5-2 Marg,Anna Z,1914.8,1917.3,2.5,Marg,1706.7,1704.6,-2.0,0.768,0.082
2026-04-21,Poule,(W) Sameer 5-1 Vadym,Sameer,1989.0,1999.1,10.0,Vadym,1929.3,1920.9,-8.4,0.585,0.335
2026-04-21,Poule,(W) Anna Z 5-2 Max V,Anna Z,1917.3,1921.6,4.4,Max V,1766.6,1761.5,-5.1,0.704,0.146
2026-04-21,Poule,(W) Willie 5-3 Lysandra,Willie,1999.3,1998.8,-0.5,Lysandra,1788.5,1789.4,0.8,0.771,0.021
2026-04-21,Poule,(W) Kirill 5-3 Vladimir,Kirill,1751.0,1760.4,9.3,Vladimir,1793.7,1781.2,-12.4,0.439,0.311
2026-04-21,Poule,(W) Shevy 5-2 Max V,Shevy,1780.6,1790.3,9.7,Max V,1761.5,1750.2,-11.3,0.528,0.322
2026-04-21,Poule,(W) Charlie 5-0 James S,Charlie,2012.0,2020.6,8.6,James S,1899.0,1888.7,-10.3,0.657,0.343
2026-04-21,Poule,(W) Kirill 5-3 Lysandra,Kirill,1760.4,1769.1,8.7,Lysandra,1789.4,1777.7,-11.7,0.458,0.292
2026-04-21,Poule,(W) James S 5-2 Lysandra,James S,1888.7,1894.6,5.9,Lysandra,1777.7,1769.9,-7.8,0.655,0.195
2026-04-21,Poule,(W) Vivian 5-4 Vladimir,Vivian,2034.0,2030.0,-4.0,Vladimir,1781.2,1787.7,6.4,0.811,0.161
2026-04-21,Poule,(W) Sameer 5-1 Vivian,Sameer,1999.1,2013.0,13.9,Vivian,2030.0,2018.4,-11.6,0.456,0.464
2026-04-21,Poule,(W) Richard B 5-4 Kirill,Richard B,1775.0,1778.5,3.5,Kirill,1769.1,1764.9,-4.2,0.508,0.142
2026-04-21,Poule,(W) Vivian 5-2 Willie,Vivian,2018.4,2026.5,8.0,Willie,1998.8,1990.7,-8.0,0.528,0.322
2026-04-21,Poule,(W) Will P 5-2 Darran,Will P,1802.1,1816.3,14.2,Darran,1963.8,1946.8,-17.0,0.283,0.567
2026-04-21,Poule,(W) Darran 5-2 Alex Y,Darran,1946.8,1962.4,15.6,Alex Y,2069.4,2056.5,-13.0,0.33,0.52
2026-04-21,Poule,(W) Fergus 5-4 Alix S,Fergus,1684.6,1685.1,0.5,Alix S,1589.7,1589.2,-0.5,0.633,0.017
2026-04-21,Poule,(W) Eric L 5-2 Colin R,Eric L,2090.5,2090.5,-0.0,Colin R,1787.8,1787.9,0.0,0.851,0.001
2026-04-21,Poule,(W) Alex Y 5-4 Eric L,Alex Y,2056.5,2061.4,5.0,Eric L,2090.5,2085.5,-5.0,0.451,0.199
2026-04-21,Poule,(W) Richard B 5-3 Alex Y,Richard B,1778.5,1793.1,14.6,Alex Y,2061.4,2046.8,-14.6,0.164,0.586
2026-04-21,Poule,(W) Greg 5-3 Alex Y,Greg,2191.8,2193.1,1.3,Alex Y,2046.8,2045.5,-1.3,0.697,0.053
2026-04-21,Poule,(W) Willie 5-2 James S,Willie,1990.7,1996.1,5.4,James S,1894.6,1888.1,-6.5,0.635,0.215
2026-04-21,Poule,(W) Richard B 5-4 Colin R,Richard B,1793.1,1796.7,3.6,Colin R,1787.9,1784.3,-3.6,0.508,0.142
2026-04-21,Poule,(W) Eric L 5-2 Anna Z,Eric L,2085.5,2088.8,3.3,Anna Z,1921.6,1917.7,-3.9,0.72,0.13
2026-04-21,Poule,(W) Vivian 5-3 Kirill,Vivian,2026.5,2024.7,-1.7,Kirill,1764.9,1766.9,2.1,0.818,0.068
2026-04-21,Poule,(W) Vivian 5-1 James S,Vivian,2024.7,2030.6,5.8,James S,1888.1,1881.1,-7.0,0.687,0.233
2026-04-21,Poule,(W) Eric L 5-2 Will P,Eric L,2088.8,2089.4,0.6,Will P,1816.3,1815.7,-0.6,0.828,0.022
2026-04-21,Poule,(W) Charlie 5-4 Vivian,Charlie,2020.6,2024.7,4.1,Vivian,2030.6,2026.5,-4.1,0.486,0.164
2026-04-21,Poule,(W) Kirill 5-4 Alex Y,Kirill,1766.9,1781.4,14.5,Alex Y,2045.5,2033.4,-12.1,0.168,0.482
2026-04-21,Poule,(W) Richard B 5-1 Lysandra,Richard B,1796.7,1806.2,9.5,Lysandra,1769.9,1754.6,-15.3,0.539,0.381
2026-04-21,Poule,(W) Anna A 5-2 Marg,Anna A,1836.3,1840.5,4.2,Marg,1704.6,1700.4,-4.2,0.681,0.169
2026-04-21,Poule,(W) Eric L 5-2 Tom S,Eric L,2089.4,2088.8,-0.5,Tom S,1756.7,1757.4,0.8,0.872,0.022
2026-04-21,Poule,(W) Colin R 5-1 Willie,Colin R,1784.3,1801.6,17.3,Willie,1996.1,1978.8,-17.3,0.228,0.692
2026-04-21,Poule,(W) Colin R 5-0 Alix S,Colin R,1801.6,1807.3,5.7,Alix S,1589.2,1582.4,-6.8,0.773,0.227
2026-04-21,Poule,(W) Anna A 5-4 Vladimir,Anna A,1840.5,1842.4,1.9,Vladimir,1787.7,1784.7,-3.0,0.576,0.074
2026-04-21,Poule,(W) Alix S 5-3 Lysandra,Alix S,1582.4,1596.8,14.4,Lysandra,1754.6,1735.5,-19.2,0.271,0.479
2026-04-21,Poule,(W) Charlie 5-3 Sameer,Charlie,2024.7,2030.5,5.8,Sameer,2013.0,2006.0,-7.0,0.517,0.233
2026-04-21,Poule,(W) Fergus 5-2 Will P,Fergus,1685.1,1701.0,15.9,Will P,1815.7,1802.5,-13.2,0.32,0.53
2026-04-21,Poule,(W) Lysandra 5-4 Marg,Lysandra,1735.5,1739.4,4.0,Marg,1700.4,1697.9,-2.5,0.55,0.1
2026-04-21,Poule,(W) Marinko 5-4 Marg,Marinko,1714.9,1718.6,3.8,Marg,1697.9,1694.8,-3.1,0.524,0.126
2026-04-21,Poule,(W) Vivian 5-4 Vova,Vivian,2026.5,2023.0,-3.5,Vova,1796.3,1801.9,5.6,0.79,0.14
2026-04-21,Poule,(W) Richard B 5-3 James S,Richard B,1806.2,1815.1,8.9,James S,1881.1,1870.5,-10.7,0.394,0.356
2026-04-21,Poule,(W) Shevy 5-1 Vadym,Shevy,1790.3,1808.3,18.0,Vadym,1920.9,1905.9,-15.0,0.32,0.6
2026-04-21,Poule,(W) James S 5-3 Alex Y,James S,1870.5,1884.5,14.1,Alex Y,2033.4,2021.7,-11.7,0.281,0.469
2026-04-21,Poule,(W) Vivian 5-4 Fergus,Vivian,2023.0,2017.6,-5.4,Fergus,1701.0,1707.4,6.4,0.865,0.215
2026-04-21,Poule,(W) Anna Z 5-4 Tom S,Anna Z,1917.7,1915.8,-2.0,Tom S,1757.4,1759.7,2.3,0.716,0.066
2026-04-21,Poule,(W) Sameer 5-3 Anna Z,Sameer,2006.0,2009.7,3.7,Anna Z,1915.8,1912.1,-3.7,0.627,0.123
2026-04-21,Poule,(W) Greg 5-4 Tom S,Greg,2193.1,2186.3,-6.8,Tom S,1759.7,1769.3,9.6,0.924,0.274
2026-04-21,Poule,(W) Will P 5-4 James S,Will P,1802.5,1809.1,6.6,James S,1884.5,1876.5,-8.0,0.384,0.266
2026-04-21,Poule,(W) Anna A 5-3 Alex Y,Anna A,1842.4,1854.6,12.2,Alex Y,2021.7,2009.5,-12.2,0.263,0.487
2026-04-21,L1-32,(W) James S - Will P,James S,1876.5,1894.1,17.6,Will P,1809.1,1794.4,-14.7,0.596,0.404
2026-04-21,L1-32,(W) Vincent - Lysandra,Vincent,1892.5,1903.1,10.6,Lysandra,1739.4,1722.4,-17.0,0.707,0.293
2026-04-21,L1-32,(W) Alex Y - Max V,Alex Y,2009.5,2016.2,6.7,Max V,1750.2,1740.8,-9.3,0.817,0.183
2026-04-21,L1-32,(W) Richard B - Vladimir,Richard B,1815.1,1831.7,16.6,Vladimir,1784.7,1758.2,-26.5,0.544,0.456
2026-04-21,L1-32,(W) Marinko - Kirill,Marinko,1718.6,1744.3,25.7,Kirill,1781.4,1755.7,-25.7,0.411,0.589
2026-04-21,L1-32,(W) Darran - Vadym,Darran,1962.4,1980.7,18.3,Vadym,1905.9,1890.7,-15.2,0.581,0.419
2026-04-21,L1-32,(W) Anna Z - Tom S,Anna Z,1912.1,1925.4,13.3,Tom S,1769.3,1753.8,-15.5,0.695,0.305
2026-04-21,L1-32,(W) Sameer - Alix S,Sameer,2009.7,2013.4,3.7,Alix S,1596.8,1593.1,-3.7,0.915,0.085
2026-04-21,L1-32,(W) Colin R - Fergus,Colin R,1807.3,1820.4,13.1,Fergus,1707.4,1691.7,-15.7,0.64,0.36
2026-04-21,L1-16,(W) James S - Vivian,James S,1894.1,1929.2,35.1,Vivian,2017.6,1988.4,-29.2,0.329,0.671
2026-04-21,L1-16,(W) Alex Y - Vincent,Alex Y,2016.2,2031.1,14.9,Vincent,1903.1,1888.2,-14.9,0.657,0.343
2026-04-21,L1-16,(W) Shevy - Richard B,Shevy,1808.3,1836.2,27.9,Richard B,1831.7,1808.5,-23.3,0.466,0.534
2026-04-21,L1-16,(W) Anna A - Marinko,Anna A,1854.6,1869.7,15.1,Marinko,1744.3,1726.2,-18.1,0.654,0.346
2026-04-21,L1-16,(W) Charlie - Darran,Charlie,2030.5,2049.2,18.7,Darran,1980.7,1958.3,-22.4,0.571,0.429
2026-04-21,L1-16,(W) Greg - Anna Z,Greg,2186.3,2194.2,7.9,Anna Z,1925.4,1915.9,-9.5,0.818,0.182
2026-04-21,L1-16,(W) Sameer - Willie,Sameer,2013.4,2036.9,23.5,Willie,1978.8,1959.2,-19.6,0.55,0.45
2026-04-21,L1-16,(W) Eric L - Colin R,Eric L,2088.8,2096.5,7.7,Colin R,1820.4,1812.7,-7.7,0.824,0.176
2026-04-21,L17-32,(W) Max V - Lysandra,Max V,1740.8,1760.1,19.3,Lysandra,1722.4,1700.4,-22.0,0.526,0.474
2026-04-21,L1-8,(W) Alex Y - James S,Alex Y,2031.1,2051.9,20.8,James S,1929.2,1904.3,-24.9,0.643,0.357
2026-04-21,L1-8,(W) Anna A - Shevy,Anna A,1869.7,1895.9,26.3,Shevy,1836.2,1804.7,-31.5,0.548,0.452
2026-04-21,L1-8,(W) Greg - Charlie,Greg,2194.2,2211.8,17.6,Charlie,2049.2,2031.6,-17.6,0.697,0.303
2026-04-21,L1-8,(W) Sameer - Eric L,Sameer,2036.9,2077.7,40.8,Eric L,2096.5,2062.5,-34.0,0.415,0.585
2026-04-21,L9-16,(W) Vivian - Vincent,Vivian,1988.4,2004.1,15.7,Vincent,1888.2,1872.5,-15.7,0.64,0.36
2026-04-21,L9-16,(W) Richard B - Marinko,Richard B,1808.5,1825.2,16.7,Marinko,1726.2,1706.1,-20.1,0.616,0.384
2026-04-21,L9-16,(W) Darran - Anna Z,Darran,1958.3,1981.2,23.0,Anna Z,1915.9,1892.9,-23.0,0.561,0.439
2026-04-21,L9-16,(W) Willie - Colin R,Willie,1959.2,1972.3,13.1,Colin R,1812.7,1799.6,-13.1,0.699,0.301
2026-04-21,L17-24,(W) Max V - Will P,Max V,1760.1,1782.4,22.3,Will P,1794.4,1778.5,-16.0,0.451,0.549
2026-04-21,L17-24,(W) Vladimir - Kirill,Vladimir,1758.2,1781.3,23.1,Kirill,1755.7,1738.4,-17.3,0.504,0.496
2026-04-21,L17-24,(W) Tom S - Vadym,Tom S,1753.8,1781.7,28.0,Vadym,1890.7,1870.7,-20.0,0.313,0.687
2026-04-21,L17-24,(W) Fergus - Alix S,Fergus,1691.7,1704.3,12.6,Alix S,1593.1,1580.5,-12.6,0.638,0.362
2026-04-21,L1-4,(W) Alex Y - Anna A,Alex Y,2051.9,2077.1,25.2,Anna A,1895.9,1870.7,-25.2,0.71,0.29
2026-04-21,L1-4,(W) Greg - Sameer,Greg,2211.8,2239.3,27.5,Sameer,2077.7,2044.7,-33.1,0.684,0.316
2026-04-21,L5-8,(W) James S - Shevy,James S,1904.3,1929.4,25.1,Shevy,1804.7,1779.5,-25.1,0.64,0.36
2026-04-21,L5-8,(W) Eric L - Charlie,Eric L,2062.5,2089.0,26.5,Charlie,2031.6,2005.1,-26.5,0.544,0.456
2026-04-21,L9-12,(W) Richard B - Vivian,Richard B,1825.2,1857.3,32.1,Vivian,2004.1,1971.9,-32.1,0.263,0.737
2026-04-21,L9-12,(W) Willie - Darran,Willie,1972.3,1994.7,22.3,Darran,1981.2,1954.4,-26.8,0.487,0.513
2026-04-21,L13-16,(W) Vincent - Marinko,Vincent,1872.5,1883.0,10.5,Marinko,1706.1,1693.6,-12.6,0.723,0.277
2026-04-21,L13-16,(W) Anna Z - Colin R,Anna Z,1892.9,1909.6,16.7,Colin R,1799.6,1785.7,-13.9,0.631,0.369
2026-04-21,L17-20,(W) Max V - Vladimir,Max V,1782.4,1802.7,20.3,Vladimir,1781.3,1758.1,-23.2,0.502,0.498
2026-04-21,L17-20,(W) Tom S - Fergus,Tom S,1781.7,1797.6,15.9,Fergus,1704.3,1690.7,-13.6,0.61,0.39
2026-04-21,L21-24,(W) Kirill - Will P,Kirill,1738.4,1757.9,19.4,Will P,1778.5,1762.3,-16.2,0.443,0.557
2026-04-21,L21-24,(W) Vadym - Alix S,Vadym,1870.7,1875.3,4.6,Alix S,1580.5,1574.9,-5.5,0.842,0.158
2026-04-21,L1-2,(W) Greg - Alex Y,Greg,2239.3,2272.1,32.8,Alex Y,2077.1,2044.3,-32.8,0.718,0.282
2026-04-21,L3-4,(W) Anna A - Sameer,Anna A,1870.7,1913.2,42.5,Sameer,2044.7,1993.7,-51.0,0.269,0.731
2026-04-21,L5-6,(W) Eric L - James S,Eric L,2089.0,2097.3,8.3,James S,1929.4,1919.5,-9.9,0.715,0.285
2026-04-21,L7-8,(W) Shevy - Charlie,Shevy,1779.5,1802.4,22.8,Charlie,2005.1,1982.3,-22.8,0.214,0.786
2026-04-21,L9-10,(W) Willie - Richard B,Willie,1994.7,2003.7,9.1,Richard B,1857.3,1848.2,-9.1,0.688,0.312
2026-04-21,L11-12,(W) Vivian - Darran,Vivian,1971.9,1985.7,13.8,Darran,1954.4,1937.9,-16.5,0.525,0.475
2026-04-21,L13-14,(W) Anna Z - Vincent,Anna Z,1909.6,1925.7,16.1,Vincent,1883.0,1869.6,-13.4,0.538,0.462
2026-04-21,L15-16,(W) Colin R - Marinko,Colin R,1785.7,1796.4,10.8,Marinko,1693.6,1680.7,-12.9,0.63,0.37
2026-04-21,L17-18,(W) Max V - Tom S,Max V,1802.7,1822.7,20.0,Tom S,1797.6,1777.6,-20.0,0.507,0.493
2026-04-21,L19-20,(W) Fergus - Vladimir,Fergus,1690.7,1711.5,20.8,Vladimir,1758.1,1730.4,-27.7,0.404,0.596
2026-04-21,L21-22,(W) Vadym - Kirill,Vadym,1875.3,1885.1,9.8,Kirill,1757.9,1746.1,-11.8,0.663,0.337
2026-04-21,L23-24,(W) Will P - Alix S,Will P,1762.3,1769.7,7.4,Alix S,1574.9,1566.1,-8.8,0.746,0.254
2026-04-28,Poule,(W) Max V 5-4 Willie,Max V,1822.7,1836.4,13.6,Willie,2003.7,1994.0,-9.7,0.261,0.389
2026-04-28,Poule,(W) Vivian 5-3 Eugene,Vivian,1985.7,1983.5,-2.2,Eugene,1700.2,1702.4,2.2,0.838,0.088
2026-04-28,Poule,(W) Tom T 5-2 Alex Y,Tom T,1950.2,1965.3,15.1,Alex Y,2059.3,2046.8,-12.6,0.348,0.502
2026-04-28,Poule,(W) Willie 5-2 Alex Y,Willie,1994.0,2004.6,10.6,Alex Y,2046.8,2036.1,-10.6,0.425,0.425
2026-04-28,Poule,(W) Anna A 5-2 Marg,Anna A,1921.2,1922.8,1.6,Marg,1694.8,1693.2,-1.6,0.786,0.064
2026-04-28,Poule,(W) Alex A 5-2 Marg,Alex A,1930.3,1931.9,1.6,Marg,1693.2,1691.8,-1.3,0.797,0.053
2026-04-28,Poule,(W) Fassel 5-4 Will P,Fassel,2116.2,2110.4,-5.8,Will P,1769.7,1775.4,5.8,0.88,0.23
2026-04-28,Poule,(W) Max V 5-3 Alix S,Max V,1836.4,1833.7,-2.7,Alix S,1566.1,1568.4,2.3,0.826,0.076
2026-04-28,Poule,(W) Colin R 5-2 Max V,Colin R,1796.4,1806.5,10.1,Max V,1833.7,1819.6,-14.1,0.447,0.403
2026-04-28,Poule,(W) Will P 5-3 Greg,Will P,1775.4,1793.0,17.6,Greg,2297.1,2279.5,-17.6,0.047,0.703
2026-04-28,Poule,(W) Tom S 5-3 Alix S,Tom S,1777.6,1776.9,-0.7,Alix S,1568.4,1568.9,0.6,0.769,0.019
2026-04-28,Poule,(W) Eric L 5-4 Alex Y,Eric L,2097.3,2098.8,1.6,Alex Y,2036.1,2034.6,-1.6,0.587,0.063
2026-04-28,Poule,(W) Steph 5-3 Fedor,Steph,1831.6,1834.4,2.8,Fedor,1733.2,1728.7,-4.5,0.638,0.112
2026-04-28,Poule,(W) Anna Z 5-4 Alex Y,Anna Z,1925.7,1934.7,9.1,Alex Y,2034.6,2027.0,-7.5,0.348,0.302
2026-04-28,Poule,(W) Adam S 5-4 Eugene,Adam S,1819.3,1818.9,-0.4,Eugene,1702.4,1702.7,0.3,0.662,0.012
2026-04-28,Poule,(W) Vivian 5-4 Fassel,Vivian,1983.5,1991.7,8.1,Fassel,2110.4,2102.3,-8.1,0.325,0.325
2026-04-28,Poule,(W) Tom S 5-4 Colin R,Tom S,1776.9,1783.6,6.7,Colin R,1806.5,1801.7,-4.8,0.457,0.193
2026-04-28,Poule,(W) Tom S 5-3 Fergus,Tom S,1783.6,1788.8,5.2,Fergus,1711.5,1707.1,-4.4,0.602,0.148
2026-04-28,Poule,(W) Alex A 5-4 Anna A,Alex A,1931.9,1936.0,4.1,Anna A,1922.8,1919.4,-3.4,0.513,0.137
2026-04-28,Poule,(W) Ali 5-1 Vivian,Ali,1800,1826.8,26.8,Vivian,1991.7,1974.9,-16.8,0.249,0.671
2026-04-28,Poule,(W) Tom T 5-3 Oleg,Tom T,1965.3,1975.2,9.9,Oleg,2021.7,2011.8,-9.9,0.419,0.331
2026-04-28,Poule,(W) Fassel 5-2 Vincent,Fassel,2102.3,2103.7,1.4,Vincent,1869.6,1868.1,-1.4,0.792,0.058
2026-04-28,Poule,(W) Vincent 5-4 Fedor,Vincent,1868.1,1867.1,-1.0,Fedor,1728.7,1730.3,1.6,0.691,0.041
2026-04-28,Poule,(W) Max V 5-3 Fergus,Max V,1819.6,1822.9,3.3,Fergus,1707.1,1704.3,-2.8,0.656,0.094
2026-04-28,Poule,(W) Tom T 5-1 Willie,Tom T,1975.2,1989.1,13.9,Willie,2004.6,1993.1,-11.6,0.458,0.462
2026-04-28,Poule,(W) Fedor 5-3 Eugene,Fedor,1730.3,1738.7,8.4,Eugene,1702.7,1697.5,-5.3,0.54,0.21
2026-04-28,Poule,(W) Vivian 5-3 Max V,Vivian,1974.9,1976.0,1.1,Max V,1822.9,1821.3,-1.5,0.706,0.044
2026-04-28,Poule,(W) Greg 5-0 Fedor,Greg,2279.5,2280.6,1.1,Fedor,1738.7,1737.0,-1.7,0.957,0.043
2026-04-28,Poule,(W) Will P 5-3 Fergus,Will P,1793.0,1796.1,3.1,Fergus,1704.3,1700.5,-3.8,0.625,0.125
2026-04-28,Poule,(W) Willie 5-3 Caden,Willie,1993.1,1991.4,-1.7,Caden,1733.9,1735.6,1.7,0.816,0.066
2026-04-28,Poule,(W) Vivian 5-3 Tom T,Vivian,1976.0,1982.7,6.7,Tom T,1989.1,1981.0,-8.1,0.481,0.269
2026-04-28,Poule,(W) John H 5-3 Vivian,John H,1863.8,1876.2,12.4,Vivian,1982.7,1972.3,-10.4,0.335,0.415
2026-04-28,Poule,(W) Tom T 5-2 Will P,Tom T,1981.0,1984.2,3.2,Will P,1796.1,1793.4,-2.7,0.744,0.106
2026-04-28,Poule,(W) Tom S 5-4 Steph,Tom S,1788.8,1796.3,7.5,Steph,1834.4,1829.0,-5.4,0.435,0.215
2026-04-28,Poule,(W) Colin R 5-2 Alix S,Colin R,1801.7,1803.1,1.4,Alix S,1568.9,1567.2,-1.7,0.792,0.058
2026-04-28,Poule,(W) Greg 5-2 Ali,Greg,2280.6,2278.6,-2.0,Ali,1826.8,1830.1,3.3,0.932,0.082
2026-04-28,Poule,(W) Greg 5-3 Alix S,Greg,2278.6,2272.7,-5.8,Alix S,1567.2,1574.2,7.0,0.984,0.234
2026-04-28,Poule,(W) Vivian 5-2 Marg,Vivian,1972.3,1972.7,0.4,Marg,1691.8,1691.4,-0.4,0.834,0.016
2026-04-28,Poule,(W) Fassel 5-3 Max V,Fassel,2103.7,2101.6,-2.1,Max V,1821.3,1824.3,3.0,0.836,0.086
2026-04-28,Poule,(W) Greg 5-1 Fergus,Greg,2272.7,2271.6,-1.1,Fergus,1700.5,1701.8,1.3,0.964,0.044
2026-04-28,Poule,(W) Greg 5-0 Caden,Greg,2271.6,2272.7,1.1,Caden,1735.6,1734.5,-1.1,0.956,0.044
2026-04-28,Poule,(W) Alex A 5-3 Joshua,Alex A,1936.0,1932.7,-3.4,Joshua,1617.6,1620.4,2.8,0.862,0.112
2026-04-28,Poule,(W) Oleg 5-1 Eugene,Oleg,2011.8,2013.6,1.8,Eugene,1697.5,1696.0,-1.5,0.859,0.061
2026-04-28,Poule,(W) Anna Z 5-3 Alex A,Anna Z,1934.7,1942.2,7.4,Alex A,1932.7,1925.2,-7.4,0.503,0.247
2026-04-28,Poule,(W) Greg 5-2 Tom S,Greg,2272.7,2270.5,-2.2,Tom S,1796.3,1799.5,3.1,0.939,0.089
2026-04-28,Poule,(W) Lukas N 5-3 Eugene,Lukas N,1971.0,1969.0,-2.0,Eugene,1696.0,1697.9,2.0,0.83,0.08
2026-04-28,Poule,(W) Anna Z 5-1 Joshua,Anna Z,1942.2,1943.8,1.7,Joshua,1620.4,1619.1,-1.4,0.864,0.056
2026-04-28,Poule,(W) Fergus 5-4 Joshua,Fergus,1701.8,1702.8,1.0,Joshua,1619.1,1618.2,-0.8,0.617,0.033
2026-04-28,Poule,(W) Tom T 5-3 Eugene,Tom T,1984.2,1981.5,-2.7,Eugene,1697.9,1700.2,2.2,0.839,0.089
2026-04-28,Poule,(W) Tom S 5-2 Max V,Tom S,1799.5,1813.0,13.5,Max V,1824.3,1810.8,-13.5,0.464,0.386
2026-04-28,Poule,(W) John H 5-2 Will P,John H,1876.2,1883.2,7.0,Will P,1793.4,1787.6,-5.8,0.617,0.233
2026-04-28,Poule,(W) Joshua 5-3 Eugene,Joshua,1618.2,1627.4,9.1,Eugene,1700.2,1691.0,-9.1,0.384,0.366
2026-04-28,Poule,(W) Alex A 5-4 Oleg,Alex A,1925.2,1933.5,8.2,Oleg,2013.6,2005.4,-8.2,0.375,0.275
2026-04-28,Poule,(W) Will P 5-3 Oleg,Will P,1787.6,1800.8,13.2,Oleg,2005.4,1989.6,-15.8,0.222,0.528
2026-04-28,Poule,(W) Anna A 5-3 Lukas N,Anna A,1919.4,1927.4,8.0,Lukas N,1969.0,1961.0,-8.0,0.429,0.321
2026-04-28,Poule,(W) Oleg 5-1 Marg,Oleg,1989.6,1991.7,2.2,Marg,1691.4,1689.6,-1.8,0.848,0.072
2026-04-28,Poule,(W) Greg 5-1 Vivian,Greg,2270.5,2272.3,1.8,Vivian,1972.7,1970.9,-1.8,0.847,0.073
2026-04-28,Poule,(W) Colin R 5-4 Steph,Colin R,1803.1,1807.8,4.7,Steph,1829.0,1824.3,-4.7,0.463,0.187
2026-04-28,Poule,(W) Fedor 5-4 Marg,Fedor,1737.0,1739.9,2.9,Marg,1689.6,1687.6,-2.1,0.568,0.082
2026-04-28,Poule,(W) Fassel 5-1 Alex Y,Fassel,2101.6,2109.4,7.9,Alex Y,2027.0,2019.2,-7.9,0.606,0.314
2026-04-28,Poule,(W) Tom T 5-3 John H,Tom T,1981.5,1984.9,3.4,John H,1883.2,1879.9,-3.4,0.638,0.112
2026-04-28,Poule,(W) Anna Z 5-3 Anna A,Anna Z,1943.8,1950.6,6.8,Anna A,1927.4,1921.7,-5.7,0.524,0.226
2026-04-28,Poule,(W) Eric L 5-4 Caden,Eric L,2098.8,2092.8,-6.0,Caden,1734.5,1740.5,6.0,0.891,0.241
2026-04-28,Poule,(W) Eric L 5-2 John H,Eric L,2092.8,2094.7,1.9,John H,1879.9,1877.6,-2.3,0.773,0.077
2026-04-28,Poule,(W) Anna Z 5-2 Alix S,Anna Z,1950.6,1949.2,-1.4,Alix S,1574.2,1575.6,1.4,0.897,0.047
2026-04-28,Poule,(W) Ali 5-2 Willie,Ali,1830.1,1852.8,22.7,Willie,1991.4,1977.2,-14.2,0.283,0.567
2026-04-28,Poule,(W) Eric L 5-1 Joshua,Eric L,2094.7,2094.3,-0.4,Joshua,1627.4,1627.8,0.4,0.936,0.016
2026-04-28,Poule,(W) Kirill 5-0 Joshua,Kirill,1746.1,1756.2,10.1,Joshua,1627.8,1619.4,-8.4,0.664,0.336
2026-04-28,Poule,(W) Vincent 5-3 Caden,Vincent,1867.1,1869.0,1.9,Caden,1740.5,1738.6,-1.9,0.675,0.075
2026-04-28,Poule,(W) Fedor 5-2 Willie,Fedor,1739.9,1762.5,22.6,Willie,1977.2,1961.1,-16.2,0.203,0.647
2026-04-28,Poule,(W) Eric L 5-4 Fedor,Eric L,2094.3,2088.8,-5.5,Fedor,1762.5,1770.3,7.7,0.871,0.221
2026-04-28,Poule,(W) Eric L 5-3 Tom S,Eric L,2088.8,2086.8,-2.0,Tom S,1813.0,1815.8,2.8,0.83,0.08
2026-04-28,Poule,(W) Anna Z 5-1 Marg,Anna Z,1949.2,1952.2,3.0,Marg,1687.6,1685.0,-2.5,0.818,0.102
2026-04-28,Poule,(W) Oleg 5-4 Kirill,Oleg,1991.7,1987.4,-4.4,Kirill,1756.2,1760.5,4.4,0.795,0.145
2026-04-28,Poule,(W) Steph 5-3 Anna A,Steph,1824.3,1834.0,9.7,Anna A,1921.7,1912.1,-9.7,0.363,0.387
2026-04-28,Poule,(W) Colin R 5-2 Anna Z,Colin R,1807.8,1821.5,13.7,Anna Z,1952.2,1935.8,-16.4,0.303,0.547
2026-04-28,Poule,(W) Fassel 5-2 Joshua,Fassel,2109.4,2107.1,-2.3,Joshua,1619.4,1621.7,2.3,0.944,0.094
2026-04-28,Poule,(W) Vincent 5-3 Joshua,Vincent,1869.0,1867.6,-1.4,Joshua,1621.7,1623.1,1.4,0.806,0.056
2026-04-28,Poule,(W) Marg 5-2 Fergus,Marg,1685.0,1694.4,9.4,Fergus,1702.8,1691.6,-11.3,0.474,0.376
2026-04-28,Poule,(W) Anna A 5-3 Will P,Anna A,1912.1,1914.4,2.4,Will P,1800.8,1798.4,-2.4,0.655,0.095
2026-04-28,Poule,(W) Ali 5-2 Max V,Ali,1852.8,1864.4,11.6,Max V,1810.8,1800.7,-10.1,0.56,0.29
2026-04-28,Poule,(W) Will P 5-3 Lukas N,Will P,1798.4,1810.1,11.7,Lukas N,1961.0,1949.3,-11.7,0.282,0.468
2026-04-28,Poule,(W) Max V 5-3 Kirill,Max V,1800.7,1807.4,6.7,Kirill,1760.5,1754.8,-5.8,0.557,0.193
2026-04-28,Poule,(W) Willie 5-1 Fassel,Willie,1961.1,1976.5,15.5,Fassel,2107.1,2091.6,-15.5,0.301,0.619
2026-04-28,Poule,(W) Alex Y 5-3 Colin R,Alex Y,2019.2,2019.0,-0.2,Colin R,1821.5,1821.7,0.2,0.757,0.007
2026-04-28,Poule,(W) Greg 5-0 Joshua,Greg,2272.3,2272.9,0.6,Joshua,1623.1,1622.5,-0.6,0.977,0.023
2026-04-28,Poule,(W) Greg 5-0 Lukas N,Greg,2272.9,2276.2,3.4,Lukas N,1949.3,1945.9,-3.4,0.866,0.134
2026-04-28,Poule,(W) Alex Y 5-4 Tom S,Alex Y,2019.0,2016.1,-2.8,Tom S,1815.8,1819.7,4.0,0.763,0.113
2026-04-28,Poule,(W) Fassel 5-3 Steph,Fassel,2091.6,2090.0,-1.6,Steph,1834.0,1835.6,1.6,0.815,0.065
2026-04-28,Poule,(W) Fassel 5-3 Caden,Fassel,2090.0,2086.7,-3.3,Caden,1738.6,1742.0,3.3,0.883,0.133
2026-04-28,Poule,(W) Willie 5-1 Fergus,Willie,1976.5,1978.6,2.1,Fergus,1691.6,1689.1,-2.5,0.838,0.082
2026-04-28,Poule,(W) Lukas N 5-4 Fassel,Lukas N,1945.9,1954.5,8.6,Fassel,2086.7,2078.1,-8.6,0.308,0.342
2026-04-28,Poule,(W) John H 5-4 Anna A,John H,1877.6,1883.6,6.1,Anna A,1914.4,1909.4,-5.1,0.447,0.203
2026-04-28,Poule,(W) Eric L 5-1 Colin R,Eric L,2086.8,2089.3,2.5,Colin R,1821.7,1819.2,-2.5,0.821,0.099
2026-04-28,Poule,(W) Tom T 5-1 Greg,Tom T,1984.9,2007.8,22.9,Greg,2276.2,2257.2,-19.1,0.157,0.763
2026-04-28,Poule,(W) Eric L 5-2 Lukas N,Eric L,2089.3,2093.4,4.1,Lukas N,1954.5,1950.4,-4.1,0.685,0.165
2026-04-28,Poule,(W) Alex Y 5-1 Lukas N,Alex Y,2016.1,2024.3,8.2,Lukas N,1950.4,1942.2,-8.2,0.594,0.326
2026-04-28,Poule,(W) Caden 5-2 Anna A,Caden,1742.0,1756.3,14.3,Anna A,1909.4,1895.0,-14.3,0.276,0.574
2026-04-28,Poule,(W) Vincent 5-4 Willie,Vincent,1867.6,1875.2,7.6,Willie,1978.6,1971.0,-7.6,0.345,0.305
2026-04-28,Poule,(W) Tom S 5-3 Vincent,Tom S,1819.7,1831.3,11.5,Vincent,1875.2,1867.0,-8.2,0.421,0.329
2026-04-28,Poule,(W) Will P 5-3 Joshua,Will P,1810.1,1810.2,0.1,Joshua,1622.5,1622.5,-0.1,0.746,0.004
2026-04-28,Poule,(W) Alix S 5-3 Adam S,Alix S,1575.6,1592.2,16.6,Adam S,1818.9,1799.5,-19.3,0.198,0.552
2026-04-28,Poule,(W) Oleg 5-2 Lukas N,Oleg,1987.4,1995.9,8.6,Lukas N,1942.2,1935.1,-7.1,0.565,0.285
2026-04-28,Poule,(W) Vivian 5-1 Anna Z,Vivian,1970.9,1980.2,9.2,Anna Z,1935.8,1924.8,-11.1,0.55,0.37
2026-04-28,Poule,(W) Alex A 5-0 Lukas N,Alex A,1933.5,1948.5,15.1,Lukas N,1935.1,1922.5,-12.6,0.498,0.502
2026-04-28,Poule,(W) Joshua 5-3 Lukas N,Joshua,1622.5,1637.4,15.0,Lukas N,1922.5,1907.5,-15.0,0.151,0.599
2026-04-28,Poule,(W) Colin R 5-3 Alex A,Colin R,1819.2,1829.9,10.7,Alex A,1948.5,1935.7,-12.8,0.322,0.428
2026-04-28,Poule,(W) Ali 5-3 Kirill,Ali,1864.4,1868.3,3.9,Kirill,1754.8,1751.8,-2.9,0.653,0.097
2026-04-28,Poule,(W) Will P 5-3 Alex Y,Will P,1810.2,1823.3,13.1,Alex Y,2024.3,2011.2,-13.1,0.226,0.524
2026-04-28,Poule,(W) Eugene 5-1 Kirill,Eugene,1691.0,1703.7,12.7,Kirill,1751.8,1736.6,-15.2,0.413,0.507
2026-04-28,Poule,(W) Eric L 5-2 Eugene,Eric L,2093.4,2092.0,-1.4,Eugene,1703.7,1705.0,1.4,0.904,0.054
2026-04-28,Poule,(W) Alex Y 5-2 Alex A,Alex Y,2011.2,2017.3,6.1,Alex A,1935.7,1928.4,-7.3,0.607,0.243
2026-04-28,Poule,(W) Eric L 5-2 Adam S,Eric L,2092.0,2092.2,0.2,Adam S,1799.5,1799.3,-0.2,0.843,0.007
2026-04-28,Poule,(W) Alex A 5-4 Steph,Alex A,1928.4,1929.0,0.6,Steph,1835.6,1835.1,-0.5,0.63,0.02
2026-04-28,Poule,(W) Lukas N 5-2 Colin R,Lukas N,1907.5,1913.5,6.0,Colin R,1829.9,1823.9,-6.0,0.61,0.24
2026-04-28,Poule,(W) Ali 5-2 Oleg,Ali,1868.3,1889.3,21.0,Oleg,1995.9,1980.2,-15.8,0.324,0.526
2026-04-28,Poule,(W) Alex A 5-3 Eugene,Alex A,1929.0,1928.0,-1.0,Eugene,1705.0,1705.9,0.9,0.784,0.034
2026-04-28,Poule,(W) Willie 5-0 Vivian,Willie,1971.0,1983.8,12.8,Vivian,1980.2,1967.3,-12.8,0.487,0.513
2026-04-28,Poule,(W) Eric L 5-2 Alex A,Eric L,2092.2,2095.4,3.2,Alex A,1928.0,1924.1,-3.9,0.72,0.13
2026-04-28,Poule,(W) Willie 5-3 Will P,Willie,1983.8,1984.7,0.9,Will P,1823.3,1822.5,-0.9,0.716,0.034
2026-04-28,Poule,(W) Colin R 5-1 Fedor,Colin R,1823.9,1832.5,8.6,Fedor,1770.3,1758.3,-12.0,0.577,0.343
2026-04-28,Poule,(W) Caden 5-4 Alix S,Caden,1756.3,1754.6,-1.8,Alix S,1592.2,1594.0,1.8,0.72,0.07
2026-04-28,Poule,(W) Vincent 5-4 Eugene,Vincent,1867.0,1865.3,-1.7,Eugene,1705.9,1707.6,1.7,0.717,0.067
2026-04-28,Poule,(W) Fergus 5-3 Caden,Fergus,1689.1,1697.7,8.6,Caden,1754.6,1746.0,-8.6,0.407,0.343
2026-04-28,Poule,(W) Alix S 5-4 Fedor,Alix S,1594.0,1603.2,9.3,Fedor,1758.3,1745.3,-13.0,0.28,0.37
2026-04-28,Poule,(W) Tom T 5-4 Eric L,Tom T,2007.8,2016.0,8.2,Eric L,2095.4,2088.6,-6.8,0.376,0.274
2026-04-28,Poule,(W) Caden 5-2 Marg,Caden,1746.0,1752.9,6.9,Marg,1694.4,1687.5,-6.9,0.574,0.276
2026-04-28,Poule,(W) Fassel 5-1 Ali,Fassel,2078.1,2082.4,4.3,Ali,1889.3,1882.4,-6.9,0.748,0.172
2026-04-28,Poule,(W) Vincent 5-3 Fergus,Vincent,1865.3,1866.0,0.6,Fergus,1697.7,1697.0,-0.6,0.724,0.026
2026-04-28,Poule,(W) Alex Y 5-3 Oleg,Alex Y,2017.3,2022.2,4.9,Oleg,1980.2,1974.3,-5.9,0.553,0.197
2026-04-28,Poule,(W) Ali 5-2 John H,Ali,1882.4,1896.5,14.1,John H,1883.6,1873.1,-10.6,0.498,0.352
2026-04-28,Poule,(W) Will P 5-1 Eugene,Will P,1822.5,1829.0,6.5,Eugene,1707.6,1701.0,-6.5,0.66,0.26
2026-04-28,Poule,(W) Tom T 5-3 Tom S,Tom T,2016.0,2016.2,0.2,Tom S,1831.3,1831.1,-0.2,0.743,0.007
2026-04-28,Poule,(W) Lukas N 5-4 Steph,Lukas N,1913.5,1914.5,1.0,Steph,1835.1,1834.2,-1.0,0.611,0.039
2026-04-28,L1-32,(W) Max V - Caden,Max V,1807.4,1829.6,22.2,Caden,1752.9,1737.0,-15.9,0.578,0.422
2026-04-28,L1-32,(W) Willie - Fergus,Willie,1984.7,1990.7,6.0,Fergus,1697.0,1691.0,-6.0,0.84,0.16
2026-04-28,L1-32,(W) Anna Z - Eugene,Anna Z,1924.8,1934.5,9.8,Eugene,1701.0,1692.9,-8.1,0.784,0.216
2026-04-28,L1-32,(W) Tom S - Fedor,Tom S,1831.1,1848.2,17.1,Fedor,1745.3,1725.3,-20.0,0.621,0.379
2026-04-28,L1-32,(W) John H - Vivian,John H,1873.1,1901.6,28.6,Vivian,1967.3,1943.5,-23.8,0.368,0.632
2026-04-28,L1-32,(W) Alex Y - Kirill,Alex Y,2022.2,2028.3,6.1,Kirill,1736.6,1729.3,-7.3,0.838,0.162
2026-04-28,L1-32,(W) Vincent - Lukas N,Vincent,1866.0,1887.4,21.4,Lukas N,1914.5,1893.1,-21.4,0.431,0.569
2026-04-28,L1-32,(W) Colin R - Alix S,Colin R,1832.5,1840.4,7.9,Alix S,1603.2,1595.3,-7.9,0.789,0.211
2026-04-28,L1-32,(W) Oleg - Steph,Oleg,1974.3,1988.2,13.9,Steph,1834.2,1822.5,-11.6,0.691,0.309
2026-04-28,L1-16,(W) Eric L - Max V,Eric L,2088.6,2096.9,8.3,Max V,1829.6,1818.0,-11.6,0.816,0.184
2026-04-28,L1-16,(W) Willie - Anna Z,Willie,1990.7,2009.7,19.0,Anna Z,1934.5,1911.8,-22.8,0.58,0.42
2026-04-28,L1-16,(W) Alex A - Tom S,Alex A,1924.1,1945.4,21.3,Tom S,1848.2,1826.9,-21.3,0.608,0.392
2026-04-28,L1-16,(W) Tom T - John H,Tom T,2016.2,2034.6,18.5,John H,1901.6,1883.2,-18.5,0.659,0.341
2026-04-28,L1-16,(W) Alex Y - Fassel,Alex Y,2028.3,2054.4,26.1,Fassel,2082.4,2056.4,-26.1,0.423,0.577
2026-04-28,L1-16,(W) Ali - Vincent,Ali,1896.5,1931.7,35.2,Vincent,1887.4,1865.4,-22.0,0.513,0.487
2026-04-28,L1-16,(W) Will P - Colin R,Will P,1829.0,1852.3,23.3,Colin R,1840.4,1817.1,-23.3,0.484,0.516
2026-04-28,L1-16,(W) Greg - Oleg,Greg,2257.2,2265.1,7.9,Oleg,1988.2,1978.7,-9.5,0.825,0.175
2026-04-28,L17-32,(W) Fergus - Eugene,Fergus,1691.0,1706.1,15.1,Eugene,1692.9,1677.8,-15.1,0.497,0.503
2026-04-28,L1-8,(W) Willie - Eric L,Willie,2009.7,2047.2,37.5,Eric L,2096.9,2059.4,-37.5,0.377,0.623
2026-04-28,L1-8,(W) Tom T - Alex A,Tom T,2034.6,2061.7,27.0,Alex A,1945.4,1918.3,-27.0,0.626,0.374
2026-04-28,L1-8,(W) Alex Y - Ali,Alex Y,2054.4,2074.3,19.9,Ali,1931.7,1899.8,-31.8,0.67,0.33
2026-04-28,L1-8,(W) Greg - Will P,Greg,2265.1,2270.2,5.1,Will P,1852.3,1847.2,-5.1,0.915,0.085
2026-04-28,L9-16,(W) Max V - Anna Z,Max V,1818.0,1858.0,39.9,Anna Z,1911.8,1877.5,-34.2,0.368,0.632
2026-04-28,L9-16,(W) John H - Tom S,John H,1883.2,1905.9,22.7,Tom S,1826.9,1804.2,-22.7,0.58,0.42
2026-04-28,L9-16,(W) Vincent - Fassel,Vincent,1865.4,1899.3,33.9,Fassel,2056.4,2022.5,-33.9,0.25,0.75
2026-04-28,L9-16,(W) Colin R - Oleg,Colin R,1817.1,1849.5,32.4,Oleg,1978.7,1939.8,-38.9,0.283,0.717
2026-04-28,L17-24,(W) Fergus - Caden,Fergus,1706.1,1722.5,16.4,Caden,1737.0,1720.6,-16.4,0.456,0.544
2026-04-28,L17-24,(W) Vivian - Fedor,Vivian,1943.5,1950.2,6.7,Fedor,1725.3,1716.0,-9.3,0.778,0.222
2026-04-28,L17-24,(W) Kirill - Lukas N,Kirill,1729.3,1755.3,26.0,Lukas N,1893.1,1871.4,-21.7,0.28,0.72
2026-04-28,L17-24,(W) Steph - Alix S,Steph,1822.5,1829.0,6.4,Alix S,1595.3,1588.9,-6.4,0.787,0.213
2026-04-28,L1-4,(W) Willie - Tom T,Willie,2047.2,2094.2,47.0,Tom T,2061.7,2005.2,-56.5,0.479,0.521
2026-04-28,L1-4,(W) Greg - Alex Y,Greg,2270.2,2292.3,22.1,Alex Y,2074.3,2052.2,-22.1,0.755,0.245
2026-04-28,L5-8,(W) Eric L - Alex A,Eric L,2059.4,2077.9,18.5,Alex A,1918.3,1896.1,-22.2,0.693,0.307
2026-04-28,L5-8,(W) Ali - Will P,Ali,1899.8,1940.8,40.9,Will P,1847.2,1821.6,-25.6,0.575,0.425
2026-04-28,L9-12,(W) Max V - John H,Max V,1858.0,1893.9,35.9,John H,1905.9,1875.1,-30.8,0.431,0.569
2026-04-28,L9-12,(W) Colin R - Vincent,Colin R,1849.5,1875.3,25.8,Vincent,1899.3,1873.5,-25.8,0.429,0.571
2026-04-28,L13-16,(W) Anna Z - Tom S,Anna Z,1877.5,1896.1,18.6,Tom S,1804.2,1785.6,-18.6,0.604,0.396
2026-04-28,L13-16,(W) Fassel - Oleg,Fassel,2022.5,2037.5,15.0,Oleg,1939.8,1921.8,-18.0,0.617,0.383
2026-04-28,L17-20,(W) Vivian - Fergus,Vivian,1950.2,1956.6,6.4,Fergus,1722.5,1716.1,-6.4,0.788,0.212
2026-04-28,L17-20,(W) Steph - Kirill,Steph,1829.0,1840.9,11.9,Kirill,1755.3,1741.0,-14.3,0.604,0.396
2026-04-28,L21-24,(W) Fedor - Caden,Fedor,1716.0,1737.3,21.4,Caden,1720.6,1705.4,-15.3,0.493,0.507
2026-04-28,L21-24,(W) Lukas N - Alix S,Lukas N,1871.4,1876.4,4.9,Alix S,1588.9,1583.9,-4.9,0.836,0.164
2026-04-28,L1-2,(W) Greg - Willie,Greg,2292.3,2321.5,29.2,Willie,2094.2,2065.0,-29.2,0.758,0.242
2026-04-28,L3-4,(W) Tom T - Alex Y,Tom T,2005.2,2046.2,41.0,Alex Y,2052.2,2018.0,-34.1,0.433,0.567
2026-04-28,L5-6,(W) Eric L - Ali,Eric L,2077.9,2087.3,9.4,Ali,1940.8,1925.7,-15.0,0.688,0.312
2026-04-28,L7-8,(W) Alex A - Will P,Alex A,1896.1,1910.4,14.2,Will P,1821.6,1809.7,-11.9,0.606,0.394
2026-04-28,L9-10,(W) Colin R - Max V,Colin R,1875.3,1891.1,15.9,Max V,1893.9,1871.7,-22.2,0.473,0.527
2026-04-28,L11-12,(W) Vincent - John H,Vincent,1873.5,1888.6,15.1,John H,1875.1,1857.0,-18.1,0.498,0.502
2026-04-28,L13-14,(W) Anna Z - Fassel,Anna Z,1896.1,1921.2,25.0,Fassel,2037.5,2016.6,-20.9,0.307,0.693
2026-04-28,L15-16,(W) Tom S - Oleg,Tom S,1785.6,1810.4,24.8,Oleg,1921.8,1897.0,-24.8,0.313,0.687
2026-04-28,L17-18,(W) Vivian - Steph,Vivian,1956.6,1966.8,10.2,Steph,1840.9,1830.6,-10.2,0.661,0.339
2026-04-28,L19-20,(W) Fergus - Kirill,Fergus,1716.1,1732.2,16.1,Kirill,1741.0,1721.7,-19.4,0.464,0.536
2026-04-28,L21-22,(W) Fedor - Lukas N,Fedor,1737.3,1766.4,29.1,Lukas N,1876.4,1855.6,-20.8,0.31,0.69
2026-04-28,L23-24,(W) Caden - Alix S,Caden,1705.4,1715.4,10.0,Alix S,1583.9,1573.9,-10.0,0.668,0.332
2026-05-05,Poule,(W) Willie 5-2 Joshua,Willie,2080.0,2078.1,-1.9,Joshua,1637.4,1639.4,1.9,0.927,0.077
2026-05-05,Poule,(W) Eric L 5-2 Alejo,Eric L,2087.3,2092.6,5.3,Alejo,1989.1,1983.8,-5.3,0.638,0.212
2026-05-05,Poule,(W) Steph 5-1 Joshua,Steph,1830.6,1834.9,4.2,Joshua,1639.4,1635.1,-4.2,0.75,0.17
2026-05-05,Poule,(W) Vadym 5-1 Marinko,Vadym,1885.1,1889.0,3.9,Marinko,1680.7,1676.0,-4.7,0.764,0.156
2026-05-05,Poule,(W) Vincent 5-0 Kirill,Vincent,1888.6,1895.5,6.9,Kirill,1721.7,1713.4,-8.3,0.723,0.277
2026-05-05,Poule,(W) Willie 5-3 Alejo,Willie,2078.1,2081.0,2.9,Alejo,1983.8,1980.9,-2.9,0.632,0.118
2026-05-05,Poule,(W) Fergus 5-4 Joshua,Fergus,1732.2,1732.6,0.3,Joshua,1635.1,1634.8,-0.3,0.636,0.014
2026-05-05,Poule,(W) Anna A 5-3 Anna Z,Anna A,1895.0,1902.2,7.2,Anna Z,1921.2,1912.5,-8.6,0.462,0.288
2026-05-05,Poule,(W) Max V 5-3 Joshua,Max V,1871.7,1870.1,-1.6,Joshua,1634.8,1635.9,1.2,0.796,0.046
2026-05-05,Poule,(W) Anna A 5-3 Will P,Anna A,1902.2,1905.2,3.0,Will P,1809.7,1806.7,-3.0,0.63,0.12
2026-05-05,Poule,(W) Richard B 5-3 Vivian,Richard B,1848.2,1858.6,10.4,Vivian,1966.8,1956.5,-10.4,0.336,0.414
2026-05-05,Poule,(W) Anna Z 5-1 Marg,Anna Z,1912.5,1916.6,4.0,Marg,1687.5,1684.1,-3.4,0.785,0.135
2026-05-05,Poule,(W) Anna A 5-3 Fedor,Anna A,1905.2,1906.7,1.5,Fedor,1766.4,1764.3,-2.1,0.69,0.06
2026-05-05,Poule,(W) Vadym 5-3 Tom S,Vadym,1889.0,1892.5,3.5,Tom S,1810.4,1806.2,-4.2,0.611,0.139
2026-05-05,Poule,(W) Will P 5-3 Richard B,Will P,1806.7,1814.8,8.1,Richard B,1858.6,1850.5,-8.1,0.426,0.324
2026-05-05,Poule,(W) Will P 5-1 Nat,Will P,1814.8,1818.1,3.3,Nat,1585.6,1581.7,-3.9,0.789,0.131
2026-05-05,Poule,(W) Vincent 5-4 Steph,Vincent,1895.5,1897.1,1.6,Steph,1834.9,1833.3,-1.6,0.586,0.064
2026-05-05,Poule,(W) Matilda 5-2 Joshua,Matilda,1666.7,1675.9,9.2,Joshua,1635.9,1628.3,-7.6,0.544,0.306
2026-05-05,Poule,(W) Darran 5-1 Kirill,Darran,1937.9,1941.9,4.1,Kirill,1713.4,1709.3,-4.1,0.785,0.135
2026-05-05,Poule,(W) Anna A 5-4 Mark M,Anna A,1906.7,1907.2,0.5,Mark M,1814.3,1813.5,-0.8,0.63,0.02
2026-05-05,Poule,(W) Darran 5-0 Fedor,Darran,1941.9,1949.9,7.9,Fedor,1764.3,1755.1,-9.3,0.735,0.265
2026-05-05,Poule,(W) Greg 5-4 Alix S,Greg,2346.5,2338.0,-8.5,Alix S,1573.9,1582.4,8.5,0.988,0.338
2026-05-05,Poule,(W) Max V 5-2 Marinko,Max V,1870.1,1873.5,3.4,Marinko,1676.0,1673.1,-2.9,0.753,0.097
2026-05-05,Poule,(W) Richard B 5-1 Alix S,Richard B,1850.5,1852.9,2.4,Alix S,1582.4,1580.0,-2.4,0.824,0.096
2026-05-05,Poule,(W) Joshua 5-2 Fedor,Joshua,1628.3,1641.4,13.1,Fedor,1755.1,1736.7,-18.4,0.325,0.525
2026-05-05,Poule,(W) Willie 5-4 Nat,Willie,2081.0,2073.6,-7.4,Nat,1581.7,1590.6,8.9,0.947,0.297
2026-05-05,Poule,(W) Greg 5-4 Vivian,Greg,2338.0,2331.8,-6.2,Vivian,1956.5,1962.7,6.2,0.9,0.25
2026-05-05,Poule,(W) Greg 5-1 Nat,Greg,2331.8,2330.1,-1.7,Nat,1590.6,1592.5,2.0,0.986,0.066
2026-05-05,Poule,(W) Alix S 5-4 Fergus,Alix S,1580.0,1588.9,8.9,Fergus,1732.6,1723.7,-8.9,0.294,0.356
2026-05-05,Poule,(W) Darran 5-2 Fassel,Darran,1949.9,1963.2,13.3,Fassel,2016.6,2005.5,-11.1,0.405,0.445
2026-05-05,Poule,(W) Tom S 5-3 Fassel,Tom S,1806.2,1821.5,15.3,Fassel,2005.5,1992.8,-12.7,0.241,0.509
2026-05-05,Poule,(W) Fassel 5-1 Vivian,Fassel,1992.8,2002.2,9.4,Vivian,1962.7,1953.3,-9.4,0.543,0.377
2026-05-05,Poule,(W) Tom T 5-4 Max V,Tom T,2054.2,2051.5,-2.7,Max V,1873.5,1876.6,3.1,0.739,0.089
2026-05-05,Poule,(W) Anna Z 5-1 Nat,Anna Z,1916.6,1918.2,1.6,Nat,1592.5,1590.9,-1.6,0.866,0.054
2026-05-05,Poule,(W) Max V 5-2 Tom S,Max V,1876.6,1886.1,9.5,Tom S,1821.5,1813.3,-8.1,0.579,0.271
2026-05-05,Poule,(W) Fassel 5-4 Vincent,Fassel,2002.2,2002.3,0.1,Vincent,1897.1,1897.0,-0.1,0.647,0.003
2026-05-05,Poule,(W) Anna Z 5-3 Alix S,Anna Z,1918.2,1914.6,-3.6,Alix S,1588.9,1591.9,3.0,0.869,0.119
2026-05-05,Poule,(W) Joshua 5-3 Vincent,Joshua,1641.4,1655.5,14.1,Vincent,1897.0,1883.0,-14.1,0.187,0.563
2026-05-05,Poule,(W) Greg 5-4 Fassel,Greg,2330.1,2324.6,-5.5,Fassel,2002.3,2007.7,5.5,0.868,0.218
2026-05-05,Poule,(W) Eric L 5-1 Anna A,Eric L,2092.6,2097.0,4.4,Anna A,1907.2,1902.8,-4.4,0.744,0.176
2026-05-05,Poule,(W) Fedor 5-3 Willie,Fedor,1736.7,1758.5,21.9,Willie,2073.6,2058.0,-15.6,0.126,0.624
2026-05-05,Poule,(W) Tom T 5-2 Vadym,Tom T,2051.5,2055.6,4.1,Vadym,1892.5,1889.1,-3.4,0.714,0.136
2026-05-05,Poule,(W) Anna Z 5-3 Will P,Anna Z,1914.6,1918.1,3.4,Will P,1818.1,1815.3,-2.9,0.635,0.115
2026-05-05,Poule,(W) Darran 5-2 Vadym,Darran,1963.2,1970.6,7.3,Vadym,1889.1,1883.0,-6.1,0.605,0.245
2026-05-05,Poule,(W) Vivian 5-4 Darran,Vivian,1953.3,1957.7,4.4,Darran,1970.6,1965.3,-5.2,0.475,0.175
2026-05-05,Poule,(W) Darran 5-0 Fergus,Darran,1965.3,1971.3,6.0,Fergus,1723.7,1718.7,-5.0,0.801,0.199
2026-05-05,Poule,(W) Vincent 5-2 Vivian,Vincent,1883.0,1894.4,11.4,Vivian,1957.7,1946.3,-11.4,0.394,0.456
2026-05-05,Poule,(W) Willie 5-4 Eric L,Willie,2058.0,2063.2,5.1,Eric L,2097.0,2091.9,-5.1,0.444,0.206
2026-05-05,Poule,(W) Fedor 5-4 Max V,Fedor,1758.5,1769.9,11.4,Max V,1886.1,1874.7,-11.4,0.324,0.326
2026-05-05,Poule,(W) Fassel 5-4 Eric L,Fassel,2007.7,2014.5,6.7,Eric L,2091.9,2085.2,-6.7,0.381,0.269
2026-05-05,Poule,(W) Marg 5-2 Marinko,Marg,1684.1,1692.5,8.4,Marinko,1673.1,1663.1,-10.0,0.516,0.334
2026-05-05,Poule,(W) Mark M 5-3 Richard B,Mark M,1813.5,1825.7,12.3,Richard B,1852.9,1845.2,-7.7,0.444,0.306
2026-05-05,Poule,(W) Vadym 5-4 Mark M,Vadym,1883.0,1884.7,1.7,Mark M,1825.7,1823.0,-2.7,0.582,0.068
2026-05-05,Poule,(W) Darran 5-4 Tom T,Darran,1971.3,1979.4,8.1,Tom T,2055.6,2047.5,-8.1,0.381,0.269
2026-05-05,Poule,(W) Richard B 5-4 Vincent,Richard B,1845.2,1850.7,5.5,Vincent,1894.4,1888.8,-5.5,0.43,0.22
2026-05-05,Poule,(W) Fergus 5-4 Alejo,Fergus,1718.7,1730.4,11.7,Alejo,1980.9,1969.2,-11.7,0.181,0.469
2026-05-05,Poule,(W) Greg 5-2 Tom S,Greg,2324.6,2322.1,-2.5,Tom S,1813.3,1816.3,3.0,0.95,0.1
2026-05-05,Poule,(W) Vincent 5-3 Max V,Vincent,1888.8,1894.6,5.7,Max V,1874.7,1866.6,-8.0,0.52,0.23
2026-05-05,Poule,(W) Fassel 5-3 Will P,Fassel,2014.5,2014.2,-0.2,Will P,1815.3,1815.5,0.2,0.759,0.009
2026-05-05,Poule,(W) Kirill 5-3 Will P,Kirill,1709.3,1721.3,11.9,Will P,1815.5,1805.5,-10.0,0.352,0.398
2026-05-05,Poule,(W) Vadym 5-4 Marg,Vadym,1884.7,1882.1,-2.5,Marg,1692.5,1695.0,2.5,0.751,0.101
2026-05-05,Poule,(W) Kirill 5-4 Steph,Kirill,1721.3,1730.4,9.2,Steph,1833.3,1825.6,-7.6,0.344,0.306
2026-05-05,Poule,(W) Willie 5-2 Tom T,Willie,2063.2,2071.4,8.2,Tom T,2047.5,2037.7,-9.8,0.522,0.328
2026-05-05,Poule,(W) Tom T 5-4 Eric L,Tom T,2037.7,2044.3,6.5,Eric L,2085.2,2079.7,-5.4,0.432,0.218
2026-05-05,Poule,(W) Greg 5-2 Max V,Greg,2322.1,2320.1,-2.1,Max V,1866.6,1869.1,2.5,0.932,0.082
2026-05-05,Poule,(W) Tom S 5-3 Fergus,Tom S,1816.3,1820.2,3.9,Fergus,1730.4,1727.2,-3.2,0.621,0.129
2026-05-05,Poule,(W) Vadym 5-1 Steph,Vadym,1882.1,1890.6,8.5,Steph,1825.6,1817.2,-8.5,0.581,0.339
2026-05-05,Poule,(W) Vadym 5-3 Matilda,Vadym,1890.6,1890.0,-0.6,Matilda,1675.9,1676.6,0.7,0.775,0.025
2026-05-05,Poule,(W) Vincent 5-3 Alix S,Vincent,1894.6,1892.1,-2.5,Alix S,1591.9,1594.4,2.5,0.851,0.101
2026-05-05,Poule,(W) Anna Z 5-2 Mark M,Anna Z,1918.1,1924.6,6.5,Mark M,1823.0,1814.3,-8.7,0.633,0.217
2026-05-05,Poule,(W) Steph 5-4 Max V,Steph,1817.2,1822.8,5.6,Max V,1869.1,1862.4,-6.7,0.426,0.224
2026-05-05,Poule,(W) Alejo 5-3 Fedor,Alejo,1969.2,1968.9,-0.2,Fedor,1769.9,1770.3,0.3,0.759,0.009
2026-05-05,Poule,(W) Tom S 5-2 Kirill,Tom S,1820.2,1826.9,6.7,Kirill,1730.4,1723.7,-6.7,0.626,0.224
2026-05-05,Poule,(W) Alejo 5-4 Marg,Alejo,1968.9,1964.5,-4.5,Marg,1695.0,1699.5,4.5,0.829,0.179
2026-05-05,Poule,(W) Fergus 5-4 Matilda,Fergus,1727.2,1729.1,1.9,Matilda,1676.6,1674.3,-2.3,0.572,0.078
2026-05-05,Poule,(W) Greg 5-4 Eric L,Greg,2320.1,2316.4,-3.7,Eric L,2079.7,2083.4,3.7,0.8,0.15
2026-05-05,Poule,(W) Anna A 5-1 Marg,Anna A,1902.8,1906.7,3.9,Marg,1699.5,1695.6,-3.9,0.763,0.157
2026-05-05,Poule,(W) Willie 5-2 Darran,Willie,2071.4,2076.9,5.5,Darran,1979.4,1972.7,-6.6,0.629,0.221
2026-05-05,Poule,(W) Fassel 5-3 Kirill,Fassel,2014.2,2011.9,-2.3,Kirill,1723.7,1726.5,2.8,0.842,0.092
2026-05-05,Poule,(W) Steph 5-3 Eric L,Steph,1822.8,1837.0,14.2,Eric L,2083.4,2069.3,-14.2,0.182,0.568
2026-05-05,Poule,(W) Darran 5-2 Alejo,Darran,1972.7,1982.9,10.1,Alejo,1964.5,1956.0,-8.5,0.512,0.338
2026-05-05,Poule,(W) Marinko 5-3 Matilda,Marinko,1663.1,1671.1,8.0,Matilda,1674.3,1666.3,-8.0,0.484,0.266
2026-05-05,Poule,(W) Alejo 5-4 Vadym,Alejo,1956.0,1957.4,1.4,Vadym,1890.0,1888.6,-1.4,0.594,0.056
2026-05-05,Poule,(W) Matilda 5-3 Fedor,Matilda,1666.3,1678.2,11.9,Fedor,1770.3,1756.4,-13.8,0.355,0.395
2026-05-05,Poule,(W) Steph 5-3 Vivian,Steph,1837.0,1847.0,10.1,Vivian,1946.3,1936.2,-10.1,0.348,0.402
2026-05-05,Poule,(W) Steph 5-4 Tom S,Steph,1847.0,1850.0,3.0,Tom S,1826.9,1823.3,-3.6,0.529,0.121
2026-05-05,Poule,(W) Matilda 5-4 Kirill,Matilda,1678.2,1684.7,6.6,Kirill,1726.5,1719.9,-6.6,0.431,0.219
2026-05-05,Poule,(W) Matilda 5-2 Alix S,Matilda,1684.7,1691.4,6.7,Alix S,1594.4,1588.8,-5.6,0.627,0.223
2026-05-05,Poule,(W) Willie 5-1 Marinko,Willie,2076.9,2077.1,0.2,Marinko,1671.1,1670.8,-0.2,0.912,0.008
2026-05-05,Poule,(W) Alix S 5-2 Mark M,Alix S,1588.8,1604.7,15.9,Mark M,1814.3,1788.9,-25.4,0.214,0.636
2026-05-05,Poule,(W) Fassel 5-2 Marinko,Fassel,2011.9,2011.3,-0.7,Marinko,1670.8,1671.6,0.8,0.877,0.027
2026-05-05,Poule,(W) Fedor 5-2 Eric L,Fedor,1756.4,1781.2,24.8,Eric L,2069.3,2051.5,-17.7,0.142,0.708
2026-05-05,Poule,(W) Anna Z 5-2 Matilda,Anna Z,1924.6,1926.3,1.7,Matilda,1691.4,1689.7,-1.7,0.793,0.057
2026-05-05,Poule,(W) Tom S 5-1 Nat,Tom S,1823.3,1827.1,3.8,Nat,1590.9,1587.1,-3.8,0.792,0.128
2026-05-05,Poule,(W) Fassel 5-0 Alejo,Fassel,2011.3,2021.8,10.6,Alejo,1957.4,1946.8,-10.6,0.577,0.423
2026-05-05,Poule,(W) Kirill 5-3 Alix S,Kirill,1719.9,1722.6,2.7,Alix S,1604.7,1602.5,-2.3,0.66,0.09
2026-05-05,Poule,(W) Vincent 5-3 Willie,Vincent,1892.1,1904.4,12.3,Willie,2077.1,2064.7,-12.3,0.256,0.494
2026-05-05,L1-32,(W) Alejo - Will P,Alejo,1946.8,1958.0,11.2,Will P,1805.5,1794.4,-11.2,0.693,0.307
2026-05-05,L1-32,(W) Vivian - Matilda,Vivian,1936.2,1943.3,7.1,Matilda,1689.7,1681.2,-8.5,0.805,0.195
2026-05-05,L1-32,(W) Max V - Kirill,Max V,1862.4,1875.8,13.5,Kirill,1722.6,1709.1,-13.5,0.691,0.309
2026-05-05,L1-32,(W) Fergus - Alix S,Fergus,1729.1,1741.0,11.8,Alix S,1602.5,1590.7,-11.8,0.675,0.325
2026-05-05,L1-32,(W) Tom S - Marinko,Tom S,1827.1,1839.8,12.6,Marinko,1671.6,1659.0,-12.6,0.71,0.29
2026-05-05,L1-32,(W) Tom T - Nat,Tom T,2044.3,2047.2,2.9,Nat,1587.1,1584.2,-2.9,0.933,0.067
2026-05-05,L1-32,(W) Eric L - Fedor,Eric L,2051.5,2057.9,6.3,Fedor,1781.2,1772.3,-8.9,0.826,0.174
2026-05-05,L1-16,(W) Alejo - Darran,Alejo,1958.0,1981.3,23.3,Darran,1982.9,1954.9,-28.0,0.464,0.536
2026-05-05,L1-16,(W) Richard B - Steph,Richard B,1850.7,1872.5,21.7,Steph,1850.0,1828.3,-21.7,0.501,0.499
2026-05-05,L1-16,(W) Willie - Vivian,Willie,2064.7,2079.2,14.5,Vivian,1943.3,1928.8,-14.5,0.668,0.332
2026-05-05,L1-16,(W) Fassel - Max V,Fassel,2021.8,2035.0,13.1,Max V,1875.8,1860.1,-15.8,0.699,0.301
2026-05-05,L1-16,(W) Greg - Fergus,Greg,2316.4,2317.9,1.5,Fergus,1741.0,1739.4,-1.5,0.965,0.035
2026-05-05,L1-16,(W) Anna Z - Tom S,Anna Z,1926.3,1946.0,19.8,Tom S,1839.8,1820.0,-19.8,0.622,0.378
2026-05-05,L1-16,(W) Tom T - Vadym,Tom T,2047.2,2062.2,15.0,Vadym,1888.6,1876.1,-12.5,0.714,0.286
2026-05-05,L1-16,(W) Vincent - Eric L,Vincent,1904.4,1935.2,30.8,Eric L,2057.9,2027.0,-30.8,0.292,0.708
2026-05-05,L1-8,(W) Alejo - Richard B,Alejo,1981.3,2001.6,20.2,Richard B,1872.5,1852.2,-20.2,0.652,0.348
2026-05-05,L1-8,(W) Fassel - Willie,Fassel,2035.0,2067.7,32.7,Willie,2079.2,2046.5,-32.7,0.437,0.563
2026-05-05,L1-8,(W) Greg - Anna Z,Greg,2317.9,2324.0,6.1,Anna Z,1946.0,1938.7,-7.3,0.895,0.105
2026-05-05,L1-8,(W) Tom T - Vincent,Tom T,2062.2,2084.8,22.7,Vincent,1935.2,1916.3,-18.9,0.675,0.325
2026-05-05,L9-16,(W) Darran - Steph,Darran,1954.9,1971.9,17.0,Steph,1828.3,1814.1,-14.2,0.674,0.326
2026-05-05,L9-16,(W) Max V - Vivian,Max V,1860.1,1891.3,31.2,Vivian,1928.8,1902.8,-26.0,0.402,0.598
2026-05-05,L9-16,(W) Tom S - Fergus,Tom S,1820.0,1840.2,20.2,Fergus,1739.4,1722.6,-16.8,0.614,0.386
2026-05-05,L9-16,(W) Vadym - Eric L,Vadym,1876.1,1906.8,30.7,Eric L,2027.0,1996.3,-30.7,0.295,0.705
2026-05-05,L17-24,(W) Kirill - Matilda,Kirill,1709.1,1725.2,16.0,Matilda,1681.2,1665.2,-16.0,0.54,0.46
2026-05-05,L17-24,(W) Marinko - Alix S,Marinko,1659.0,1673.0,14.0,Alix S,1590.7,1579.0,-11.7,0.597,0.403
2026-05-05,L17-24,(W) Fedor - Nat,Fedor,1772.3,1782.6,10.3,Nat,1584.2,1575.3,-8.8,0.747,0.253
2026-05-05,L1-4,(W) Fassel - Alejo,Fassel,2067.7,2103.1,35.4,Alejo,2001.6,1966.2,-35.4,0.594,0.406
2026-05-05,L1-4,(W) Greg - Tom T,Greg,2324.0,2341.6,17.6,Tom T,2084.8,2063.7,-21.1,0.798,0.202
2026-05-05,L5-8,(W) Willie - Richard B,Willie,2046.5,2060.8,14.3,Richard B,1852.2,1837.9,-14.3,0.754,0.246
2026-05-05,L5-8,(W) Vincent - Anna Z,Vincent,1916.3,1947.3,30.9,Anna Z,1938.7,1901.6,-37.1,0.468,0.532
2026-05-05,L9-12,(W) Darran - Max V,Darran,1971.9,1992.1,20.2,Max V,1891.3,1871.1,-20.2,0.614,0.386
2026-05-05,L9-12,(W) Vadym - Tom S,Vadym,1906.8,1924.5,17.7,Tom S,1840.2,1819.0,-21.2,0.595,0.405
2026-05-05,L13-16,(W) Steph - Vivian,Steph,1814.1,1837.7,23.6,Vivian,1902.8,1879.2,-23.6,0.375,0.625
2026-05-05,L13-16,(W) Fergus - Eric L,Fergus,1722.6,1753.9,31.3,Eric L,1996.3,1965.1,-31.3,0.171,0.829
2026-05-05,L17-20,(W) Will P - Kirill,Will P,1794.4,1806.0,11.7,Kirill,1725.2,1711.2,-14.0,0.598,0.402
2026-05-05,L17-20,(W) Fedor - Marinko,Fedor,1782.6,1796.8,14.1,Marinko,1673.0,1660.9,-12.1,0.653,0.347
2026-05-05,L21-24,(W) Nat - Alix S,Nat,1575.3,1593.0,17.6,Alix S,1579.0,1564.3,-14.7,0.495,0.505
2026-05-05,L1-2,(W) Greg - Fassel,Greg,2341.6,2365.0,23.5,Fassel,2103.1,2079.6,-23.5,0.798,0.202
2026-05-05,L3-4,(W) Tom T - Alejo,Tom T,2063.7,2089.1,25.3,Alejo,1966.2,1945.1,-21.1,0.637,0.363
2026-05-05,L5-6,(W) Vincent - Willie,Vincent,1947.3,1966.4,19.1,Willie,2060.8,2041.7,-19.1,0.342,0.658
2026-05-05,L7-8,(W) Anna Z - Richard B,Anna Z,1901.6,1915.9,14.3,Richard B,1837.9,1826.0,-11.9,0.591,0.409
2026-05-05,L9-10,(W) Vadym - Darran,Vadym,1924.5,1941.8,17.3,Darran,1992.1,1971.3,-20.8,0.404,0.596
2026-05-05,L11-12,(W) Max V - Tom S,Max V,1871.1,1886.0,14.8,Tom S,1819.0,1804.2,-14.8,0.574,0.426
2026-05-05,L13-14,(W) Steph - Fergus,Steph,1837.7,1848.8,11.1,Fergus,1753.9,1742.8,-11.1,0.618,0.382
2026-05-05,L15-16,(W) Vivian - Eric L,Vivian,1879.2,1897.2,18.0,Eric L,1965.1,1947.0,-18.0,0.379,0.621
2026-05-05,L17-18,(W) Fedor - Will P,Fedor,1796.8,1817.6,20.9,Will P,1806.0,1791.1,-14.9,0.487,0.513
2026-05-05,L19-20,(W) Marinko - Kirill,Marinko,1660.9,1680.9,19.9,Kirill,1711.2,1691.2,-19.9,0.428,0.572
2026-05-05,L21-22,(W) Nat - Matilda,Nat,1593.0,1614.0,21.0,Matilda,1665.2,1644.2,-21.0,0.398,0.602
